"Correlation_Id","Dispatch_Id","Agent_Id","Queue_Id","Process_Id","Thread_Id","Grid_Size","Kernel_Id","Kernel_Name","Workgroup_Size","LDS_Block_Size","Scratch_Size","VGPR_Count","Accum_VGPR_Count","SGPR_Count","Counter_Name","Counter_Value","Start_Timestamp","End_Timestamp"
1,1,"Agent 2",1,1096245,1096245,524288,66,"void at::native::(anonymous namespace)::distribution_elementwise_grid_stride_kernel<unsigned int, 4, at::native::templates::cuda::random_from_to_kernel<at::CUDAGeneratorImpl*>(at::TensorIteratorBase&, unsigned long, long, at::CUDAGeneratorImpl*)::{lambda()#1}::operator()() const::{lambda()#1}::operator()() const::{lambda(hiprandStatePhilox4_32_10*)#2}, at::native::(anonymous namespace)::distribution_nullary_kernel<unsigned char, unsigned int, HIP_vector_type<unsigned int, 4u>, at::CUDAGeneratorImpl*, at::native::templates::cuda::random_from_to_kernel<at::CUDAGeneratorImpl*>(at::TensorIteratorBase&, unsigned long, long, at::CUDAGeneratorImpl*)::{lambda()#1}::operator()() const::{lambda()#1}::operator()() const::{lambda(hiprandStatePhilox4_32_10*)#2}, at::native::templates::cuda::random_from_to_kernel<at::CUDAGeneratorImpl*>(at::TensorIteratorBase&, unsigned long, long, at::CUDAGeneratorImpl*)::{lambda()#1}::operator()() const::{lambda()#1}::operator()() const::{lambda(unsigned int)#1}>(at::TensorIteratorBase&, at::CUDAGeneratorImpl*, at::native::templates::cuda::random_from_to_kernel<at::CUDAGeneratorImpl*>(at::TensorIteratorBase&, unsigned long, long, at::CUDAGeneratorImpl*)::{lambda()#1}::operator()() const::{lambda()#1}::operator()() const::{lambda(hiprandStatePhilox4_32_10*)#2} const&, at::native::templates::cuda::random_from_to_kernel<at::CUDAGeneratorImpl*>(at::TensorIteratorBase&, unsigned long, long, at::CUDAGeneratorImpl*)::{lambda()#1}::operator()() const::{lambda()#1}::operator()() const::{lambda(unsigned int)#1})::{lambda(int, unsigned int)#1}>(long, at::PhiloxCudaState, at::native::templates::cuda::random_from_to_kernel<at::CUDAGeneratorImpl*>(at::TensorIteratorBase&, unsigned long, long, at::CUDAGeneratorImpl*)::{lambda()#1}::operator()() const::{lambda()#1}::operator()() const::{lambda(hiprandStatePhilox4_32_10*)#2}, at::native::(anonymous namespace)::distribution_nullary_kernel<unsigned char, unsigned int, HIP_vector_type<unsigned int, 4u>, at::CUDAGeneratorImpl*, at::native::templates::cuda::random_from_to_kernel<at::CUDAGeneratorImpl*>(at::TensorIteratorBase&, unsigned long, long, at::CUDAGeneratorImpl*)::{lambda()#1}::operator()() const::{lambda()#1}::operator()() const::{lambda(hiprandStatePhilox4_32_10*)#2}, at::native::templates::cuda::random_from_to_kernel<at::CUDAGeneratorImpl*>(at::TensorIteratorBase&, unsigned long, long, at::CUDAGeneratorImpl*)::{lambda()#1}::operator()() const::{lambda()#1}::operator()() const::{lambda(unsigned int)#1}>(at::TensorIteratorBase&, at::CUDAGeneratorImpl*, at::native::templates::cuda::random_from_to_kernel<at::CUDAGeneratorImpl*>(at::TensorIteratorBase&, unsigned long, long, at::CUDAGeneratorImpl*)::{lambda()#1}::operator()() const::{lambda()#1}::operator()() const::{lambda(hiprandStatePhilox4_32_10*)#2} const&, at::native::templates::cuda::random_from_to_kernel<at::CUDAGeneratorImpl*>(at::TensorIteratorBase&, unsigned long, long, at::CUDAGeneratorImpl*)::{lambda()#1}::operator()() const::{lambda()#1}::operator()() const::{lambda(unsigned int)#1})::{lambda(int, unsigned int)#1})",256,0,0,32,0,48,"SQC_ICACHE_HITS",39436247.000000,470203274235861,470203274576904
1,1,"Agent 2",1,1096245,1096245,524288,66,"void at::native::(anonymous namespace)::distribution_elementwise_grid_stride_kernel<unsigned int, 4, at::native::templates::cuda::random_from_to_kernel<at::CUDAGeneratorImpl*>(at::TensorIteratorBase&, unsigned long, long, at::CUDAGeneratorImpl*)::{lambda()#1}::operator()() const::{lambda()#1}::operator()() const::{lambda(hiprandStatePhilox4_32_10*)#2}, at::native::(anonymous namespace)::distribution_nullary_kernel<unsigned char, unsigned int, HIP_vector_type<unsigned int, 4u>, at::CUDAGeneratorImpl*, at::native::templates::cuda::random_from_to_kernel<at::CUDAGeneratorImpl*>(at::TensorIteratorBase&, unsigned long, long, at::CUDAGeneratorImpl*)::{lambda()#1}::operator()() const::{lambda()#1}::operator()() const::{lambda(hiprandStatePhilox4_32_10*)#2}, at::native::templates::cuda::random_from_to_kernel<at::CUDAGeneratorImpl*>(at::TensorIteratorBase&, unsigned long, long, at::CUDAGeneratorImpl*)::{lambda()#1}::operator()() const::{lambda()#1}::operator()() const::{lambda(unsigned int)#1}>(at::TensorIteratorBase&, at::CUDAGeneratorImpl*, at::native::templates::cuda::random_from_to_kernel<at::CUDAGeneratorImpl*>(at::TensorIteratorBase&, unsigned long, long, at::CUDAGeneratorImpl*)::{lambda()#1}::operator()() const::{lambda()#1}::operator()() const::{lambda(hiprandStatePhilox4_32_10*)#2} const&, at::native::templates::cuda::random_from_to_kernel<at::CUDAGeneratorImpl*>(at::TensorIteratorBase&, unsigned long, long, at::CUDAGeneratorImpl*)::{lambda()#1}::operator()() const::{lambda()#1}::operator()() const::{lambda(unsigned int)#1})::{lambda(int, unsigned int)#1}>(long, at::PhiloxCudaState, at::native::templates::cuda::random_from_to_kernel<at::CUDAGeneratorImpl*>(at::TensorIteratorBase&, unsigned long, long, at::CUDAGeneratorImpl*)::{lambda()#1}::operator()() const::{lambda()#1}::operator()() const::{lambda(hiprandStatePhilox4_32_10*)#2}, at::native::(anonymous namespace)::distribution_nullary_kernel<unsigned char, unsigned int, HIP_vector_type<unsigned int, 4u>, at::CUDAGeneratorImpl*, at::native::templates::cuda::random_from_to_kernel<at::CUDAGeneratorImpl*>(at::TensorIteratorBase&, unsigned long, long, at::CUDAGeneratorImpl*)::{lambda()#1}::operator()() const::{lambda()#1}::operator()() const::{lambda(hiprandStatePhilox4_32_10*)#2}, at::native::templates::cuda::random_from_to_kernel<at::CUDAGeneratorImpl*>(at::TensorIteratorBase&, unsigned long, long, at::CUDAGeneratorImpl*)::{lambda()#1}::operator()() const::{lambda()#1}::operator()() const::{lambda(unsigned int)#1}>(at::TensorIteratorBase&, at::CUDAGeneratorImpl*, at::native::templates::cuda::random_from_to_kernel<at::CUDAGeneratorImpl*>(at::TensorIteratorBase&, unsigned long, long, at::CUDAGeneratorImpl*)::{lambda()#1}::operator()() const::{lambda()#1}::operator()() const::{lambda(hiprandStatePhilox4_32_10*)#2} const&, at::native::templates::cuda::random_from_to_kernel<at::CUDAGeneratorImpl*>(at::TensorIteratorBase&, unsigned long, long, at::CUDAGeneratorImpl*)::{lambda()#1}::operator()() const::{lambda()#1}::operator()() const::{lambda(unsigned int)#1})::{lambda(int, unsigned int)#1})",256,0,0,32,0,48,"SQC_ICACHE_REQ",39452672.000000,470203274235861,470203274576904
1,1,"Agent 2",1,1096245,1096245,524288,66,"void at::native::(anonymous namespace)::distribution_elementwise_grid_stride_kernel<unsigned int, 4, at::native::templates::cuda::random_from_to_kernel<at::CUDAGeneratorImpl*>(at::TensorIteratorBase&, unsigned long, long, at::CUDAGeneratorImpl*)::{lambda()#1}::operator()() const::{lambda()#1}::operator()() const::{lambda(hiprandStatePhilox4_32_10*)#2}, at::native::(anonymous namespace)::distribution_nullary_kernel<unsigned char, unsigned int, HIP_vector_type<unsigned int, 4u>, at::CUDAGeneratorImpl*, at::native::templates::cuda::random_from_to_kernel<at::CUDAGeneratorImpl*>(at::TensorIteratorBase&, unsigned long, long, at::CUDAGeneratorImpl*)::{lambda()#1}::operator()() const::{lambda()#1}::operator()() const::{lambda(hiprandStatePhilox4_32_10*)#2}, at::native::templates::cuda::random_from_to_kernel<at::CUDAGeneratorImpl*>(at::TensorIteratorBase&, unsigned long, long, at::CUDAGeneratorImpl*)::{lambda()#1}::operator()() const::{lambda()#1}::operator()() const::{lambda(unsigned int)#1}>(at::TensorIteratorBase&, at::CUDAGeneratorImpl*, at::native::templates::cuda::random_from_to_kernel<at::CUDAGeneratorImpl*>(at::TensorIteratorBase&, unsigned long, long, at::CUDAGeneratorImpl*)::{lambda()#1}::operator()() const::{lambda()#1}::operator()() const::{lambda(hiprandStatePhilox4_32_10*)#2} const&, at::native::templates::cuda::random_from_to_kernel<at::CUDAGeneratorImpl*>(at::TensorIteratorBase&, unsigned long, long, at::CUDAGeneratorImpl*)::{lambda()#1}::operator()() const::{lambda()#1}::operator()() const::{lambda(unsigned int)#1})::{lambda(int, unsigned int)#1}>(long, at::PhiloxCudaState, at::native::templates::cuda::random_from_to_kernel<at::CUDAGeneratorImpl*>(at::TensorIteratorBase&, unsigned long, long, at::CUDAGeneratorImpl*)::{lambda()#1}::operator()() const::{lambda()#1}::operator()() const::{lambda(hiprandStatePhilox4_32_10*)#2}, at::native::(anonymous namespace)::distribution_nullary_kernel<unsigned char, unsigned int, HIP_vector_type<unsigned int, 4u>, at::CUDAGeneratorImpl*, at::native::templates::cuda::random_from_to_kernel<at::CUDAGeneratorImpl*>(at::TensorIteratorBase&, unsigned long, long, at::CUDAGeneratorImpl*)::{lambda()#1}::operator()() const::{lambda()#1}::operator()() const::{lambda(hiprandStatePhilox4_32_10*)#2}, at::native::templates::cuda::random_from_to_kernel<at::CUDAGeneratorImpl*>(at::TensorIteratorBase&, unsigned long, long, at::CUDAGeneratorImpl*)::{lambda()#1}::operator()() const::{lambda()#1}::operator()() const::{lambda(unsigned int)#1}>(at::TensorIteratorBase&, at::CUDAGeneratorImpl*, at::native::templates::cuda::random_from_to_kernel<at::CUDAGeneratorImpl*>(at::TensorIteratorBase&, unsigned long, long, at::CUDAGeneratorImpl*)::{lambda()#1}::operator()() const::{lambda()#1}::operator()() const::{lambda(hiprandStatePhilox4_32_10*)#2} const&, at::native::templates::cuda::random_from_to_kernel<at::CUDAGeneratorImpl*>(at::TensorIteratorBase&, unsigned long, long, at::CUDAGeneratorImpl*)::{lambda()#1}::operator()() const::{lambda()#1}::operator()() const::{lambda(unsigned int)#1})::{lambda(int, unsigned int)#1})",256,0,0,32,0,48,"SQ_INSTS",249683968.000000,470203274235861,470203274576904
1,1,"Agent 2",1,1096245,1096245,524288,66,"void at::native::(anonymous namespace)::distribution_elementwise_grid_stride_kernel<unsigned int, 4, at::native::templates::cuda::random_from_to_kernel<at::CUDAGeneratorImpl*>(at::TensorIteratorBase&, unsigned long, long, at::CUDAGeneratorImpl*)::{lambda()#1}::operator()() const::{lambda()#1}::operator()() const::{lambda(hiprandStatePhilox4_32_10*)#2}, at::native::(anonymous namespace)::distribution_nullary_kernel<unsigned char, unsigned int, HIP_vector_type<unsigned int, 4u>, at::CUDAGeneratorImpl*, at::native::templates::cuda::random_from_to_kernel<at::CUDAGeneratorImpl*>(at::TensorIteratorBase&, unsigned long, long, at::CUDAGeneratorImpl*)::{lambda()#1}::operator()() const::{lambda()#1}::operator()() const::{lambda(hiprandStatePhilox4_32_10*)#2}, at::native::templates::cuda::random_from_to_kernel<at::CUDAGeneratorImpl*>(at::TensorIteratorBase&, unsigned long, long, at::CUDAGeneratorImpl*)::{lambda()#1}::operator()() const::{lambda()#1}::operator()() const::{lambda(unsigned int)#1}>(at::TensorIteratorBase&, at::CUDAGeneratorImpl*, at::native::templates::cuda::random_from_to_kernel<at::CUDAGeneratorImpl*>(at::TensorIteratorBase&, unsigned long, long, at::CUDAGeneratorImpl*)::{lambda()#1}::operator()() const::{lambda()#1}::operator()() const::{lambda(hiprandStatePhilox4_32_10*)#2} const&, at::native::templates::cuda::random_from_to_kernel<at::CUDAGeneratorImpl*>(at::TensorIteratorBase&, unsigned long, long, at::CUDAGeneratorImpl*)::{lambda()#1}::operator()() const::{lambda()#1}::operator()() const::{lambda(unsigned int)#1})::{lambda(int, unsigned int)#1}>(long, at::PhiloxCudaState, at::native::templates::cuda::random_from_to_kernel<at::CUDAGeneratorImpl*>(at::TensorIteratorBase&, unsigned long, long, at::CUDAGeneratorImpl*)::{lambda()#1}::operator()() const::{lambda()#1}::operator()() const::{lambda(hiprandStatePhilox4_32_10*)#2}, at::native::(anonymous namespace)::distribution_nullary_kernel<unsigned char, unsigned int, HIP_vector_type<unsigned int, 4u>, at::CUDAGeneratorImpl*, at::native::templates::cuda::random_from_to_kernel<at::CUDAGeneratorImpl*>(at::TensorIteratorBase&, unsigned long, long, at::CUDAGeneratorImpl*)::{lambda()#1}::operator()() const::{lambda()#1}::operator()() const::{lambda(hiprandStatePhilox4_32_10*)#2}, at::native::templates::cuda::random_from_to_kernel<at::CUDAGeneratorImpl*>(at::TensorIteratorBase&, unsigned long, long, at::CUDAGeneratorImpl*)::{lambda()#1}::operator()() const::{lambda()#1}::operator()() const::{lambda(unsigned int)#1}>(at::TensorIteratorBase&, at::CUDAGeneratorImpl*, at::native::templates::cuda::random_from_to_kernel<at::CUDAGeneratorImpl*>(at::TensorIteratorBase&, unsigned long, long, at::CUDAGeneratorImpl*)::{lambda()#1}::operator()() const::{lambda()#1}::operator()() const::{lambda(hiprandStatePhilox4_32_10*)#2} const&, at::native::templates::cuda::random_from_to_kernel<at::CUDAGeneratorImpl*>(at::TensorIteratorBase&, unsigned long, long, at::CUDAGeneratorImpl*)::{lambda()#1}::operator()() const::{lambda()#1}::operator()() const::{lambda(unsigned int)#1})::{lambda(int, unsigned int)#1})",256,0,0,32,0,48,"SQ_INSTS_SALU",30466048.000000,470203274235861,470203274576904
1,1,"Agent 2",1,1096245,1096245,524288,66,"void at::native::(anonymous namespace)::distribution_elementwise_grid_stride_kernel<unsigned int, 4, at::native::templates::cuda::random_from_to_kernel<at::CUDAGeneratorImpl*>(at::TensorIteratorBase&, unsigned long, long, at::CUDAGeneratorImpl*)::{lambda()#1}::operator()() const::{lambda()#1}::operator()() const::{lambda(hiprandStatePhilox4_32_10*)#2}, at::native::(anonymous namespace)::distribution_nullary_kernel<unsigned char, unsigned int, HIP_vector_type<unsigned int, 4u>, at::CUDAGeneratorImpl*, at::native::templates::cuda::random_from_to_kernel<at::CUDAGeneratorImpl*>(at::TensorIteratorBase&, unsigned long, long, at::CUDAGeneratorImpl*)::{lambda()#1}::operator()() const::{lambda()#1}::operator()() const::{lambda(hiprandStatePhilox4_32_10*)#2}, at::native::templates::cuda::random_from_to_kernel<at::CUDAGeneratorImpl*>(at::TensorIteratorBase&, unsigned long, long, at::CUDAGeneratorImpl*)::{lambda()#1}::operator()() const::{lambda()#1}::operator()() const::{lambda(unsigned int)#1}>(at::TensorIteratorBase&, at::CUDAGeneratorImpl*, at::native::templates::cuda::random_from_to_kernel<at::CUDAGeneratorImpl*>(at::TensorIteratorBase&, unsigned long, long, at::CUDAGeneratorImpl*)::{lambda()#1}::operator()() const::{lambda()#1}::operator()() const::{lambda(hiprandStatePhilox4_32_10*)#2} const&, at::native::templates::cuda::random_from_to_kernel<at::CUDAGeneratorImpl*>(at::TensorIteratorBase&, unsigned long, long, at::CUDAGeneratorImpl*)::{lambda()#1}::operator()() const::{lambda()#1}::operator()() const::{lambda(unsigned int)#1})::{lambda(int, unsigned int)#1}>(long, at::PhiloxCudaState, at::native::templates::cuda::random_from_to_kernel<at::CUDAGeneratorImpl*>(at::TensorIteratorBase&, unsigned long, long, at::CUDAGeneratorImpl*)::{lambda()#1}::operator()() const::{lambda()#1}::operator()() const::{lambda(hiprandStatePhilox4_32_10*)#2}, at::native::(anonymous namespace)::distribution_nullary_kernel<unsigned char, unsigned int, HIP_vector_type<unsigned int, 4u>, at::CUDAGeneratorImpl*, at::native::templates::cuda::random_from_to_kernel<at::CUDAGeneratorImpl*>(at::TensorIteratorBase&, unsigned long, long, at::CUDAGeneratorImpl*)::{lambda()#1}::operator()() const::{lambda()#1}::operator()() const::{lambda(hiprandStatePhilox4_32_10*)#2}, at::native::templates::cuda::random_from_to_kernel<at::CUDAGeneratorImpl*>(at::TensorIteratorBase&, unsigned long, long, at::CUDAGeneratorImpl*)::{lambda()#1}::operator()() const::{lambda()#1}::operator()() const::{lambda(unsigned int)#1}>(at::TensorIteratorBase&, at::CUDAGeneratorImpl*, at::native::templates::cuda::random_from_to_kernel<at::CUDAGeneratorImpl*>(at::TensorIteratorBase&, unsigned long, long, at::CUDAGeneratorImpl*)::{lambda()#1}::operator()() const::{lambda()#1}::operator()() const::{lambda(hiprandStatePhilox4_32_10*)#2} const&, at::native::templates::cuda::random_from_to_kernel<at::CUDAGeneratorImpl*>(at::TensorIteratorBase&, unsigned long, long, at::CUDAGeneratorImpl*)::{lambda()#1}::operator()() const::{lambda()#1}::operator()() const::{lambda(unsigned int)#1})::{lambda(int, unsigned int)#1})",256,0,0,32,0,48,"SQ_INSTS_SMEM",65536.000000,470203274235861,470203274576904
1,1,"Agent 2",1,1096245,1096245,524288,66,"void at::native::(anonymous namespace)::distribution_elementwise_grid_stride_kernel<unsigned int, 4, at::native::templates::cuda::random_from_to_kernel<at::CUDAGeneratorImpl*>(at::TensorIteratorBase&, unsigned long, long, at::CUDAGeneratorImpl*)::{lambda()#1}::operator()() const::{lambda()#1}::operator()() const::{lambda(hiprandStatePhilox4_32_10*)#2}, at::native::(anonymous namespace)::distribution_nullary_kernel<unsigned char, unsigned int, HIP_vector_type<unsigned int, 4u>, at::CUDAGeneratorImpl*, at::native::templates::cuda::random_from_to_kernel<at::CUDAGeneratorImpl*>(at::TensorIteratorBase&, unsigned long, long, at::CUDAGeneratorImpl*)::{lambda()#1}::operator()() const::{lambda()#1}::operator()() const::{lambda(hiprandStatePhilox4_32_10*)#2}, at::native::templates::cuda::random_from_to_kernel<at::CUDAGeneratorImpl*>(at::TensorIteratorBase&, unsigned long, long, at::CUDAGeneratorImpl*)::{lambda()#1}::operator()() const::{lambda()#1}::operator()() const::{lambda(unsigned int)#1}>(at::TensorIteratorBase&, at::CUDAGeneratorImpl*, at::native::templates::cuda::random_from_to_kernel<at::CUDAGeneratorImpl*>(at::TensorIteratorBase&, unsigned long, long, at::CUDAGeneratorImpl*)::{lambda()#1}::operator()() const::{lambda()#1}::operator()() const::{lambda(hiprandStatePhilox4_32_10*)#2} const&, at::native::templates::cuda::random_from_to_kernel<at::CUDAGeneratorImpl*>(at::TensorIteratorBase&, unsigned long, long, at::CUDAGeneratorImpl*)::{lambda()#1}::operator()() const::{lambda()#1}::operator()() const::{lambda(unsigned int)#1})::{lambda(int, unsigned int)#1}>(long, at::PhiloxCudaState, at::native::templates::cuda::random_from_to_kernel<at::CUDAGeneratorImpl*>(at::TensorIteratorBase&, unsigned long, long, at::CUDAGeneratorImpl*)::{lambda()#1}::operator()() const::{lambda()#1}::operator()() const::{lambda(hiprandStatePhilox4_32_10*)#2}, at::native::(anonymous namespace)::distribution_nullary_kernel<unsigned char, unsigned int, HIP_vector_type<unsigned int, 4u>, at::CUDAGeneratorImpl*, at::native::templates::cuda::random_from_to_kernel<at::CUDAGeneratorImpl*>(at::TensorIteratorBase&, unsigned long, long, at::CUDAGeneratorImpl*)::{lambda()#1}::operator()() const::{lambda()#1}::operator()() const::{lambda(hiprandStatePhilox4_32_10*)#2}, at::native::templates::cuda::random_from_to_kernel<at::CUDAGeneratorImpl*>(at::TensorIteratorBase&, unsigned long, long, at::CUDAGeneratorImpl*)::{lambda()#1}::operator()() const::{lambda()#1}::operator()() const::{lambda(unsigned int)#1}>(at::TensorIteratorBase&, at::CUDAGeneratorImpl*, at::native::templates::cuda::random_from_to_kernel<at::CUDAGeneratorImpl*>(at::TensorIteratorBase&, unsigned long, long, at::CUDAGeneratorImpl*)::{lambda()#1}::operator()() const::{lambda()#1}::operator()() const::{lambda(hiprandStatePhilox4_32_10*)#2} const&, at::native::templates::cuda::random_from_to_kernel<at::CUDAGeneratorImpl*>(at::TensorIteratorBase&, unsigned long, long, at::CUDAGeneratorImpl*)::{lambda()#1}::operator()() const::{lambda()#1}::operator()() const::{lambda(unsigned int)#1})::{lambda(int, unsigned int)#1})",256,0,0,32,0,48,"SQ_INSTS_VALU",186105856.000000,470203274235861,470203274576904
1,1,"Agent 2",1,1096245,1096245,524288,66,"void at::native::(anonymous namespace)::distribution_elementwise_grid_stride_kernel<unsigned int, 4, at::native::templates::cuda::random_from_to_kernel<at::CUDAGeneratorImpl*>(at::TensorIteratorBase&, unsigned long, long, at::CUDAGeneratorImpl*)::{lambda()#1}::operator()() const::{lambda()#1}::operator()() const::{lambda(hiprandStatePhilox4_32_10*)#2}, at::native::(anonymous namespace)::distribution_nullary_kernel<unsigned char, unsigned int, HIP_vector_type<unsigned int, 4u>, at::CUDAGeneratorImpl*, at::native::templates::cuda::random_from_to_kernel<at::CUDAGeneratorImpl*>(at::TensorIteratorBase&, unsigned long, long, at::CUDAGeneratorImpl*)::{lambda()#1}::operator()() const::{lambda()#1}::operator()() const::{lambda(hiprandStatePhilox4_32_10*)#2}, at::native::templates::cuda::random_from_to_kernel<at::CUDAGeneratorImpl*>(at::TensorIteratorBase&, unsigned long, long, at::CUDAGeneratorImpl*)::{lambda()#1}::operator()() const::{lambda()#1}::operator()() const::{lambda(unsigned int)#1}>(at::TensorIteratorBase&, at::CUDAGeneratorImpl*, at::native::templates::cuda::random_from_to_kernel<at::CUDAGeneratorImpl*>(at::TensorIteratorBase&, unsigned long, long, at::CUDAGeneratorImpl*)::{lambda()#1}::operator()() const::{lambda()#1}::operator()() const::{lambda(hiprandStatePhilox4_32_10*)#2} const&, at::native::templates::cuda::random_from_to_kernel<at::CUDAGeneratorImpl*>(at::TensorIteratorBase&, unsigned long, long, at::CUDAGeneratorImpl*)::{lambda()#1}::operator()() const::{lambda()#1}::operator()() const::{lambda(unsigned int)#1})::{lambda(int, unsigned int)#1}>(long, at::PhiloxCudaState, at::native::templates::cuda::random_from_to_kernel<at::CUDAGeneratorImpl*>(at::TensorIteratorBase&, unsigned long, long, at::CUDAGeneratorImpl*)::{lambda()#1}::operator()() const::{lambda()#1}::operator()() const::{lambda(hiprandStatePhilox4_32_10*)#2}, at::native::(anonymous namespace)::distribution_nullary_kernel<unsigned char, unsigned int, HIP_vector_type<unsigned int, 4u>, at::CUDAGeneratorImpl*, at::native::templates::cuda::random_from_to_kernel<at::CUDAGeneratorImpl*>(at::TensorIteratorBase&, unsigned long, long, at::CUDAGeneratorImpl*)::{lambda()#1}::operator()() const::{lambda()#1}::operator()() const::{lambda(hiprandStatePhilox4_32_10*)#2}, at::native::templates::cuda::random_from_to_kernel<at::CUDAGeneratorImpl*>(at::TensorIteratorBase&, unsigned long, long, at::CUDAGeneratorImpl*)::{lambda()#1}::operator()() const::{lambda()#1}::operator()() const::{lambda(unsigned int)#1}>(at::TensorIteratorBase&, at::CUDAGeneratorImpl*, at::native::templates::cuda::random_from_to_kernel<at::CUDAGeneratorImpl*>(at::TensorIteratorBase&, unsigned long, long, at::CUDAGeneratorImpl*)::{lambda()#1}::operator()() const::{lambda()#1}::operator()() const::{lambda(hiprandStatePhilox4_32_10*)#2} const&, at::native::templates::cuda::random_from_to_kernel<at::CUDAGeneratorImpl*>(at::TensorIteratorBase&, unsigned long, long, at::CUDAGeneratorImpl*)::{lambda()#1}::operator()() const::{lambda()#1}::operator()() const::{lambda(unsigned int)#1})::{lambda(int, unsigned int)#1})",256,0,0,32,0,48,"SQ_INSTS_VMEM",4104192.000000,470203274235861,470203274576904
2,2,"Agent 2",1,1096245,1096245,524288,66,"void at::native::(anonymous namespace)::distribution_elementwise_grid_stride_kernel<unsigned int, 4, at::native::templates::cuda::random_from_to_kernel<at::CUDAGeneratorImpl*>(at::TensorIteratorBase&, unsigned long, long, at::CUDAGeneratorImpl*)::{lambda()#1}::operator()() const::{lambda()#1}::operator()() const::{lambda(hiprandStatePhilox4_32_10*)#2}, at::native::(anonymous namespace)::distribution_nullary_kernel<unsigned char, unsigned int, HIP_vector_type<unsigned int, 4u>, at::CUDAGeneratorImpl*, at::native::templates::cuda::random_from_to_kernel<at::CUDAGeneratorImpl*>(at::TensorIteratorBase&, unsigned long, long, at::CUDAGeneratorImpl*)::{lambda()#1}::operator()() const::{lambda()#1}::operator()() const::{lambda(hiprandStatePhilox4_32_10*)#2}, at::native::templates::cuda::random_from_to_kernel<at::CUDAGeneratorImpl*>(at::TensorIteratorBase&, unsigned long, long, at::CUDAGeneratorImpl*)::{lambda()#1}::operator()() const::{lambda()#1}::operator()() const::{lambda(unsigned int)#1}>(at::TensorIteratorBase&, at::CUDAGeneratorImpl*, at::native::templates::cuda::random_from_to_kernel<at::CUDAGeneratorImpl*>(at::TensorIteratorBase&, unsigned long, long, at::CUDAGeneratorImpl*)::{lambda()#1}::operator()() const::{lambda()#1}::operator()() const::{lambda(hiprandStatePhilox4_32_10*)#2} const&, at::native::templates::cuda::random_from_to_kernel<at::CUDAGeneratorImpl*>(at::TensorIteratorBase&, unsigned long, long, at::CUDAGeneratorImpl*)::{lambda()#1}::operator()() const::{lambda()#1}::operator()() const::{lambda(unsigned int)#1})::{lambda(int, unsigned int)#1}>(long, at::PhiloxCudaState, at::native::templates::cuda::random_from_to_kernel<at::CUDAGeneratorImpl*>(at::TensorIteratorBase&, unsigned long, long, at::CUDAGeneratorImpl*)::{lambda()#1}::operator()() const::{lambda()#1}::operator()() const::{lambda(hiprandStatePhilox4_32_10*)#2}, at::native::(anonymous namespace)::distribution_nullary_kernel<unsigned char, unsigned int, HIP_vector_type<unsigned int, 4u>, at::CUDAGeneratorImpl*, at::native::templates::cuda::random_from_to_kernel<at::CUDAGeneratorImpl*>(at::TensorIteratorBase&, unsigned long, long, at::CUDAGeneratorImpl*)::{lambda()#1}::operator()() const::{lambda()#1}::operator()() const::{lambda(hiprandStatePhilox4_32_10*)#2}, at::native::templates::cuda::random_from_to_kernel<at::CUDAGeneratorImpl*>(at::TensorIteratorBase&, unsigned long, long, at::CUDAGeneratorImpl*)::{lambda()#1}::operator()() const::{lambda()#1}::operator()() const::{lambda(unsigned int)#1}>(at::TensorIteratorBase&, at::CUDAGeneratorImpl*, at::native::templates::cuda::random_from_to_kernel<at::CUDAGeneratorImpl*>(at::TensorIteratorBase&, unsigned long, long, at::CUDAGeneratorImpl*)::{lambda()#1}::operator()() const::{lambda()#1}::operator()() const::{lambda(hiprandStatePhilox4_32_10*)#2} const&, at::native::templates::cuda::random_from_to_kernel<at::CUDAGeneratorImpl*>(at::TensorIteratorBase&, unsigned long, long, at::CUDAGeneratorImpl*)::{lambda()#1}::operator()() const::{lambda()#1}::operator()() const::{lambda(unsigned int)#1})::{lambda(int, unsigned int)#1})",256,0,0,32,0,48,"SQC_ICACHE_HITS",39437468.000000,470203274703904,470203275044627
2,2,"Agent 2",1,1096245,1096245,524288,66,"void at::native::(anonymous namespace)::distribution_elementwise_grid_stride_kernel<unsigned int, 4, at::native::templates::cuda::random_from_to_kernel<at::CUDAGeneratorImpl*>(at::TensorIteratorBase&, unsigned long, long, at::CUDAGeneratorImpl*)::{lambda()#1}::operator()() const::{lambda()#1}::operator()() const::{lambda(hiprandStatePhilox4_32_10*)#2}, at::native::(anonymous namespace)::distribution_nullary_kernel<unsigned char, unsigned int, HIP_vector_type<unsigned int, 4u>, at::CUDAGeneratorImpl*, at::native::templates::cuda::random_from_to_kernel<at::CUDAGeneratorImpl*>(at::TensorIteratorBase&, unsigned long, long, at::CUDAGeneratorImpl*)::{lambda()#1}::operator()() const::{lambda()#1}::operator()() const::{lambda(hiprandStatePhilox4_32_10*)#2}, at::native::templates::cuda::random_from_to_kernel<at::CUDAGeneratorImpl*>(at::TensorIteratorBase&, unsigned long, long, at::CUDAGeneratorImpl*)::{lambda()#1}::operator()() const::{lambda()#1}::operator()() const::{lambda(unsigned int)#1}>(at::TensorIteratorBase&, at::CUDAGeneratorImpl*, at::native::templates::cuda::random_from_to_kernel<at::CUDAGeneratorImpl*>(at::TensorIteratorBase&, unsigned long, long, at::CUDAGeneratorImpl*)::{lambda()#1}::operator()() const::{lambda()#1}::operator()() const::{lambda(hiprandStatePhilox4_32_10*)#2} const&, at::native::templates::cuda::random_from_to_kernel<at::CUDAGeneratorImpl*>(at::TensorIteratorBase&, unsigned long, long, at::CUDAGeneratorImpl*)::{lambda()#1}::operator()() const::{lambda()#1}::operator()() const::{lambda(unsigned int)#1})::{lambda(int, unsigned int)#1}>(long, at::PhiloxCudaState, at::native::templates::cuda::random_from_to_kernel<at::CUDAGeneratorImpl*>(at::TensorIteratorBase&, unsigned long, long, at::CUDAGeneratorImpl*)::{lambda()#1}::operator()() const::{lambda()#1}::operator()() const::{lambda(hiprandStatePhilox4_32_10*)#2}, at::native::(anonymous namespace)::distribution_nullary_kernel<unsigned char, unsigned int, HIP_vector_type<unsigned int, 4u>, at::CUDAGeneratorImpl*, at::native::templates::cuda::random_from_to_kernel<at::CUDAGeneratorImpl*>(at::TensorIteratorBase&, unsigned long, long, at::CUDAGeneratorImpl*)::{lambda()#1}::operator()() const::{lambda()#1}::operator()() const::{lambda(hiprandStatePhilox4_32_10*)#2}, at::native::templates::cuda::random_from_to_kernel<at::CUDAGeneratorImpl*>(at::TensorIteratorBase&, unsigned long, long, at::CUDAGeneratorImpl*)::{lambda()#1}::operator()() const::{lambda()#1}::operator()() const::{lambda(unsigned int)#1}>(at::TensorIteratorBase&, at::CUDAGeneratorImpl*, at::native::templates::cuda::random_from_to_kernel<at::CUDAGeneratorImpl*>(at::TensorIteratorBase&, unsigned long, long, at::CUDAGeneratorImpl*)::{lambda()#1}::operator()() const::{lambda()#1}::operator()() const::{lambda(hiprandStatePhilox4_32_10*)#2} const&, at::native::templates::cuda::random_from_to_kernel<at::CUDAGeneratorImpl*>(at::TensorIteratorBase&, unsigned long, long, at::CUDAGeneratorImpl*)::{lambda()#1}::operator()() const::{lambda()#1}::operator()() const::{lambda(unsigned int)#1})::{lambda(int, unsigned int)#1})",256,0,0,32,0,48,"SQC_ICACHE_REQ",39452672.000000,470203274703904,470203275044627
2,2,"Agent 2",1,1096245,1096245,524288,66,"void at::native::(anonymous namespace)::distribution_elementwise_grid_stride_kernel<unsigned int, 4, at::native::templates::cuda::random_from_to_kernel<at::CUDAGeneratorImpl*>(at::TensorIteratorBase&, unsigned long, long, at::CUDAGeneratorImpl*)::{lambda()#1}::operator()() const::{lambda()#1}::operator()() const::{lambda(hiprandStatePhilox4_32_10*)#2}, at::native::(anonymous namespace)::distribution_nullary_kernel<unsigned char, unsigned int, HIP_vector_type<unsigned int, 4u>, at::CUDAGeneratorImpl*, at::native::templates::cuda::random_from_to_kernel<at::CUDAGeneratorImpl*>(at::TensorIteratorBase&, unsigned long, long, at::CUDAGeneratorImpl*)::{lambda()#1}::operator()() const::{lambda()#1}::operator()() const::{lambda(hiprandStatePhilox4_32_10*)#2}, at::native::templates::cuda::random_from_to_kernel<at::CUDAGeneratorImpl*>(at::TensorIteratorBase&, unsigned long, long, at::CUDAGeneratorImpl*)::{lambda()#1}::operator()() const::{lambda()#1}::operator()() const::{lambda(unsigned int)#1}>(at::TensorIteratorBase&, at::CUDAGeneratorImpl*, at::native::templates::cuda::random_from_to_kernel<at::CUDAGeneratorImpl*>(at::TensorIteratorBase&, unsigned long, long, at::CUDAGeneratorImpl*)::{lambda()#1}::operator()() const::{lambda()#1}::operator()() const::{lambda(hiprandStatePhilox4_32_10*)#2} const&, at::native::templates::cuda::random_from_to_kernel<at::CUDAGeneratorImpl*>(at::TensorIteratorBase&, unsigned long, long, at::CUDAGeneratorImpl*)::{lambda()#1}::operator()() const::{lambda()#1}::operator()() const::{lambda(unsigned int)#1})::{lambda(int, unsigned int)#1}>(long, at::PhiloxCudaState, at::native::templates::cuda::random_from_to_kernel<at::CUDAGeneratorImpl*>(at::TensorIteratorBase&, unsigned long, long, at::CUDAGeneratorImpl*)::{lambda()#1}::operator()() const::{lambda()#1}::operator()() const::{lambda(hiprandStatePhilox4_32_10*)#2}, at::native::(anonymous namespace)::distribution_nullary_kernel<unsigned char, unsigned int, HIP_vector_type<unsigned int, 4u>, at::CUDAGeneratorImpl*, at::native::templates::cuda::random_from_to_kernel<at::CUDAGeneratorImpl*>(at::TensorIteratorBase&, unsigned long, long, at::CUDAGeneratorImpl*)::{lambda()#1}::operator()() const::{lambda()#1}::operator()() const::{lambda(hiprandStatePhilox4_32_10*)#2}, at::native::templates::cuda::random_from_to_kernel<at::CUDAGeneratorImpl*>(at::TensorIteratorBase&, unsigned long, long, at::CUDAGeneratorImpl*)::{lambda()#1}::operator()() const::{lambda()#1}::operator()() const::{lambda(unsigned int)#1}>(at::TensorIteratorBase&, at::CUDAGeneratorImpl*, at::native::templates::cuda::random_from_to_kernel<at::CUDAGeneratorImpl*>(at::TensorIteratorBase&, unsigned long, long, at::CUDAGeneratorImpl*)::{lambda()#1}::operator()() const::{lambda()#1}::operator()() const::{lambda(hiprandStatePhilox4_32_10*)#2} const&, at::native::templates::cuda::random_from_to_kernel<at::CUDAGeneratorImpl*>(at::TensorIteratorBase&, unsigned long, long, at::CUDAGeneratorImpl*)::{lambda()#1}::operator()() const::{lambda()#1}::operator()() const::{lambda(unsigned int)#1})::{lambda(int, unsigned int)#1})",256,0,0,32,0,48,"SQ_INSTS",249683968.000000,470203274703904,470203275044627
2,2,"Agent 2",1,1096245,1096245,524288,66,"void at::native::(anonymous namespace)::distribution_elementwise_grid_stride_kernel<unsigned int, 4, at::native::templates::cuda::random_from_to_kernel<at::CUDAGeneratorImpl*>(at::TensorIteratorBase&, unsigned long, long, at::CUDAGeneratorImpl*)::{lambda()#1}::operator()() const::{lambda()#1}::operator()() const::{lambda(hiprandStatePhilox4_32_10*)#2}, at::native::(anonymous namespace)::distribution_nullary_kernel<unsigned char, unsigned int, HIP_vector_type<unsigned int, 4u>, at::CUDAGeneratorImpl*, at::native::templates::cuda::random_from_to_kernel<at::CUDAGeneratorImpl*>(at::TensorIteratorBase&, unsigned long, long, at::CUDAGeneratorImpl*)::{lambda()#1}::operator()() const::{lambda()#1}::operator()() const::{lambda(hiprandStatePhilox4_32_10*)#2}, at::native::templates::cuda::random_from_to_kernel<at::CUDAGeneratorImpl*>(at::TensorIteratorBase&, unsigned long, long, at::CUDAGeneratorImpl*)::{lambda()#1}::operator()() const::{lambda()#1}::operator()() const::{lambda(unsigned int)#1}>(at::TensorIteratorBase&, at::CUDAGeneratorImpl*, at::native::templates::cuda::random_from_to_kernel<at::CUDAGeneratorImpl*>(at::TensorIteratorBase&, unsigned long, long, at::CUDAGeneratorImpl*)::{lambda()#1}::operator()() const::{lambda()#1}::operator()() const::{lambda(hiprandStatePhilox4_32_10*)#2} const&, at::native::templates::cuda::random_from_to_kernel<at::CUDAGeneratorImpl*>(at::TensorIteratorBase&, unsigned long, long, at::CUDAGeneratorImpl*)::{lambda()#1}::operator()() const::{lambda()#1}::operator()() const::{lambda(unsigned int)#1})::{lambda(int, unsigned int)#1}>(long, at::PhiloxCudaState, at::native::templates::cuda::random_from_to_kernel<at::CUDAGeneratorImpl*>(at::TensorIteratorBase&, unsigned long, long, at::CUDAGeneratorImpl*)::{lambda()#1}::operator()() const::{lambda()#1}::operator()() const::{lambda(hiprandStatePhilox4_32_10*)#2}, at::native::(anonymous namespace)::distribution_nullary_kernel<unsigned char, unsigned int, HIP_vector_type<unsigned int, 4u>, at::CUDAGeneratorImpl*, at::native::templates::cuda::random_from_to_kernel<at::CUDAGeneratorImpl*>(at::TensorIteratorBase&, unsigned long, long, at::CUDAGeneratorImpl*)::{lambda()#1}::operator()() const::{lambda()#1}::operator()() const::{lambda(hiprandStatePhilox4_32_10*)#2}, at::native::templates::cuda::random_from_to_kernel<at::CUDAGeneratorImpl*>(at::TensorIteratorBase&, unsigned long, long, at::CUDAGeneratorImpl*)::{lambda()#1}::operator()() const::{lambda()#1}::operator()() const::{lambda(unsigned int)#1}>(at::TensorIteratorBase&, at::CUDAGeneratorImpl*, at::native::templates::cuda::random_from_to_kernel<at::CUDAGeneratorImpl*>(at::TensorIteratorBase&, unsigned long, long, at::CUDAGeneratorImpl*)::{lambda()#1}::operator()() const::{lambda()#1}::operator()() const::{lambda(hiprandStatePhilox4_32_10*)#2} const&, at::native::templates::cuda::random_from_to_kernel<at::CUDAGeneratorImpl*>(at::TensorIteratorBase&, unsigned long, long, at::CUDAGeneratorImpl*)::{lambda()#1}::operator()() const::{lambda()#1}::operator()() const::{lambda(unsigned int)#1})::{lambda(int, unsigned int)#1})",256,0,0,32,0,48,"SQ_INSTS_SALU",30466048.000000,470203274703904,470203275044627
2,2,"Agent 2",1,1096245,1096245,524288,66,"void at::native::(anonymous namespace)::distribution_elementwise_grid_stride_kernel<unsigned int, 4, at::native::templates::cuda::random_from_to_kernel<at::CUDAGeneratorImpl*>(at::TensorIteratorBase&, unsigned long, long, at::CUDAGeneratorImpl*)::{lambda()#1}::operator()() const::{lambda()#1}::operator()() const::{lambda(hiprandStatePhilox4_32_10*)#2}, at::native::(anonymous namespace)::distribution_nullary_kernel<unsigned char, unsigned int, HIP_vector_type<unsigned int, 4u>, at::CUDAGeneratorImpl*, at::native::templates::cuda::random_from_to_kernel<at::CUDAGeneratorImpl*>(at::TensorIteratorBase&, unsigned long, long, at::CUDAGeneratorImpl*)::{lambda()#1}::operator()() const::{lambda()#1}::operator()() const::{lambda(hiprandStatePhilox4_32_10*)#2}, at::native::templates::cuda::random_from_to_kernel<at::CUDAGeneratorImpl*>(at::TensorIteratorBase&, unsigned long, long, at::CUDAGeneratorImpl*)::{lambda()#1}::operator()() const::{lambda()#1}::operator()() const::{lambda(unsigned int)#1}>(at::TensorIteratorBase&, at::CUDAGeneratorImpl*, at::native::templates::cuda::random_from_to_kernel<at::CUDAGeneratorImpl*>(at::TensorIteratorBase&, unsigned long, long, at::CUDAGeneratorImpl*)::{lambda()#1}::operator()() const::{lambda()#1}::operator()() const::{lambda(hiprandStatePhilox4_32_10*)#2} const&, at::native::templates::cuda::random_from_to_kernel<at::CUDAGeneratorImpl*>(at::TensorIteratorBase&, unsigned long, long, at::CUDAGeneratorImpl*)::{lambda()#1}::operator()() const::{lambda()#1}::operator()() const::{lambda(unsigned int)#1})::{lambda(int, unsigned int)#1}>(long, at::PhiloxCudaState, at::native::templates::cuda::random_from_to_kernel<at::CUDAGeneratorImpl*>(at::TensorIteratorBase&, unsigned long, long, at::CUDAGeneratorImpl*)::{lambda()#1}::operator()() const::{lambda()#1}::operator()() const::{lambda(hiprandStatePhilox4_32_10*)#2}, at::native::(anonymous namespace)::distribution_nullary_kernel<unsigned char, unsigned int, HIP_vector_type<unsigned int, 4u>, at::CUDAGeneratorImpl*, at::native::templates::cuda::random_from_to_kernel<at::CUDAGeneratorImpl*>(at::TensorIteratorBase&, unsigned long, long, at::CUDAGeneratorImpl*)::{lambda()#1}::operator()() const::{lambda()#1}::operator()() const::{lambda(hiprandStatePhilox4_32_10*)#2}, at::native::templates::cuda::random_from_to_kernel<at::CUDAGeneratorImpl*>(at::TensorIteratorBase&, unsigned long, long, at::CUDAGeneratorImpl*)::{lambda()#1}::operator()() const::{lambda()#1}::operator()() const::{lambda(unsigned int)#1}>(at::TensorIteratorBase&, at::CUDAGeneratorImpl*, at::native::templates::cuda::random_from_to_kernel<at::CUDAGeneratorImpl*>(at::TensorIteratorBase&, unsigned long, long, at::CUDAGeneratorImpl*)::{lambda()#1}::operator()() const::{lambda()#1}::operator()() const::{lambda(hiprandStatePhilox4_32_10*)#2} const&, at::native::templates::cuda::random_from_to_kernel<at::CUDAGeneratorImpl*>(at::TensorIteratorBase&, unsigned long, long, at::CUDAGeneratorImpl*)::{lambda()#1}::operator()() const::{lambda()#1}::operator()() const::{lambda(unsigned int)#1})::{lambda(int, unsigned int)#1})",256,0,0,32,0,48,"SQ_INSTS_SMEM",65536.000000,470203274703904,470203275044627
2,2,"Agent 2",1,1096245,1096245,524288,66,"void at::native::(anonymous namespace)::distribution_elementwise_grid_stride_kernel<unsigned int, 4, at::native::templates::cuda::random_from_to_kernel<at::CUDAGeneratorImpl*>(at::TensorIteratorBase&, unsigned long, long, at::CUDAGeneratorImpl*)::{lambda()#1}::operator()() const::{lambda()#1}::operator()() const::{lambda(hiprandStatePhilox4_32_10*)#2}, at::native::(anonymous namespace)::distribution_nullary_kernel<unsigned char, unsigned int, HIP_vector_type<unsigned int, 4u>, at::CUDAGeneratorImpl*, at::native::templates::cuda::random_from_to_kernel<at::CUDAGeneratorImpl*>(at::TensorIteratorBase&, unsigned long, long, at::CUDAGeneratorImpl*)::{lambda()#1}::operator()() const::{lambda()#1}::operator()() const::{lambda(hiprandStatePhilox4_32_10*)#2}, at::native::templates::cuda::random_from_to_kernel<at::CUDAGeneratorImpl*>(at::TensorIteratorBase&, unsigned long, long, at::CUDAGeneratorImpl*)::{lambda()#1}::operator()() const::{lambda()#1}::operator()() const::{lambda(unsigned int)#1}>(at::TensorIteratorBase&, at::CUDAGeneratorImpl*, at::native::templates::cuda::random_from_to_kernel<at::CUDAGeneratorImpl*>(at::TensorIteratorBase&, unsigned long, long, at::CUDAGeneratorImpl*)::{lambda()#1}::operator()() const::{lambda()#1}::operator()() const::{lambda(hiprandStatePhilox4_32_10*)#2} const&, at::native::templates::cuda::random_from_to_kernel<at::CUDAGeneratorImpl*>(at::TensorIteratorBase&, unsigned long, long, at::CUDAGeneratorImpl*)::{lambda()#1}::operator()() const::{lambda()#1}::operator()() const::{lambda(unsigned int)#1})::{lambda(int, unsigned int)#1}>(long, at::PhiloxCudaState, at::native::templates::cuda::random_from_to_kernel<at::CUDAGeneratorImpl*>(at::TensorIteratorBase&, unsigned long, long, at::CUDAGeneratorImpl*)::{lambda()#1}::operator()() const::{lambda()#1}::operator()() const::{lambda(hiprandStatePhilox4_32_10*)#2}, at::native::(anonymous namespace)::distribution_nullary_kernel<unsigned char, unsigned int, HIP_vector_type<unsigned int, 4u>, at::CUDAGeneratorImpl*, at::native::templates::cuda::random_from_to_kernel<at::CUDAGeneratorImpl*>(at::TensorIteratorBase&, unsigned long, long, at::CUDAGeneratorImpl*)::{lambda()#1}::operator()() const::{lambda()#1}::operator()() const::{lambda(hiprandStatePhilox4_32_10*)#2}, at::native::templates::cuda::random_from_to_kernel<at::CUDAGeneratorImpl*>(at::TensorIteratorBase&, unsigned long, long, at::CUDAGeneratorImpl*)::{lambda()#1}::operator()() const::{lambda()#1}::operator()() const::{lambda(unsigned int)#1}>(at::TensorIteratorBase&, at::CUDAGeneratorImpl*, at::native::templates::cuda::random_from_to_kernel<at::CUDAGeneratorImpl*>(at::TensorIteratorBase&, unsigned long, long, at::CUDAGeneratorImpl*)::{lambda()#1}::operator()() const::{lambda()#1}::operator()() const::{lambda(hiprandStatePhilox4_32_10*)#2} const&, at::native::templates::cuda::random_from_to_kernel<at::CUDAGeneratorImpl*>(at::TensorIteratorBase&, unsigned long, long, at::CUDAGeneratorImpl*)::{lambda()#1}::operator()() const::{lambda()#1}::operator()() const::{lambda(unsigned int)#1})::{lambda(int, unsigned int)#1})",256,0,0,32,0,48,"SQ_INSTS_VALU",186105856.000000,470203274703904,470203275044627
2,2,"Agent 2",1,1096245,1096245,524288,66,"void at::native::(anonymous namespace)::distribution_elementwise_grid_stride_kernel<unsigned int, 4, at::native::templates::cuda::random_from_to_kernel<at::CUDAGeneratorImpl*>(at::TensorIteratorBase&, unsigned long, long, at::CUDAGeneratorImpl*)::{lambda()#1}::operator()() const::{lambda()#1}::operator()() const::{lambda(hiprandStatePhilox4_32_10*)#2}, at::native::(anonymous namespace)::distribution_nullary_kernel<unsigned char, unsigned int, HIP_vector_type<unsigned int, 4u>, at::CUDAGeneratorImpl*, at::native::templates::cuda::random_from_to_kernel<at::CUDAGeneratorImpl*>(at::TensorIteratorBase&, unsigned long, long, at::CUDAGeneratorImpl*)::{lambda()#1}::operator()() const::{lambda()#1}::operator()() const::{lambda(hiprandStatePhilox4_32_10*)#2}, at::native::templates::cuda::random_from_to_kernel<at::CUDAGeneratorImpl*>(at::TensorIteratorBase&, unsigned long, long, at::CUDAGeneratorImpl*)::{lambda()#1}::operator()() const::{lambda()#1}::operator()() const::{lambda(unsigned int)#1}>(at::TensorIteratorBase&, at::CUDAGeneratorImpl*, at::native::templates::cuda::random_from_to_kernel<at::CUDAGeneratorImpl*>(at::TensorIteratorBase&, unsigned long, long, at::CUDAGeneratorImpl*)::{lambda()#1}::operator()() const::{lambda()#1}::operator()() const::{lambda(hiprandStatePhilox4_32_10*)#2} const&, at::native::templates::cuda::random_from_to_kernel<at::CUDAGeneratorImpl*>(at::TensorIteratorBase&, unsigned long, long, at::CUDAGeneratorImpl*)::{lambda()#1}::operator()() const::{lambda()#1}::operator()() const::{lambda(unsigned int)#1})::{lambda(int, unsigned int)#1}>(long, at::PhiloxCudaState, at::native::templates::cuda::random_from_to_kernel<at::CUDAGeneratorImpl*>(at::TensorIteratorBase&, unsigned long, long, at::CUDAGeneratorImpl*)::{lambda()#1}::operator()() const::{lambda()#1}::operator()() const::{lambda(hiprandStatePhilox4_32_10*)#2}, at::native::(anonymous namespace)::distribution_nullary_kernel<unsigned char, unsigned int, HIP_vector_type<unsigned int, 4u>, at::CUDAGeneratorImpl*, at::native::templates::cuda::random_from_to_kernel<at::CUDAGeneratorImpl*>(at::TensorIteratorBase&, unsigned long, long, at::CUDAGeneratorImpl*)::{lambda()#1}::operator()() const::{lambda()#1}::operator()() const::{lambda(hiprandStatePhilox4_32_10*)#2}, at::native::templates::cuda::random_from_to_kernel<at::CUDAGeneratorImpl*>(at::TensorIteratorBase&, unsigned long, long, at::CUDAGeneratorImpl*)::{lambda()#1}::operator()() const::{lambda()#1}::operator()() const::{lambda(unsigned int)#1}>(at::TensorIteratorBase&, at::CUDAGeneratorImpl*, at::native::templates::cuda::random_from_to_kernel<at::CUDAGeneratorImpl*>(at::TensorIteratorBase&, unsigned long, long, at::CUDAGeneratorImpl*)::{lambda()#1}::operator()() const::{lambda()#1}::operator()() const::{lambda(hiprandStatePhilox4_32_10*)#2} const&, at::native::templates::cuda::random_from_to_kernel<at::CUDAGeneratorImpl*>(at::TensorIteratorBase&, unsigned long, long, at::CUDAGeneratorImpl*)::{lambda()#1}::operator()() const::{lambda()#1}::operator()() const::{lambda(unsigned int)#1})::{lambda(int, unsigned int)#1})",256,0,0,32,0,48,"SQ_INSTS_VMEM",4104192.000000,470203274703904,470203275044627
3,3,"Agent 2",1,1096245,1096245,16416768,223,"void at::native::vectorized_elementwise_kernel<16, at::native::BUnaryFunctor<unsigned char, unsigned char, unsigned char, at::native::lshift_kernel_cuda(at::TensorIteratorBase&)::{lambda()#1}::operator()() const::{lambda()#1}::operator()() const::{lambda(unsigned char, unsigned char)#1}>, std::array<char*, 2ul> >(int, at::native::BUnaryFunctor<unsigned char, unsigned char, unsigned char, at::native::lshift_kernel_cuda(at::TensorIteratorBase&)::{lambda()#1}::operator()() const::{lambda()#1}::operator()() const::{lambda(unsigned char, unsigned char)#1}>, std::array<char*, 2ul>)",256,0,0,12,0,32,"SQC_ICACHE_HITS",4094713.000000,470203302559778,470203302649139
3,3,"Agent 2",1,1096245,1096245,16416768,223,"void at::native::vectorized_elementwise_kernel<16, at::native::BUnaryFunctor<unsigned char, unsigned char, unsigned char, at::native::lshift_kernel_cuda(at::TensorIteratorBase&)::{lambda()#1}::operator()() const::{lambda()#1}::operator()() const::{lambda(unsigned char, unsigned char)#1}>, std::array<char*, 2ul> >(int, at::native::BUnaryFunctor<unsigned char, unsigned char, unsigned char, at::native::lshift_kernel_cuda(at::TensorIteratorBase&)::{lambda()#1}::operator()() const::{lambda()#1}::operator()() const::{lambda(unsigned char, unsigned char)#1}>, std::array<char*, 2ul>)",256,0,0,12,0,32,"SQC_ICACHE_REQ",4104192.000000,470203302559778,470203302649139
3,3,"Agent 2",1,1096245,1096245,16416768,223,"void at::native::vectorized_elementwise_kernel<16, at::native::BUnaryFunctor<unsigned char, unsigned char, unsigned char, at::native::lshift_kernel_cuda(at::TensorIteratorBase&)::{lambda()#1}::operator()() const::{lambda()#1}::operator()() const::{lambda(unsigned char, unsigned char)#1}>, std::array<char*, 2ul> >(int, at::native::BUnaryFunctor<unsigned char, unsigned char, unsigned char, at::native::lshift_kernel_cuda(at::TensorIteratorBase&)::{lambda()#1}::operator()() const::{lambda()#1}::operator()() const::{lambda(unsigned char, unsigned char)#1}>, std::array<char*, 2ul>)",256,0,0,12,0,32,"SQ_INSTS",21547008.000000,470203302559778,470203302649139
3,3,"Agent 2",1,1096245,1096245,16416768,223,"void at::native::vectorized_elementwise_kernel<16, at::native::BUnaryFunctor<unsigned char, unsigned char, unsigned char, at::native::lshift_kernel_cuda(at::TensorIteratorBase&)::{lambda()#1}::operator()() const::{lambda()#1}::operator()() const::{lambda(unsigned char, unsigned char)#1}>, std::array<char*, 2ul> >(int, at::native::BUnaryFunctor<unsigned char, unsigned char, unsigned char, at::native::lshift_kernel_cuda(at::TensorIteratorBase&)::{lambda()#1}::operator()() const::{lambda()#1}::operator()() const::{lambda(unsigned char, unsigned char)#1}>, std::array<char*, 2ul>)",256,0,0,12,0,32,"SQ_INSTS_SALU",3334656.000000,470203302559778,470203302649139
3,3,"Agent 2",1,1096245,1096245,16416768,223,"void at::native::vectorized_elementwise_kernel<16, at::native::BUnaryFunctor<unsigned char, unsigned char, unsigned char, at::native::lshift_kernel_cuda(at::TensorIteratorBase&)::{lambda()#1}::operator()() const::{lambda()#1}::operator()() const::{lambda(unsigned char, unsigned char)#1}>, std::array<char*, 2ul> >(int, at::native::BUnaryFunctor<unsigned char, unsigned char, unsigned char, at::native::lshift_kernel_cuda(at::TensorIteratorBase&)::{lambda()#1}::operator()() const::{lambda()#1}::operator()() const::{lambda(unsigned char, unsigned char)#1}>, std::array<char*, 2ul>)",256,0,0,12,0,32,"SQ_INSTS_SMEM",513024.000000,470203302559778,470203302649139
3,3,"Agent 2",1,1096245,1096245,16416768,223,"void at::native::vectorized_elementwise_kernel<16, at::native::BUnaryFunctor<unsigned char, unsigned char, unsigned char, at::native::lshift_kernel_cuda(at::TensorIteratorBase&)::{lambda()#1}::operator()() const::{lambda()#1}::operator()() const::{lambda(unsigned char, unsigned char)#1}>, std::array<char*, 2ul> >(int, at::native::BUnaryFunctor<unsigned char, unsigned char, unsigned char, at::native::lshift_kernel_cuda(at::TensorIteratorBase&)::{lambda()#1}::operator()() const::{lambda()#1}::operator()() const::{lambda(unsigned char, unsigned char)#1}>, std::array<char*, 2ul>)",256,0,0,12,0,32,"SQ_INSTS_VALU",15390720.000000,470203302559778,470203302649139
3,3,"Agent 2",1,1096245,1096245,16416768,223,"void at::native::vectorized_elementwise_kernel<16, at::native::BUnaryFunctor<unsigned char, unsigned char, unsigned char, at::native::lshift_kernel_cuda(at::TensorIteratorBase&)::{lambda()#1}::operator()() const::{lambda()#1}::operator()() const::{lambda(unsigned char, unsigned char)#1}>, std::array<char*, 2ul> >(int, at::native::BUnaryFunctor<unsigned char, unsigned char, unsigned char, at::native::lshift_kernel_cuda(at::TensorIteratorBase&)::{lambda()#1}::operator()() const::{lambda()#1}::operator()() const::{lambda(unsigned char, unsigned char)#1}>, std::array<char*, 2ul>)",256,0,0,12,0,32,"SQ_INSTS_VMEM",769536.000000,470203302559778,470203302649139
4,4,"Agent 2",1,1096245,1096245,16416768,392,"void at::native::vectorized_elementwise_kernel<16, at::native::BinaryFunctor<unsigned char, unsigned char, unsigned char, at::native::BitwiseOrFunctor<unsigned char> >, std::array<char*, 3ul> >(int, at::native::BinaryFunctor<unsigned char, unsigned char, unsigned char, at::native::BitwiseOrFunctor<unsigned char> >, std::array<char*, 3ul>)",256,0,0,20,0,32,"SQC_ICACHE_HITS",1530472.000000,470203331260229,470203331397030
4,4,"Agent 2",1,1096245,1096245,16416768,392,"void at::native::vectorized_elementwise_kernel<16, at::native::BinaryFunctor<unsigned char, unsigned char, unsigned char, at::native::BitwiseOrFunctor<unsigned char> >, std::array<char*, 3ul> >(int, at::native::BinaryFunctor<unsigned char, unsigned char, unsigned char, at::native::BitwiseOrFunctor<unsigned char> >, std::array<char*, 3ul>)",256,0,0,20,0,32,"SQC_ICACHE_REQ",1539072.000000,470203331260229,470203331397030
4,4,"Agent 2",1,1096245,1096245,16416768,392,"void at::native::vectorized_elementwise_kernel<16, at::native::BinaryFunctor<unsigned char, unsigned char, unsigned char, at::native::BitwiseOrFunctor<unsigned char> >, std::array<char*, 3ul> >(int, at::native::BinaryFunctor<unsigned char, unsigned char, unsigned char, at::native::BitwiseOrFunctor<unsigned char> >, std::array<char*, 3ul>)",256,0,0,20,0,32,"SQ_INSTS",7438848.000000,470203331260229,470203331397030
4,4,"Agent 2",1,1096245,1096245,16416768,392,"void at::native::vectorized_elementwise_kernel<16, at::native::BinaryFunctor<unsigned char, unsigned char, unsigned char, at::native::BitwiseOrFunctor<unsigned char> >, std::array<char*, 3ul> >(int, at::native::BinaryFunctor<unsigned char, unsigned char, unsigned char, at::native::BitwiseOrFunctor<unsigned char> >, std::array<char*, 3ul>)",256,0,0,20,0,32,"SQ_INSTS_SALU",3334656.000000,470203331260229,470203331397030
4,4,"Agent 2",1,1096245,1096245,16416768,392,"void at::native::vectorized_elementwise_kernel<16, at::native::BinaryFunctor<unsigned char, unsigned char, unsigned char, at::native::BitwiseOrFunctor<unsigned char> >, std::array<char*, 3ul> >(int, at::native::BinaryFunctor<unsigned char, unsigned char, unsigned char, at::native::BitwiseOrFunctor<unsigned char> >, std::array<char*, 3ul>)",256,0,0,20,0,32,"SQ_INSTS_SMEM",769536.000000,470203331260229,470203331397030
4,4,"Agent 2",1,1096245,1096245,16416768,392,"void at::native::vectorized_elementwise_kernel<16, at::native::BinaryFunctor<unsigned char, unsigned char, unsigned char, at::native::BitwiseOrFunctor<unsigned char> >, std::array<char*, 3ul> >(int, at::native::BinaryFunctor<unsigned char, unsigned char, unsigned char, at::native::BitwiseOrFunctor<unsigned char> >, std::array<char*, 3ul>)",256,0,0,20,0,32,"SQ_INSTS_VALU",1282560.000000,470203331260229,470203331397030
4,4,"Agent 2",1,1096245,1096245,16416768,392,"void at::native::vectorized_elementwise_kernel<16, at::native::BinaryFunctor<unsigned char, unsigned char, unsigned char, at::native::BitwiseOrFunctor<unsigned char> >, std::array<char*, 3ul> >(int, at::native::BinaryFunctor<unsigned char, unsigned char, unsigned char, at::native::BitwiseOrFunctor<unsigned char> >, std::array<char*, 3ul>)",256,0,0,20,0,32,"SQ_INSTS_VMEM",769536.000000,470203331260229,470203331397030
5,5,"Agent 2",1,1096245,1096245,524288,66,"void at::native::(anonymous namespace)::distribution_elementwise_grid_stride_kernel<unsigned int, 4, at::native::templates::cuda::random_from_to_kernel<at::CUDAGeneratorImpl*>(at::TensorIteratorBase&, unsigned long, long, at::CUDAGeneratorImpl*)::{lambda()#1}::operator()() const::{lambda()#1}::operator()() const::{lambda(hiprandStatePhilox4_32_10*)#2}, at::native::(anonymous namespace)::distribution_nullary_kernel<unsigned char, unsigned int, HIP_vector_type<unsigned int, 4u>, at::CUDAGeneratorImpl*, at::native::templates::cuda::random_from_to_kernel<at::CUDAGeneratorImpl*>(at::TensorIteratorBase&, unsigned long, long, at::CUDAGeneratorImpl*)::{lambda()#1}::operator()() const::{lambda()#1}::operator()() const::{lambda(hiprandStatePhilox4_32_10*)#2}, at::native::templates::cuda::random_from_to_kernel<at::CUDAGeneratorImpl*>(at::TensorIteratorBase&, unsigned long, long, at::CUDAGeneratorImpl*)::{lambda()#1}::operator()() const::{lambda()#1}::operator()() const::{lambda(unsigned int)#1}>(at::TensorIteratorBase&, at::CUDAGeneratorImpl*, at::native::templates::cuda::random_from_to_kernel<at::CUDAGeneratorImpl*>(at::TensorIteratorBase&, unsigned long, long, at::CUDAGeneratorImpl*)::{lambda()#1}::operator()() const::{lambda()#1}::operator()() const::{lambda(hiprandStatePhilox4_32_10*)#2} const&, at::native::templates::cuda::random_from_to_kernel<at::CUDAGeneratorImpl*>(at::TensorIteratorBase&, unsigned long, long, at::CUDAGeneratorImpl*)::{lambda()#1}::operator()() const::{lambda()#1}::operator()() const::{lambda(unsigned int)#1})::{lambda(int, unsigned int)#1}>(long, at::PhiloxCudaState, at::native::templates::cuda::random_from_to_kernel<at::CUDAGeneratorImpl*>(at::TensorIteratorBase&, unsigned long, long, at::CUDAGeneratorImpl*)::{lambda()#1}::operator()() const::{lambda()#1}::operator()() const::{lambda(hiprandStatePhilox4_32_10*)#2}, at::native::(anonymous namespace)::distribution_nullary_kernel<unsigned char, unsigned int, HIP_vector_type<unsigned int, 4u>, at::CUDAGeneratorImpl*, at::native::templates::cuda::random_from_to_kernel<at::CUDAGeneratorImpl*>(at::TensorIteratorBase&, unsigned long, long, at::CUDAGeneratorImpl*)::{lambda()#1}::operator()() const::{lambda()#1}::operator()() const::{lambda(hiprandStatePhilox4_32_10*)#2}, at::native::templates::cuda::random_from_to_kernel<at::CUDAGeneratorImpl*>(at::TensorIteratorBase&, unsigned long, long, at::CUDAGeneratorImpl*)::{lambda()#1}::operator()() const::{lambda()#1}::operator()() const::{lambda(unsigned int)#1}>(at::TensorIteratorBase&, at::CUDAGeneratorImpl*, at::native::templates::cuda::random_from_to_kernel<at::CUDAGeneratorImpl*>(at::TensorIteratorBase&, unsigned long, long, at::CUDAGeneratorImpl*)::{lambda()#1}::operator()() const::{lambda()#1}::operator()() const::{lambda(hiprandStatePhilox4_32_10*)#2} const&, at::native::templates::cuda::random_from_to_kernel<at::CUDAGeneratorImpl*>(at::TensorIteratorBase&, unsigned long, long, at::CUDAGeneratorImpl*)::{lambda()#1}::operator()() const::{lambda()#1}::operator()() const::{lambda(unsigned int)#1})::{lambda(int, unsigned int)#1})",256,0,0,32,0,48,"SQC_ICACHE_HITS",312229546.000000,470203331522032,470203334224016
5,5,"Agent 2",1,1096245,1096245,524288,66,"void at::native::(anonymous namespace)::distribution_elementwise_grid_stride_kernel<unsigned int, 4, at::native::templates::cuda::random_from_to_kernel<at::CUDAGeneratorImpl*>(at::TensorIteratorBase&, unsigned long, long, at::CUDAGeneratorImpl*)::{lambda()#1}::operator()() const::{lambda()#1}::operator()() const::{lambda(hiprandStatePhilox4_32_10*)#2}, at::native::(anonymous namespace)::distribution_nullary_kernel<unsigned char, unsigned int, HIP_vector_type<unsigned int, 4u>, at::CUDAGeneratorImpl*, at::native::templates::cuda::random_from_to_kernel<at::CUDAGeneratorImpl*>(at::TensorIteratorBase&, unsigned long, long, at::CUDAGeneratorImpl*)::{lambda()#1}::operator()() const::{lambda()#1}::operator()() const::{lambda(hiprandStatePhilox4_32_10*)#2}, at::native::templates::cuda::random_from_to_kernel<at::CUDAGeneratorImpl*>(at::TensorIteratorBase&, unsigned long, long, at::CUDAGeneratorImpl*)::{lambda()#1}::operator()() const::{lambda()#1}::operator()() const::{lambda(unsigned int)#1}>(at::TensorIteratorBase&, at::CUDAGeneratorImpl*, at::native::templates::cuda::random_from_to_kernel<at::CUDAGeneratorImpl*>(at::TensorIteratorBase&, unsigned long, long, at::CUDAGeneratorImpl*)::{lambda()#1}::operator()() const::{lambda()#1}::operator()() const::{lambda(hiprandStatePhilox4_32_10*)#2} const&, at::native::templates::cuda::random_from_to_kernel<at::CUDAGeneratorImpl*>(at::TensorIteratorBase&, unsigned long, long, at::CUDAGeneratorImpl*)::{lambda()#1}::operator()() const::{lambda()#1}::operator()() const::{lambda(unsigned int)#1})::{lambda(int, unsigned int)#1}>(long, at::PhiloxCudaState, at::native::templates::cuda::random_from_to_kernel<at::CUDAGeneratorImpl*>(at::TensorIteratorBase&, unsigned long, long, at::CUDAGeneratorImpl*)::{lambda()#1}::operator()() const::{lambda()#1}::operator()() const::{lambda(hiprandStatePhilox4_32_10*)#2}, at::native::(anonymous namespace)::distribution_nullary_kernel<unsigned char, unsigned int, HIP_vector_type<unsigned int, 4u>, at::CUDAGeneratorImpl*, at::native::templates::cuda::random_from_to_kernel<at::CUDAGeneratorImpl*>(at::TensorIteratorBase&, unsigned long, long, at::CUDAGeneratorImpl*)::{lambda()#1}::operator()() const::{lambda()#1}::operator()() const::{lambda(hiprandStatePhilox4_32_10*)#2}, at::native::templates::cuda::random_from_to_kernel<at::CUDAGeneratorImpl*>(at::TensorIteratorBase&, unsigned long, long, at::CUDAGeneratorImpl*)::{lambda()#1}::operator()() const::{lambda()#1}::operator()() const::{lambda(unsigned int)#1}>(at::TensorIteratorBase&, at::CUDAGeneratorImpl*, at::native::templates::cuda::random_from_to_kernel<at::CUDAGeneratorImpl*>(at::TensorIteratorBase&, unsigned long, long, at::CUDAGeneratorImpl*)::{lambda()#1}::operator()() const::{lambda()#1}::operator()() const::{lambda(hiprandStatePhilox4_32_10*)#2} const&, at::native::templates::cuda::random_from_to_kernel<at::CUDAGeneratorImpl*>(at::TensorIteratorBase&, unsigned long, long, at::CUDAGeneratorImpl*)::{lambda()#1}::operator()() const::{lambda()#1}::operator()() const::{lambda(unsigned int)#1})::{lambda(int, unsigned int)#1})",256,0,0,32,0,48,"SQC_ICACHE_REQ",312246272.000000,470203331522032,470203334224016
5,5,"Agent 2",1,1096245,1096245,524288,66,"void at::native::(anonymous namespace)::distribution_elementwise_grid_stride_kernel<unsigned int, 4, at::native::templates::cuda::random_from_to_kernel<at::CUDAGeneratorImpl*>(at::TensorIteratorBase&, unsigned long, long, at::CUDAGeneratorImpl*)::{lambda()#1}::operator()() const::{lambda()#1}::operator()() const::{lambda(hiprandStatePhilox4_32_10*)#2}, at::native::(anonymous namespace)::distribution_nullary_kernel<unsigned char, unsigned int, HIP_vector_type<unsigned int, 4u>, at::CUDAGeneratorImpl*, at::native::templates::cuda::random_from_to_kernel<at::CUDAGeneratorImpl*>(at::TensorIteratorBase&, unsigned long, long, at::CUDAGeneratorImpl*)::{lambda()#1}::operator()() const::{lambda()#1}::operator()() const::{lambda(hiprandStatePhilox4_32_10*)#2}, at::native::templates::cuda::random_from_to_kernel<at::CUDAGeneratorImpl*>(at::TensorIteratorBase&, unsigned long, long, at::CUDAGeneratorImpl*)::{lambda()#1}::operator()() const::{lambda()#1}::operator()() const::{lambda(unsigned int)#1}>(at::TensorIteratorBase&, at::CUDAGeneratorImpl*, at::native::templates::cuda::random_from_to_kernel<at::CUDAGeneratorImpl*>(at::TensorIteratorBase&, unsigned long, long, at::CUDAGeneratorImpl*)::{lambda()#1}::operator()() const::{lambda()#1}::operator()() const::{lambda(hiprandStatePhilox4_32_10*)#2} const&, at::native::templates::cuda::random_from_to_kernel<at::CUDAGeneratorImpl*>(at::TensorIteratorBase&, unsigned long, long, at::CUDAGeneratorImpl*)::{lambda()#1}::operator()() const::{lambda()#1}::operator()() const::{lambda(unsigned int)#1})::{lambda(int, unsigned int)#1}>(long, at::PhiloxCudaState, at::native::templates::cuda::random_from_to_kernel<at::CUDAGeneratorImpl*>(at::TensorIteratorBase&, unsigned long, long, at::CUDAGeneratorImpl*)::{lambda()#1}::operator()() const::{lambda()#1}::operator()() const::{lambda(hiprandStatePhilox4_32_10*)#2}, at::native::(anonymous namespace)::distribution_nullary_kernel<unsigned char, unsigned int, HIP_vector_type<unsigned int, 4u>, at::CUDAGeneratorImpl*, at::native::templates::cuda::random_from_to_kernel<at::CUDAGeneratorImpl*>(at::TensorIteratorBase&, unsigned long, long, at::CUDAGeneratorImpl*)::{lambda()#1}::operator()() const::{lambda()#1}::operator()() const::{lambda(hiprandStatePhilox4_32_10*)#2}, at::native::templates::cuda::random_from_to_kernel<at::CUDAGeneratorImpl*>(at::TensorIteratorBase&, unsigned long, long, at::CUDAGeneratorImpl*)::{lambda()#1}::operator()() const::{lambda()#1}::operator()() const::{lambda(unsigned int)#1}>(at::TensorIteratorBase&, at::CUDAGeneratorImpl*, at::native::templates::cuda::random_from_to_kernel<at::CUDAGeneratorImpl*>(at::TensorIteratorBase&, unsigned long, long, at::CUDAGeneratorImpl*)::{lambda()#1}::operator()() const::{lambda()#1}::operator()() const::{lambda(hiprandStatePhilox4_32_10*)#2} const&, at::native::templates::cuda::random_from_to_kernel<at::CUDAGeneratorImpl*>(at::TensorIteratorBase&, unsigned long, long, at::CUDAGeneratorImpl*)::{lambda()#1}::operator()() const::{lambda()#1}::operator()() const::{lambda(unsigned int)#1})::{lambda(int, unsigned int)#1})",256,0,0,32,0,48,"SQ_INSTS",1979891712.000000,470203331522032,470203334224016
5,5,"Agent 2",1,1096245,1096245,524288,66,"void at::native::(anonymous namespace)::distribution_elementwise_grid_stride_kernel<unsigned int, 4, at::native::templates::cuda::random_from_to_kernel<at::CUDAGeneratorImpl*>(at::TensorIteratorBase&, unsigned long, long, at::CUDAGeneratorImpl*)::{lambda()#1}::operator()() const::{lambda()#1}::operator()() const::{lambda(hiprandStatePhilox4_32_10*)#2}, at::native::(anonymous namespace)::distribution_nullary_kernel<unsigned char, unsigned int, HIP_vector_type<unsigned int, 4u>, at::CUDAGeneratorImpl*, at::native::templates::cuda::random_from_to_kernel<at::CUDAGeneratorImpl*>(at::TensorIteratorBase&, unsigned long, long, at::CUDAGeneratorImpl*)::{lambda()#1}::operator()() const::{lambda()#1}::operator()() const::{lambda(hiprandStatePhilox4_32_10*)#2}, at::native::templates::cuda::random_from_to_kernel<at::CUDAGeneratorImpl*>(at::TensorIteratorBase&, unsigned long, long, at::CUDAGeneratorImpl*)::{lambda()#1}::operator()() const::{lambda()#1}::operator()() const::{lambda(unsigned int)#1}>(at::TensorIteratorBase&, at::CUDAGeneratorImpl*, at::native::templates::cuda::random_from_to_kernel<at::CUDAGeneratorImpl*>(at::TensorIteratorBase&, unsigned long, long, at::CUDAGeneratorImpl*)::{lambda()#1}::operator()() const::{lambda()#1}::operator()() const::{lambda(hiprandStatePhilox4_32_10*)#2} const&, at::native::templates::cuda::random_from_to_kernel<at::CUDAGeneratorImpl*>(at::TensorIteratorBase&, unsigned long, long, at::CUDAGeneratorImpl*)::{lambda()#1}::operator()() const::{lambda()#1}::operator()() const::{lambda(unsigned int)#1})::{lambda(int, unsigned int)#1}>(long, at::PhiloxCudaState, at::native::templates::cuda::random_from_to_kernel<at::CUDAGeneratorImpl*>(at::TensorIteratorBase&, unsigned long, long, at::CUDAGeneratorImpl*)::{lambda()#1}::operator()() const::{lambda()#1}::operator()() const::{lambda(hiprandStatePhilox4_32_10*)#2}, at::native::(anonymous namespace)::distribution_nullary_kernel<unsigned char, unsigned int, HIP_vector_type<unsigned int, 4u>, at::CUDAGeneratorImpl*, at::native::templates::cuda::random_from_to_kernel<at::CUDAGeneratorImpl*>(at::TensorIteratorBase&, unsigned long, long, at::CUDAGeneratorImpl*)::{lambda()#1}::operator()() const::{lambda()#1}::operator()() const::{lambda(hiprandStatePhilox4_32_10*)#2}, at::native::templates::cuda::random_from_to_kernel<at::CUDAGeneratorImpl*>(at::TensorIteratorBase&, unsigned long, long, at::CUDAGeneratorImpl*)::{lambda()#1}::operator()() const::{lambda()#1}::operator()() const::{lambda(unsigned int)#1}>(at::TensorIteratorBase&, at::CUDAGeneratorImpl*, at::native::templates::cuda::random_from_to_kernel<at::CUDAGeneratorImpl*>(at::TensorIteratorBase&, unsigned long, long, at::CUDAGeneratorImpl*)::{lambda()#1}::operator()() const::{lambda()#1}::operator()() const::{lambda(hiprandStatePhilox4_32_10*)#2} const&, at::native::templates::cuda::random_from_to_kernel<at::CUDAGeneratorImpl*>(at::TensorIteratorBase&, unsigned long, long, at::CUDAGeneratorImpl*)::{lambda()#1}::operator()() const::{lambda()#1}::operator()() const::{lambda(unsigned int)#1})::{lambda(int, unsigned int)#1})",256,0,0,32,0,48,"SQ_INSTS_SALU",238649344.000000,470203331522032,470203334224016
5,5,"Agent 2",1,1096245,1096245,524288,66,"void at::native::(anonymous namespace)::distribution_elementwise_grid_stride_kernel<unsigned int, 4, at::native::templates::cuda::random_from_to_kernel<at::CUDAGeneratorImpl*>(at::TensorIteratorBase&, unsigned long, long, at::CUDAGeneratorImpl*)::{lambda()#1}::operator()() const::{lambda()#1}::operator()() const::{lambda(hiprandStatePhilox4_32_10*)#2}, at::native::(anonymous namespace)::distribution_nullary_kernel<unsigned char, unsigned int, HIP_vector_type<unsigned int, 4u>, at::CUDAGeneratorImpl*, at::native::templates::cuda::random_from_to_kernel<at::CUDAGeneratorImpl*>(at::TensorIteratorBase&, unsigned long, long, at::CUDAGeneratorImpl*)::{lambda()#1}::operator()() const::{lambda()#1}::operator()() const::{lambda(hiprandStatePhilox4_32_10*)#2}, at::native::templates::cuda::random_from_to_kernel<at::CUDAGeneratorImpl*>(at::TensorIteratorBase&, unsigned long, long, at::CUDAGeneratorImpl*)::{lambda()#1}::operator()() const::{lambda()#1}::operator()() const::{lambda(unsigned int)#1}>(at::TensorIteratorBase&, at::CUDAGeneratorImpl*, at::native::templates::cuda::random_from_to_kernel<at::CUDAGeneratorImpl*>(at::TensorIteratorBase&, unsigned long, long, at::CUDAGeneratorImpl*)::{lambda()#1}::operator()() const::{lambda()#1}::operator()() const::{lambda(hiprandStatePhilox4_32_10*)#2} const&, at::native::templates::cuda::random_from_to_kernel<at::CUDAGeneratorImpl*>(at::TensorIteratorBase&, unsigned long, long, at::CUDAGeneratorImpl*)::{lambda()#1}::operator()() const::{lambda()#1}::operator()() const::{lambda(unsigned int)#1})::{lambda(int, unsigned int)#1}>(long, at::PhiloxCudaState, at::native::templates::cuda::random_from_to_kernel<at::CUDAGeneratorImpl*>(at::TensorIteratorBase&, unsigned long, long, at::CUDAGeneratorImpl*)::{lambda()#1}::operator()() const::{lambda()#1}::operator()() const::{lambda(hiprandStatePhilox4_32_10*)#2}, at::native::(anonymous namespace)::distribution_nullary_kernel<unsigned char, unsigned int, HIP_vector_type<unsigned int, 4u>, at::CUDAGeneratorImpl*, at::native::templates::cuda::random_from_to_kernel<at::CUDAGeneratorImpl*>(at::TensorIteratorBase&, unsigned long, long, at::CUDAGeneratorImpl*)::{lambda()#1}::operator()() const::{lambda()#1}::operator()() const::{lambda(hiprandStatePhilox4_32_10*)#2}, at::native::templates::cuda::random_from_to_kernel<at::CUDAGeneratorImpl*>(at::TensorIteratorBase&, unsigned long, long, at::CUDAGeneratorImpl*)::{lambda()#1}::operator()() const::{lambda()#1}::operator()() const::{lambda(unsigned int)#1}>(at::TensorIteratorBase&, at::CUDAGeneratorImpl*, at::native::templates::cuda::random_from_to_kernel<at::CUDAGeneratorImpl*>(at::TensorIteratorBase&, unsigned long, long, at::CUDAGeneratorImpl*)::{lambda()#1}::operator()() const::{lambda()#1}::operator()() const::{lambda(hiprandStatePhilox4_32_10*)#2} const&, at::native::templates::cuda::random_from_to_kernel<at::CUDAGeneratorImpl*>(at::TensorIteratorBase&, unsigned long, long, at::CUDAGeneratorImpl*)::{lambda()#1}::operator()() const::{lambda()#1}::operator()() const::{lambda(unsigned int)#1})::{lambda(int, unsigned int)#1})",256,0,0,32,0,48,"SQ_INSTS_SMEM",65536.000000,470203331522032,470203334224016
5,5,"Agent 2",1,1096245,1096245,524288,66,"void at::native::(anonymous namespace)::distribution_elementwise_grid_stride_kernel<unsigned int, 4, at::native::templates::cuda::random_from_to_kernel<at::CUDAGeneratorImpl*>(at::TensorIteratorBase&, unsigned long, long, at::CUDAGeneratorImpl*)::{lambda()#1}::operator()() const::{lambda()#1}::operator()() const::{lambda(hiprandStatePhilox4_32_10*)#2}, at::native::(anonymous namespace)::distribution_nullary_kernel<unsigned char, unsigned int, HIP_vector_type<unsigned int, 4u>, at::CUDAGeneratorImpl*, at::native::templates::cuda::random_from_to_kernel<at::CUDAGeneratorImpl*>(at::TensorIteratorBase&, unsigned long, long, at::CUDAGeneratorImpl*)::{lambda()#1}::operator()() const::{lambda()#1}::operator()() const::{lambda(hiprandStatePhilox4_32_10*)#2}, at::native::templates::cuda::random_from_to_kernel<at::CUDAGeneratorImpl*>(at::TensorIteratorBase&, unsigned long, long, at::CUDAGeneratorImpl*)::{lambda()#1}::operator()() const::{lambda()#1}::operator()() const::{lambda(unsigned int)#1}>(at::TensorIteratorBase&, at::CUDAGeneratorImpl*, at::native::templates::cuda::random_from_to_kernel<at::CUDAGeneratorImpl*>(at::TensorIteratorBase&, unsigned long, long, at::CUDAGeneratorImpl*)::{lambda()#1}::operator()() const::{lambda()#1}::operator()() const::{lambda(hiprandStatePhilox4_32_10*)#2} const&, at::native::templates::cuda::random_from_to_kernel<at::CUDAGeneratorImpl*>(at::TensorIteratorBase&, unsigned long, long, at::CUDAGeneratorImpl*)::{lambda()#1}::operator()() const::{lambda()#1}::operator()() const::{lambda(unsigned int)#1})::{lambda(int, unsigned int)#1}>(long, at::PhiloxCudaState, at::native::templates::cuda::random_from_to_kernel<at::CUDAGeneratorImpl*>(at::TensorIteratorBase&, unsigned long, long, at::CUDAGeneratorImpl*)::{lambda()#1}::operator()() const::{lambda()#1}::operator()() const::{lambda(hiprandStatePhilox4_32_10*)#2}, at::native::(anonymous namespace)::distribution_nullary_kernel<unsigned char, unsigned int, HIP_vector_type<unsigned int, 4u>, at::CUDAGeneratorImpl*, at::native::templates::cuda::random_from_to_kernel<at::CUDAGeneratorImpl*>(at::TensorIteratorBase&, unsigned long, long, at::CUDAGeneratorImpl*)::{lambda()#1}::operator()() const::{lambda()#1}::operator()() const::{lambda(hiprandStatePhilox4_32_10*)#2}, at::native::templates::cuda::random_from_to_kernel<at::CUDAGeneratorImpl*>(at::TensorIteratorBase&, unsigned long, long, at::CUDAGeneratorImpl*)::{lambda()#1}::operator()() const::{lambda()#1}::operator()() const::{lambda(unsigned int)#1}>(at::TensorIteratorBase&, at::CUDAGeneratorImpl*, at::native::templates::cuda::random_from_to_kernel<at::CUDAGeneratorImpl*>(at::TensorIteratorBase&, unsigned long, long, at::CUDAGeneratorImpl*)::{lambda()#1}::operator()() const::{lambda()#1}::operator()() const::{lambda(hiprandStatePhilox4_32_10*)#2} const&, at::native::templates::cuda::random_from_to_kernel<at::CUDAGeneratorImpl*>(at::TensorIteratorBase&, unsigned long, long, at::CUDAGeneratorImpl*)::{lambda()#1}::operator()() const::{lambda()#1}::operator()() const::{lambda(unsigned int)#1})::{lambda(int, unsigned int)#1})",256,0,0,32,0,48,"SQ_INSTS_VALU",1478361088.000000,470203331522032,470203334224016
5,5,"Agent 2",1,1096245,1096245,524288,66,"void at::native::(anonymous namespace)::distribution_elementwise_grid_stride_kernel<unsigned int, 4, at::native::templates::cuda::random_from_to_kernel<at::CUDAGeneratorImpl*>(at::TensorIteratorBase&, unsigned long, long, at::CUDAGeneratorImpl*)::{lambda()#1}::operator()() const::{lambda()#1}::operator()() const::{lambda(hiprandStatePhilox4_32_10*)#2}, at::native::(anonymous namespace)::distribution_nullary_kernel<unsigned char, unsigned int, HIP_vector_type<unsigned int, 4u>, at::CUDAGeneratorImpl*, at::native::templates::cuda::random_from_to_kernel<at::CUDAGeneratorImpl*>(at::TensorIteratorBase&, unsigned long, long, at::CUDAGeneratorImpl*)::{lambda()#1}::operator()() const::{lambda()#1}::operator()() const::{lambda(hiprandStatePhilox4_32_10*)#2}, at::native::templates::cuda::random_from_to_kernel<at::CUDAGeneratorImpl*>(at::TensorIteratorBase&, unsigned long, long, at::CUDAGeneratorImpl*)::{lambda()#1}::operator()() const::{lambda()#1}::operator()() const::{lambda(unsigned int)#1}>(at::TensorIteratorBase&, at::CUDAGeneratorImpl*, at::native::templates::cuda::random_from_to_kernel<at::CUDAGeneratorImpl*>(at::TensorIteratorBase&, unsigned long, long, at::CUDAGeneratorImpl*)::{lambda()#1}::operator()() const::{lambda()#1}::operator()() const::{lambda(hiprandStatePhilox4_32_10*)#2} const&, at::native::templates::cuda::random_from_to_kernel<at::CUDAGeneratorImpl*>(at::TensorIteratorBase&, unsigned long, long, at::CUDAGeneratorImpl*)::{lambda()#1}::operator()() const::{lambda()#1}::operator()() const::{lambda(unsigned int)#1})::{lambda(int, unsigned int)#1}>(long, at::PhiloxCudaState, at::native::templates::cuda::random_from_to_kernel<at::CUDAGeneratorImpl*>(at::TensorIteratorBase&, unsigned long, long, at::CUDAGeneratorImpl*)::{lambda()#1}::operator()() const::{lambda()#1}::operator()() const::{lambda(hiprandStatePhilox4_32_10*)#2}, at::native::(anonymous namespace)::distribution_nullary_kernel<unsigned char, unsigned int, HIP_vector_type<unsigned int, 4u>, at::CUDAGeneratorImpl*, at::native::templates::cuda::random_from_to_kernel<at::CUDAGeneratorImpl*>(at::TensorIteratorBase&, unsigned long, long, at::CUDAGeneratorImpl*)::{lambda()#1}::operator()() const::{lambda()#1}::operator()() const::{lambda(hiprandStatePhilox4_32_10*)#2}, at::native::templates::cuda::random_from_to_kernel<at::CUDAGeneratorImpl*>(at::TensorIteratorBase&, unsigned long, long, at::CUDAGeneratorImpl*)::{lambda()#1}::operator()() const::{lambda()#1}::operator()() const::{lambda(unsigned int)#1}>(at::TensorIteratorBase&, at::CUDAGeneratorImpl*, at::native::templates::cuda::random_from_to_kernel<at::CUDAGeneratorImpl*>(at::TensorIteratorBase&, unsigned long, long, at::CUDAGeneratorImpl*)::{lambda()#1}::operator()() const::{lambda()#1}::operator()() const::{lambda(hiprandStatePhilox4_32_10*)#2} const&, at::native::templates::cuda::random_from_to_kernel<at::CUDAGeneratorImpl*>(at::TensorIteratorBase&, unsigned long, long, at::CUDAGeneratorImpl*)::{lambda()#1}::operator()() const::{lambda()#1}::operator()() const::{lambda(unsigned int)#1})::{lambda(int, unsigned int)#1})",256,0,0,32,0,48,"SQ_INSTS_VMEM",32833536.000000,470203331522032,470203334224016
6,6,"Agent 2",1,1096245,1096245,524288,66,"void at::native::(anonymous namespace)::distribution_elementwise_grid_stride_kernel<unsigned int, 4, at::native::templates::cuda::random_from_to_kernel<at::CUDAGeneratorImpl*>(at::TensorIteratorBase&, unsigned long, long, at::CUDAGeneratorImpl*)::{lambda()#1}::operator()() const::{lambda()#1}::operator()() const::{lambda(hiprandStatePhilox4_32_10*)#2}, at::native::(anonymous namespace)::distribution_nullary_kernel<unsigned char, unsigned int, HIP_vector_type<unsigned int, 4u>, at::CUDAGeneratorImpl*, at::native::templates::cuda::random_from_to_kernel<at::CUDAGeneratorImpl*>(at::TensorIteratorBase&, unsigned long, long, at::CUDAGeneratorImpl*)::{lambda()#1}::operator()() const::{lambda()#1}::operator()() const::{lambda(hiprandStatePhilox4_32_10*)#2}, at::native::templates::cuda::random_from_to_kernel<at::CUDAGeneratorImpl*>(at::TensorIteratorBase&, unsigned long, long, at::CUDAGeneratorImpl*)::{lambda()#1}::operator()() const::{lambda()#1}::operator()() const::{lambda(unsigned int)#1}>(at::TensorIteratorBase&, at::CUDAGeneratorImpl*, at::native::templates::cuda::random_from_to_kernel<at::CUDAGeneratorImpl*>(at::TensorIteratorBase&, unsigned long, long, at::CUDAGeneratorImpl*)::{lambda()#1}::operator()() const::{lambda()#1}::operator()() const::{lambda(hiprandStatePhilox4_32_10*)#2} const&, at::native::templates::cuda::random_from_to_kernel<at::CUDAGeneratorImpl*>(at::TensorIteratorBase&, unsigned long, long, at::CUDAGeneratorImpl*)::{lambda()#1}::operator()() const::{lambda()#1}::operator()() const::{lambda(unsigned int)#1})::{lambda(int, unsigned int)#1}>(long, at::PhiloxCudaState, at::native::templates::cuda::random_from_to_kernel<at::CUDAGeneratorImpl*>(at::TensorIteratorBase&, unsigned long, long, at::CUDAGeneratorImpl*)::{lambda()#1}::operator()() const::{lambda()#1}::operator()() const::{lambda(hiprandStatePhilox4_32_10*)#2}, at::native::(anonymous namespace)::distribution_nullary_kernel<unsigned char, unsigned int, HIP_vector_type<unsigned int, 4u>, at::CUDAGeneratorImpl*, at::native::templates::cuda::random_from_to_kernel<at::CUDAGeneratorImpl*>(at::TensorIteratorBase&, unsigned long, long, at::CUDAGeneratorImpl*)::{lambda()#1}::operator()() const::{lambda()#1}::operator()() const::{lambda(hiprandStatePhilox4_32_10*)#2}, at::native::templates::cuda::random_from_to_kernel<at::CUDAGeneratorImpl*>(at::TensorIteratorBase&, unsigned long, long, at::CUDAGeneratorImpl*)::{lambda()#1}::operator()() const::{lambda()#1}::operator()() const::{lambda(unsigned int)#1}>(at::TensorIteratorBase&, at::CUDAGeneratorImpl*, at::native::templates::cuda::random_from_to_kernel<at::CUDAGeneratorImpl*>(at::TensorIteratorBase&, unsigned long, long, at::CUDAGeneratorImpl*)::{lambda()#1}::operator()() const::{lambda()#1}::operator()() const::{lambda(hiprandStatePhilox4_32_10*)#2} const&, at::native::templates::cuda::random_from_to_kernel<at::CUDAGeneratorImpl*>(at::TensorIteratorBase&, unsigned long, long, at::CUDAGeneratorImpl*)::{lambda()#1}::operator()() const::{lambda()#1}::operator()() const::{lambda(unsigned int)#1})::{lambda(int, unsigned int)#1})",256,0,0,32,0,48,"SQC_ICACHE_HITS",312229781.000000,470203334331857,470203336991401
6,6,"Agent 2",1,1096245,1096245,524288,66,"void at::native::(anonymous namespace)::distribution_elementwise_grid_stride_kernel<unsigned int, 4, at::native::templates::cuda::random_from_to_kernel<at::CUDAGeneratorImpl*>(at::TensorIteratorBase&, unsigned long, long, at::CUDAGeneratorImpl*)::{lambda()#1}::operator()() const::{lambda()#1}::operator()() const::{lambda(hiprandStatePhilox4_32_10*)#2}, at::native::(anonymous namespace)::distribution_nullary_kernel<unsigned char, unsigned int, HIP_vector_type<unsigned int, 4u>, at::CUDAGeneratorImpl*, at::native::templates::cuda::random_from_to_kernel<at::CUDAGeneratorImpl*>(at::TensorIteratorBase&, unsigned long, long, at::CUDAGeneratorImpl*)::{lambda()#1}::operator()() const::{lambda()#1}::operator()() const::{lambda(hiprandStatePhilox4_32_10*)#2}, at::native::templates::cuda::random_from_to_kernel<at::CUDAGeneratorImpl*>(at::TensorIteratorBase&, unsigned long, long, at::CUDAGeneratorImpl*)::{lambda()#1}::operator()() const::{lambda()#1}::operator()() const::{lambda(unsigned int)#1}>(at::TensorIteratorBase&, at::CUDAGeneratorImpl*, at::native::templates::cuda::random_from_to_kernel<at::CUDAGeneratorImpl*>(at::TensorIteratorBase&, unsigned long, long, at::CUDAGeneratorImpl*)::{lambda()#1}::operator()() const::{lambda()#1}::operator()() const::{lambda(hiprandStatePhilox4_32_10*)#2} const&, at::native::templates::cuda::random_from_to_kernel<at::CUDAGeneratorImpl*>(at::TensorIteratorBase&, unsigned long, long, at::CUDAGeneratorImpl*)::{lambda()#1}::operator()() const::{lambda()#1}::operator()() const::{lambda(unsigned int)#1})::{lambda(int, unsigned int)#1}>(long, at::PhiloxCudaState, at::native::templates::cuda::random_from_to_kernel<at::CUDAGeneratorImpl*>(at::TensorIteratorBase&, unsigned long, long, at::CUDAGeneratorImpl*)::{lambda()#1}::operator()() const::{lambda()#1}::operator()() const::{lambda(hiprandStatePhilox4_32_10*)#2}, at::native::(anonymous namespace)::distribution_nullary_kernel<unsigned char, unsigned int, HIP_vector_type<unsigned int, 4u>, at::CUDAGeneratorImpl*, at::native::templates::cuda::random_from_to_kernel<at::CUDAGeneratorImpl*>(at::TensorIteratorBase&, unsigned long, long, at::CUDAGeneratorImpl*)::{lambda()#1}::operator()() const::{lambda()#1}::operator()() const::{lambda(hiprandStatePhilox4_32_10*)#2}, at::native::templates::cuda::random_from_to_kernel<at::CUDAGeneratorImpl*>(at::TensorIteratorBase&, unsigned long, long, at::CUDAGeneratorImpl*)::{lambda()#1}::operator()() const::{lambda()#1}::operator()() const::{lambda(unsigned int)#1}>(at::TensorIteratorBase&, at::CUDAGeneratorImpl*, at::native::templates::cuda::random_from_to_kernel<at::CUDAGeneratorImpl*>(at::TensorIteratorBase&, unsigned long, long, at::CUDAGeneratorImpl*)::{lambda()#1}::operator()() const::{lambda()#1}::operator()() const::{lambda(hiprandStatePhilox4_32_10*)#2} const&, at::native::templates::cuda::random_from_to_kernel<at::CUDAGeneratorImpl*>(at::TensorIteratorBase&, unsigned long, long, at::CUDAGeneratorImpl*)::{lambda()#1}::operator()() const::{lambda()#1}::operator()() const::{lambda(unsigned int)#1})::{lambda(int, unsigned int)#1})",256,0,0,32,0,48,"SQC_ICACHE_REQ",312246272.000000,470203334331857,470203336991401
6,6,"Agent 2",1,1096245,1096245,524288,66,"void at::native::(anonymous namespace)::distribution_elementwise_grid_stride_kernel<unsigned int, 4, at::native::templates::cuda::random_from_to_kernel<at::CUDAGeneratorImpl*>(at::TensorIteratorBase&, unsigned long, long, at::CUDAGeneratorImpl*)::{lambda()#1}::operator()() const::{lambda()#1}::operator()() const::{lambda(hiprandStatePhilox4_32_10*)#2}, at::native::(anonymous namespace)::distribution_nullary_kernel<unsigned char, unsigned int, HIP_vector_type<unsigned int, 4u>, at::CUDAGeneratorImpl*, at::native::templates::cuda::random_from_to_kernel<at::CUDAGeneratorImpl*>(at::TensorIteratorBase&, unsigned long, long, at::CUDAGeneratorImpl*)::{lambda()#1}::operator()() const::{lambda()#1}::operator()() const::{lambda(hiprandStatePhilox4_32_10*)#2}, at::native::templates::cuda::random_from_to_kernel<at::CUDAGeneratorImpl*>(at::TensorIteratorBase&, unsigned long, long, at::CUDAGeneratorImpl*)::{lambda()#1}::operator()() const::{lambda()#1}::operator()() const::{lambda(unsigned int)#1}>(at::TensorIteratorBase&, at::CUDAGeneratorImpl*, at::native::templates::cuda::random_from_to_kernel<at::CUDAGeneratorImpl*>(at::TensorIteratorBase&, unsigned long, long, at::CUDAGeneratorImpl*)::{lambda()#1}::operator()() const::{lambda()#1}::operator()() const::{lambda(hiprandStatePhilox4_32_10*)#2} const&, at::native::templates::cuda::random_from_to_kernel<at::CUDAGeneratorImpl*>(at::TensorIteratorBase&, unsigned long, long, at::CUDAGeneratorImpl*)::{lambda()#1}::operator()() const::{lambda()#1}::operator()() const::{lambda(unsigned int)#1})::{lambda(int, unsigned int)#1}>(long, at::PhiloxCudaState, at::native::templates::cuda::random_from_to_kernel<at::CUDAGeneratorImpl*>(at::TensorIteratorBase&, unsigned long, long, at::CUDAGeneratorImpl*)::{lambda()#1}::operator()() const::{lambda()#1}::operator()() const::{lambda(hiprandStatePhilox4_32_10*)#2}, at::native::(anonymous namespace)::distribution_nullary_kernel<unsigned char, unsigned int, HIP_vector_type<unsigned int, 4u>, at::CUDAGeneratorImpl*, at::native::templates::cuda::random_from_to_kernel<at::CUDAGeneratorImpl*>(at::TensorIteratorBase&, unsigned long, long, at::CUDAGeneratorImpl*)::{lambda()#1}::operator()() const::{lambda()#1}::operator()() const::{lambda(hiprandStatePhilox4_32_10*)#2}, at::native::templates::cuda::random_from_to_kernel<at::CUDAGeneratorImpl*>(at::TensorIteratorBase&, unsigned long, long, at::CUDAGeneratorImpl*)::{lambda()#1}::operator()() const::{lambda()#1}::operator()() const::{lambda(unsigned int)#1}>(at::TensorIteratorBase&, at::CUDAGeneratorImpl*, at::native::templates::cuda::random_from_to_kernel<at::CUDAGeneratorImpl*>(at::TensorIteratorBase&, unsigned long, long, at::CUDAGeneratorImpl*)::{lambda()#1}::operator()() const::{lambda()#1}::operator()() const::{lambda(hiprandStatePhilox4_32_10*)#2} const&, at::native::templates::cuda::random_from_to_kernel<at::CUDAGeneratorImpl*>(at::TensorIteratorBase&, unsigned long, long, at::CUDAGeneratorImpl*)::{lambda()#1}::operator()() const::{lambda()#1}::operator()() const::{lambda(unsigned int)#1})::{lambda(int, unsigned int)#1})",256,0,0,32,0,48,"SQ_INSTS",1979891712.000000,470203334331857,470203336991401
6,6,"Agent 2",1,1096245,1096245,524288,66,"void at::native::(anonymous namespace)::distribution_elementwise_grid_stride_kernel<unsigned int, 4, at::native::templates::cuda::random_from_to_kernel<at::CUDAGeneratorImpl*>(at::TensorIteratorBase&, unsigned long, long, at::CUDAGeneratorImpl*)::{lambda()#1}::operator()() const::{lambda()#1}::operator()() const::{lambda(hiprandStatePhilox4_32_10*)#2}, at::native::(anonymous namespace)::distribution_nullary_kernel<unsigned char, unsigned int, HIP_vector_type<unsigned int, 4u>, at::CUDAGeneratorImpl*, at::native::templates::cuda::random_from_to_kernel<at::CUDAGeneratorImpl*>(at::TensorIteratorBase&, unsigned long, long, at::CUDAGeneratorImpl*)::{lambda()#1}::operator()() const::{lambda()#1}::operator()() const::{lambda(hiprandStatePhilox4_32_10*)#2}, at::native::templates::cuda::random_from_to_kernel<at::CUDAGeneratorImpl*>(at::TensorIteratorBase&, unsigned long, long, at::CUDAGeneratorImpl*)::{lambda()#1}::operator()() const::{lambda()#1}::operator()() const::{lambda(unsigned int)#1}>(at::TensorIteratorBase&, at::CUDAGeneratorImpl*, at::native::templates::cuda::random_from_to_kernel<at::CUDAGeneratorImpl*>(at::TensorIteratorBase&, unsigned long, long, at::CUDAGeneratorImpl*)::{lambda()#1}::operator()() const::{lambda()#1}::operator()() const::{lambda(hiprandStatePhilox4_32_10*)#2} const&, at::native::templates::cuda::random_from_to_kernel<at::CUDAGeneratorImpl*>(at::TensorIteratorBase&, unsigned long, long, at::CUDAGeneratorImpl*)::{lambda()#1}::operator()() const::{lambda()#1}::operator()() const::{lambda(unsigned int)#1})::{lambda(int, unsigned int)#1}>(long, at::PhiloxCudaState, at::native::templates::cuda::random_from_to_kernel<at::CUDAGeneratorImpl*>(at::TensorIteratorBase&, unsigned long, long, at::CUDAGeneratorImpl*)::{lambda()#1}::operator()() const::{lambda()#1}::operator()() const::{lambda(hiprandStatePhilox4_32_10*)#2}, at::native::(anonymous namespace)::distribution_nullary_kernel<unsigned char, unsigned int, HIP_vector_type<unsigned int, 4u>, at::CUDAGeneratorImpl*, at::native::templates::cuda::random_from_to_kernel<at::CUDAGeneratorImpl*>(at::TensorIteratorBase&, unsigned long, long, at::CUDAGeneratorImpl*)::{lambda()#1}::operator()() const::{lambda()#1}::operator()() const::{lambda(hiprandStatePhilox4_32_10*)#2}, at::native::templates::cuda::random_from_to_kernel<at::CUDAGeneratorImpl*>(at::TensorIteratorBase&, unsigned long, long, at::CUDAGeneratorImpl*)::{lambda()#1}::operator()() const::{lambda()#1}::operator()() const::{lambda(unsigned int)#1}>(at::TensorIteratorBase&, at::CUDAGeneratorImpl*, at::native::templates::cuda::random_from_to_kernel<at::CUDAGeneratorImpl*>(at::TensorIteratorBase&, unsigned long, long, at::CUDAGeneratorImpl*)::{lambda()#1}::operator()() const::{lambda()#1}::operator()() const::{lambda(hiprandStatePhilox4_32_10*)#2} const&, at::native::templates::cuda::random_from_to_kernel<at::CUDAGeneratorImpl*>(at::TensorIteratorBase&, unsigned long, long, at::CUDAGeneratorImpl*)::{lambda()#1}::operator()() const::{lambda()#1}::operator()() const::{lambda(unsigned int)#1})::{lambda(int, unsigned int)#1})",256,0,0,32,0,48,"SQ_INSTS_SALU",238649344.000000,470203334331857,470203336991401
6,6,"Agent 2",1,1096245,1096245,524288,66,"void at::native::(anonymous namespace)::distribution_elementwise_grid_stride_kernel<unsigned int, 4, at::native::templates::cuda::random_from_to_kernel<at::CUDAGeneratorImpl*>(at::TensorIteratorBase&, unsigned long, long, at::CUDAGeneratorImpl*)::{lambda()#1}::operator()() const::{lambda()#1}::operator()() const::{lambda(hiprandStatePhilox4_32_10*)#2}, at::native::(anonymous namespace)::distribution_nullary_kernel<unsigned char, unsigned int, HIP_vector_type<unsigned int, 4u>, at::CUDAGeneratorImpl*, at::native::templates::cuda::random_from_to_kernel<at::CUDAGeneratorImpl*>(at::TensorIteratorBase&, unsigned long, long, at::CUDAGeneratorImpl*)::{lambda()#1}::operator()() const::{lambda()#1}::operator()() const::{lambda(hiprandStatePhilox4_32_10*)#2}, at::native::templates::cuda::random_from_to_kernel<at::CUDAGeneratorImpl*>(at::TensorIteratorBase&, unsigned long, long, at::CUDAGeneratorImpl*)::{lambda()#1}::operator()() const::{lambda()#1}::operator()() const::{lambda(unsigned int)#1}>(at::TensorIteratorBase&, at::CUDAGeneratorImpl*, at::native::templates::cuda::random_from_to_kernel<at::CUDAGeneratorImpl*>(at::TensorIteratorBase&, unsigned long, long, at::CUDAGeneratorImpl*)::{lambda()#1}::operator()() const::{lambda()#1}::operator()() const::{lambda(hiprandStatePhilox4_32_10*)#2} const&, at::native::templates::cuda::random_from_to_kernel<at::CUDAGeneratorImpl*>(at::TensorIteratorBase&, unsigned long, long, at::CUDAGeneratorImpl*)::{lambda()#1}::operator()() const::{lambda()#1}::operator()() const::{lambda(unsigned int)#1})::{lambda(int, unsigned int)#1}>(long, at::PhiloxCudaState, at::native::templates::cuda::random_from_to_kernel<at::CUDAGeneratorImpl*>(at::TensorIteratorBase&, unsigned long, long, at::CUDAGeneratorImpl*)::{lambda()#1}::operator()() const::{lambda()#1}::operator()() const::{lambda(hiprandStatePhilox4_32_10*)#2}, at::native::(anonymous namespace)::distribution_nullary_kernel<unsigned char, unsigned int, HIP_vector_type<unsigned int, 4u>, at::CUDAGeneratorImpl*, at::native::templates::cuda::random_from_to_kernel<at::CUDAGeneratorImpl*>(at::TensorIteratorBase&, unsigned long, long, at::CUDAGeneratorImpl*)::{lambda()#1}::operator()() const::{lambda()#1}::operator()() const::{lambda(hiprandStatePhilox4_32_10*)#2}, at::native::templates::cuda::random_from_to_kernel<at::CUDAGeneratorImpl*>(at::TensorIteratorBase&, unsigned long, long, at::CUDAGeneratorImpl*)::{lambda()#1}::operator()() const::{lambda()#1}::operator()() const::{lambda(unsigned int)#1}>(at::TensorIteratorBase&, at::CUDAGeneratorImpl*, at::native::templates::cuda::random_from_to_kernel<at::CUDAGeneratorImpl*>(at::TensorIteratorBase&, unsigned long, long, at::CUDAGeneratorImpl*)::{lambda()#1}::operator()() const::{lambda()#1}::operator()() const::{lambda(hiprandStatePhilox4_32_10*)#2} const&, at::native::templates::cuda::random_from_to_kernel<at::CUDAGeneratorImpl*>(at::TensorIteratorBase&, unsigned long, long, at::CUDAGeneratorImpl*)::{lambda()#1}::operator()() const::{lambda()#1}::operator()() const::{lambda(unsigned int)#1})::{lambda(int, unsigned int)#1})",256,0,0,32,0,48,"SQ_INSTS_SMEM",65536.000000,470203334331857,470203336991401
6,6,"Agent 2",1,1096245,1096245,524288,66,"void at::native::(anonymous namespace)::distribution_elementwise_grid_stride_kernel<unsigned int, 4, at::native::templates::cuda::random_from_to_kernel<at::CUDAGeneratorImpl*>(at::TensorIteratorBase&, unsigned long, long, at::CUDAGeneratorImpl*)::{lambda()#1}::operator()() const::{lambda()#1}::operator()() const::{lambda(hiprandStatePhilox4_32_10*)#2}, at::native::(anonymous namespace)::distribution_nullary_kernel<unsigned char, unsigned int, HIP_vector_type<unsigned int, 4u>, at::CUDAGeneratorImpl*, at::native::templates::cuda::random_from_to_kernel<at::CUDAGeneratorImpl*>(at::TensorIteratorBase&, unsigned long, long, at::CUDAGeneratorImpl*)::{lambda()#1}::operator()() const::{lambda()#1}::operator()() const::{lambda(hiprandStatePhilox4_32_10*)#2}, at::native::templates::cuda::random_from_to_kernel<at::CUDAGeneratorImpl*>(at::TensorIteratorBase&, unsigned long, long, at::CUDAGeneratorImpl*)::{lambda()#1}::operator()() const::{lambda()#1}::operator()() const::{lambda(unsigned int)#1}>(at::TensorIteratorBase&, at::CUDAGeneratorImpl*, at::native::templates::cuda::random_from_to_kernel<at::CUDAGeneratorImpl*>(at::TensorIteratorBase&, unsigned long, long, at::CUDAGeneratorImpl*)::{lambda()#1}::operator()() const::{lambda()#1}::operator()() const::{lambda(hiprandStatePhilox4_32_10*)#2} const&, at::native::templates::cuda::random_from_to_kernel<at::CUDAGeneratorImpl*>(at::TensorIteratorBase&, unsigned long, long, at::CUDAGeneratorImpl*)::{lambda()#1}::operator()() const::{lambda()#1}::operator()() const::{lambda(unsigned int)#1})::{lambda(int, unsigned int)#1}>(long, at::PhiloxCudaState, at::native::templates::cuda::random_from_to_kernel<at::CUDAGeneratorImpl*>(at::TensorIteratorBase&, unsigned long, long, at::CUDAGeneratorImpl*)::{lambda()#1}::operator()() const::{lambda()#1}::operator()() const::{lambda(hiprandStatePhilox4_32_10*)#2}, at::native::(anonymous namespace)::distribution_nullary_kernel<unsigned char, unsigned int, HIP_vector_type<unsigned int, 4u>, at::CUDAGeneratorImpl*, at::native::templates::cuda::random_from_to_kernel<at::CUDAGeneratorImpl*>(at::TensorIteratorBase&, unsigned long, long, at::CUDAGeneratorImpl*)::{lambda()#1}::operator()() const::{lambda()#1}::operator()() const::{lambda(hiprandStatePhilox4_32_10*)#2}, at::native::templates::cuda::random_from_to_kernel<at::CUDAGeneratorImpl*>(at::TensorIteratorBase&, unsigned long, long, at::CUDAGeneratorImpl*)::{lambda()#1}::operator()() const::{lambda()#1}::operator()() const::{lambda(unsigned int)#1}>(at::TensorIteratorBase&, at::CUDAGeneratorImpl*, at::native::templates::cuda::random_from_to_kernel<at::CUDAGeneratorImpl*>(at::TensorIteratorBase&, unsigned long, long, at::CUDAGeneratorImpl*)::{lambda()#1}::operator()() const::{lambda()#1}::operator()() const::{lambda(hiprandStatePhilox4_32_10*)#2} const&, at::native::templates::cuda::random_from_to_kernel<at::CUDAGeneratorImpl*>(at::TensorIteratorBase&, unsigned long, long, at::CUDAGeneratorImpl*)::{lambda()#1}::operator()() const::{lambda()#1}::operator()() const::{lambda(unsigned int)#1})::{lambda(int, unsigned int)#1})",256,0,0,32,0,48,"SQ_INSTS_VALU",1478361088.000000,470203334331857,470203336991401
6,6,"Agent 2",1,1096245,1096245,524288,66,"void at::native::(anonymous namespace)::distribution_elementwise_grid_stride_kernel<unsigned int, 4, at::native::templates::cuda::random_from_to_kernel<at::CUDAGeneratorImpl*>(at::TensorIteratorBase&, unsigned long, long, at::CUDAGeneratorImpl*)::{lambda()#1}::operator()() const::{lambda()#1}::operator()() const::{lambda(hiprandStatePhilox4_32_10*)#2}, at::native::(anonymous namespace)::distribution_nullary_kernel<unsigned char, unsigned int, HIP_vector_type<unsigned int, 4u>, at::CUDAGeneratorImpl*, at::native::templates::cuda::random_from_to_kernel<at::CUDAGeneratorImpl*>(at::TensorIteratorBase&, unsigned long, long, at::CUDAGeneratorImpl*)::{lambda()#1}::operator()() const::{lambda()#1}::operator()() const::{lambda(hiprandStatePhilox4_32_10*)#2}, at::native::templates::cuda::random_from_to_kernel<at::CUDAGeneratorImpl*>(at::TensorIteratorBase&, unsigned long, long, at::CUDAGeneratorImpl*)::{lambda()#1}::operator()() const::{lambda()#1}::operator()() const::{lambda(unsigned int)#1}>(at::TensorIteratorBase&, at::CUDAGeneratorImpl*, at::native::templates::cuda::random_from_to_kernel<at::CUDAGeneratorImpl*>(at::TensorIteratorBase&, unsigned long, long, at::CUDAGeneratorImpl*)::{lambda()#1}::operator()() const::{lambda()#1}::operator()() const::{lambda(hiprandStatePhilox4_32_10*)#2} const&, at::native::templates::cuda::random_from_to_kernel<at::CUDAGeneratorImpl*>(at::TensorIteratorBase&, unsigned long, long, at::CUDAGeneratorImpl*)::{lambda()#1}::operator()() const::{lambda()#1}::operator()() const::{lambda(unsigned int)#1})::{lambda(int, unsigned int)#1}>(long, at::PhiloxCudaState, at::native::templates::cuda::random_from_to_kernel<at::CUDAGeneratorImpl*>(at::TensorIteratorBase&, unsigned long, long, at::CUDAGeneratorImpl*)::{lambda()#1}::operator()() const::{lambda()#1}::operator()() const::{lambda(hiprandStatePhilox4_32_10*)#2}, at::native::(anonymous namespace)::distribution_nullary_kernel<unsigned char, unsigned int, HIP_vector_type<unsigned int, 4u>, at::CUDAGeneratorImpl*, at::native::templates::cuda::random_from_to_kernel<at::CUDAGeneratorImpl*>(at::TensorIteratorBase&, unsigned long, long, at::CUDAGeneratorImpl*)::{lambda()#1}::operator()() const::{lambda()#1}::operator()() const::{lambda(hiprandStatePhilox4_32_10*)#2}, at::native::templates::cuda::random_from_to_kernel<at::CUDAGeneratorImpl*>(at::TensorIteratorBase&, unsigned long, long, at::CUDAGeneratorImpl*)::{lambda()#1}::operator()() const::{lambda()#1}::operator()() const::{lambda(unsigned int)#1}>(at::TensorIteratorBase&, at::CUDAGeneratorImpl*, at::native::templates::cuda::random_from_to_kernel<at::CUDAGeneratorImpl*>(at::TensorIteratorBase&, unsigned long, long, at::CUDAGeneratorImpl*)::{lambda()#1}::operator()() const::{lambda()#1}::operator()() const::{lambda(hiprandStatePhilox4_32_10*)#2} const&, at::native::templates::cuda::random_from_to_kernel<at::CUDAGeneratorImpl*>(at::TensorIteratorBase&, unsigned long, long, at::CUDAGeneratorImpl*)::{lambda()#1}::operator()() const::{lambda()#1}::operator()() const::{lambda(unsigned int)#1})::{lambda(int, unsigned int)#1})",256,0,0,32,0,48,"SQ_INSTS_VMEM",32833536.000000,470203334331857,470203336991401
7,7,"Agent 2",1,1096245,1096245,131334144,223,"void at::native::vectorized_elementwise_kernel<16, at::native::BUnaryFunctor<unsigned char, unsigned char, unsigned char, at::native::lshift_kernel_cuda(at::TensorIteratorBase&)::{lambda()#1}::operator()() const::{lambda()#1}::operator()() const::{lambda(unsigned char, unsigned char)#1}>, std::array<char*, 2ul> >(int, at::native::BUnaryFunctor<unsigned char, unsigned char, unsigned char, at::native::lshift_kernel_cuda(at::TensorIteratorBase&)::{lambda()#1}::operator()() const::{lambda()#1}::operator()() const::{lambda(unsigned char, unsigned char)#1}>, std::array<char*, 2ul>)",256,0,0,12,0,32,"SQC_ICACHE_HITS",32814719.000000,470203337102136,470203337834503
7,7,"Agent 2",1,1096245,1096245,131334144,223,"void at::native::vectorized_elementwise_kernel<16, at::native::BUnaryFunctor<unsigned char, unsigned char, unsigned char, at::native::lshift_kernel_cuda(at::TensorIteratorBase&)::{lambda()#1}::operator()() const::{lambda()#1}::operator()() const::{lambda(unsigned char, unsigned char)#1}>, std::array<char*, 2ul> >(int, at::native::BUnaryFunctor<unsigned char, unsigned char, unsigned char, at::native::lshift_kernel_cuda(at::TensorIteratorBase&)::{lambda()#1}::operator()() const::{lambda()#1}::operator()() const::{lambda(unsigned char, unsigned char)#1}>, std::array<char*, 2ul>)",256,0,0,12,0,32,"SQC_ICACHE_REQ",32833536.000000,470203337102136,470203337834503
7,7,"Agent 2",1,1096245,1096245,131334144,223,"void at::native::vectorized_elementwise_kernel<16, at::native::BUnaryFunctor<unsigned char, unsigned char, unsigned char, at::native::lshift_kernel_cuda(at::TensorIteratorBase&)::{lambda()#1}::operator()() const::{lambda()#1}::operator()() const::{lambda(unsigned char, unsigned char)#1}>, std::array<char*, 2ul> >(int, at::native::BUnaryFunctor<unsigned char, unsigned char, unsigned char, at::native::lshift_kernel_cuda(at::TensorIteratorBase&)::{lambda()#1}::operator()() const::{lambda()#1}::operator()() const::{lambda(unsigned char, unsigned char)#1}>, std::array<char*, 2ul>)",256,0,0,12,0,32,"SQ_INSTS",172376064.000000,470203337102136,470203337834503
7,7,"Agent 2",1,1096245,1096245,131334144,223,"void at::native::vectorized_elementwise_kernel<16, at::native::BUnaryFunctor<unsigned char, unsigned char, unsigned char, at::native::lshift_kernel_cuda(at::TensorIteratorBase&)::{lambda()#1}::operator()() const::{lambda()#1}::operator()() const::{lambda(unsigned char, unsigned char)#1}>, std::array<char*, 2ul> >(int, at::native::BUnaryFunctor<unsigned char, unsigned char, unsigned char, at::native::lshift_kernel_cuda(at::TensorIteratorBase&)::{lambda()#1}::operator()() const::{lambda()#1}::operator()() const::{lambda(unsigned char, unsigned char)#1}>, std::array<char*, 2ul>)",256,0,0,12,0,32,"SQ_INSTS_SALU",26677248.000000,470203337102136,470203337834503
7,7,"Agent 2",1,1096245,1096245,131334144,223,"void at::native::vectorized_elementwise_kernel<16, at::native::BUnaryFunctor<unsigned char, unsigned char, unsigned char, at::native::lshift_kernel_cuda(at::TensorIteratorBase&)::{lambda()#1}::operator()() const::{lambda()#1}::operator()() const::{lambda(unsigned char, unsigned char)#1}>, std::array<char*, 2ul> >(int, at::native::BUnaryFunctor<unsigned char, unsigned char, unsigned char, at::native::lshift_kernel_cuda(at::TensorIteratorBase&)::{lambda()#1}::operator()() const::{lambda()#1}::operator()() const::{lambda(unsigned char, unsigned char)#1}>, std::array<char*, 2ul>)",256,0,0,12,0,32,"SQ_INSTS_SMEM",4104192.000000,470203337102136,470203337834503
7,7,"Agent 2",1,1096245,1096245,131334144,223,"void at::native::vectorized_elementwise_kernel<16, at::native::BUnaryFunctor<unsigned char, unsigned char, unsigned char, at::native::lshift_kernel_cuda(at::TensorIteratorBase&)::{lambda()#1}::operator()() const::{lambda()#1}::operator()() const::{lambda(unsigned char, unsigned char)#1}>, std::array<char*, 2ul> >(int, at::native::BUnaryFunctor<unsigned char, unsigned char, unsigned char, at::native::lshift_kernel_cuda(at::TensorIteratorBase&)::{lambda()#1}::operator()() const::{lambda()#1}::operator()() const::{lambda(unsigned char, unsigned char)#1}>, std::array<char*, 2ul>)",256,0,0,12,0,32,"SQ_INSTS_VALU",123125760.000000,470203337102136,470203337834503
7,7,"Agent 2",1,1096245,1096245,131334144,223,"void at::native::vectorized_elementwise_kernel<16, at::native::BUnaryFunctor<unsigned char, unsigned char, unsigned char, at::native::lshift_kernel_cuda(at::TensorIteratorBase&)::{lambda()#1}::operator()() const::{lambda()#1}::operator()() const::{lambda(unsigned char, unsigned char)#1}>, std::array<char*, 2ul> >(int, at::native::BUnaryFunctor<unsigned char, unsigned char, unsigned char, at::native::lshift_kernel_cuda(at::TensorIteratorBase&)::{lambda()#1}::operator()() const::{lambda()#1}::operator()() const::{lambda(unsigned char, unsigned char)#1}>, std::array<char*, 2ul>)",256,0,0,12,0,32,"SQ_INSTS_VMEM",6156288.000000,470203337102136,470203337834503
8,8,"Agent 2",1,1096245,1096245,131334144,392,"void at::native::vectorized_elementwise_kernel<16, at::native::BinaryFunctor<unsigned char, unsigned char, unsigned char, at::native::BitwiseOrFunctor<unsigned char> >, std::array<char*, 3ul> >(int, at::native::BinaryFunctor<unsigned char, unsigned char, unsigned char, at::native::BitwiseOrFunctor<unsigned char> >, std::array<char*, 3ul>)",256,0,0,20,0,32,"SQC_ICACHE_HITS",12303109.000000,470203337903063,470203338953153
8,8,"Agent 2",1,1096245,1096245,131334144,392,"void at::native::vectorized_elementwise_kernel<16, at::native::BinaryFunctor<unsigned char, unsigned char, unsigned char, at::native::BitwiseOrFunctor<unsigned char> >, std::array<char*, 3ul> >(int, at::native::BinaryFunctor<unsigned char, unsigned char, unsigned char, at::native::BitwiseOrFunctor<unsigned char> >, std::array<char*, 3ul>)",256,0,0,20,0,32,"SQC_ICACHE_REQ",12312576.000000,470203337903063,470203338953153
8,8,"Agent 2",1,1096245,1096245,131334144,392,"void at::native::vectorized_elementwise_kernel<16, at::native::BinaryFunctor<unsigned char, unsigned char, unsigned char, at::native::BitwiseOrFunctor<unsigned char> >, std::array<char*, 3ul> >(int, at::native::BinaryFunctor<unsigned char, unsigned char, unsigned char, at::native::BitwiseOrFunctor<unsigned char> >, std::array<char*, 3ul>)",256,0,0,20,0,32,"SQ_INSTS",59510784.000000,470203337903063,470203338953153
8,8,"Agent 2",1,1096245,1096245,131334144,392,"void at::native::vectorized_elementwise_kernel<16, at::native::BinaryFunctor<unsigned char, unsigned char, unsigned char, at::native::BitwiseOrFunctor<unsigned char> >, std::array<char*, 3ul> >(int, at::native::BinaryFunctor<unsigned char, unsigned char, unsigned char, at::native::BitwiseOrFunctor<unsigned char> >, std::array<char*, 3ul>)",256,0,0,20,0,32,"SQ_INSTS_SALU",26677248.000000,470203337903063,470203338953153
8,8,"Agent 2",1,1096245,1096245,131334144,392,"void at::native::vectorized_elementwise_kernel<16, at::native::BinaryFunctor<unsigned char, unsigned char, unsigned char, at::native::BitwiseOrFunctor<unsigned char> >, std::array<char*, 3ul> >(int, at::native::BinaryFunctor<unsigned char, unsigned char, unsigned char, at::native::BitwiseOrFunctor<unsigned char> >, std::array<char*, 3ul>)",256,0,0,20,0,32,"SQ_INSTS_SMEM",6156288.000000,470203337903063,470203338953153
8,8,"Agent 2",1,1096245,1096245,131334144,392,"void at::native::vectorized_elementwise_kernel<16, at::native::BinaryFunctor<unsigned char, unsigned char, unsigned char, at::native::BitwiseOrFunctor<unsigned char> >, std::array<char*, 3ul> >(int, at::native::BinaryFunctor<unsigned char, unsigned char, unsigned char, at::native::BitwiseOrFunctor<unsigned char> >, std::array<char*, 3ul>)",256,0,0,20,0,32,"SQ_INSTS_VALU",10260480.000000,470203337903063,470203338953153
8,8,"Agent 2",1,1096245,1096245,131334144,392,"void at::native::vectorized_elementwise_kernel<16, at::native::BinaryFunctor<unsigned char, unsigned char, unsigned char, at::native::BitwiseOrFunctor<unsigned char> >, std::array<char*, 3ul> >(int, at::native::BinaryFunctor<unsigned char, unsigned char, unsigned char, at::native::BitwiseOrFunctor<unsigned char> >, std::array<char*, 3ul>)",256,0,0,20,0,32,"SQ_INSTS_VMEM",6156288.000000,470203337903063,470203338953153
9,9,"Agent 2",1,1096245,1096245,524288,62,"void at::native::(anonymous namespace)::distribution_elementwise_grid_stride_kernel<unsigned int, 4, at::native::templates::cuda::random_from_to_kernel<at::CUDAGeneratorImpl*>(at::TensorIteratorBase&, unsigned long, long, at::CUDAGeneratorImpl*)::{lambda()#1}::operator()() const::{lambda()#2}::operator()() const::{lambda(hiprandStatePhilox4_32_10*)#2}, at::native::(anonymous namespace)::distribution_nullary_kernel<signed char, unsigned int, HIP_vector_type<unsigned int, 4u>, at::CUDAGeneratorImpl*, at::native::templates::cuda::random_from_to_kernel<at::CUDAGeneratorImpl*>(at::TensorIteratorBase&, unsigned long, long, at::CUDAGeneratorImpl*)::{lambda()#1}::operator()() const::{lambda()#2}::operator()() const::{lambda(hiprandStatePhilox4_32_10*)#2}, at::native::templates::cuda::random_from_to_kernel<at::CUDAGeneratorImpl*>(at::TensorIteratorBase&, unsigned long, long, at::CUDAGeneratorImpl*)::{lambda()#1}::operator()() const::{lambda()#2}::operator()() const::{lambda(unsigned int)#1}>(at::TensorIteratorBase&, at::CUDAGeneratorImpl*, at::native::templates::cuda::random_from_to_kernel<at::CUDAGeneratorImpl*>(at::TensorIteratorBase&, unsigned long, long, at::CUDAGeneratorImpl*)::{lambda()#1}::operator()() const::{lambda()#2}::operator()() const::{lambda(hiprandStatePhilox4_32_10*)#2} const&, at::native::templates::cuda::random_from_to_kernel<at::CUDAGeneratorImpl*>(at::TensorIteratorBase&, unsigned long, long, at::CUDAGeneratorImpl*)::{lambda()#1}::operator()() const::{lambda()#2}::operator()() const::{lambda(unsigned int)#1})::{lambda(int, unsigned int)#1}>(long, at::PhiloxCudaState, at::native::templates::cuda::random_from_to_kernel<at::CUDAGeneratorImpl*>(at::TensorIteratorBase&, unsigned long, long, at::CUDAGeneratorImpl*)::{lambda()#1}::operator()() const::{lambda()#2}::operator()() const::{lambda(hiprandStatePhilox4_32_10*)#2}, at::native::(anonymous namespace)::distribution_nullary_kernel<signed char, unsigned int, HIP_vector_type<unsigned int, 4u>, at::CUDAGeneratorImpl*, at::native::templates::cuda::random_from_to_kernel<at::CUDAGeneratorImpl*>(at::TensorIteratorBase&, unsigned long, long, at::CUDAGeneratorImpl*)::{lambda()#1}::operator()() const::{lambda()#2}::operator()() const::{lambda(hiprandStatePhilox4_32_10*)#2}, at::native::templates::cuda::random_from_to_kernel<at::CUDAGeneratorImpl*>(at::TensorIteratorBase&, unsigned long, long, at::CUDAGeneratorImpl*)::{lambda()#1}::operator()() const::{lambda()#2}::operator()() const::{lambda(unsigned int)#1}>(at::TensorIteratorBase&, at::CUDAGeneratorImpl*, at::native::templates::cuda::random_from_to_kernel<at::CUDAGeneratorImpl*>(at::TensorIteratorBase&, unsigned long, long, at::CUDAGeneratorImpl*)::{lambda()#1}::operator()() const::{lambda()#2}::operator()() const::{lambda(hiprandStatePhilox4_32_10*)#2} const&, at::native::templates::cuda::random_from_to_kernel<at::CUDAGeneratorImpl*>(at::TensorIteratorBase&, unsigned long, long, at::CUDAGeneratorImpl*)::{lambda()#1}::operator()() const::{lambda()#2}::operator()() const::{lambda(unsigned int)#1})::{lambda(int, unsigned int)#1})",256,0,0,32,0,48,"SQC_ICACHE_HITS",2777254.000000,470203339017673,470203339045113
9,9,"Agent 2",1,1096245,1096245,524288,62,"void at::native::(anonymous namespace)::distribution_elementwise_grid_stride_kernel<unsigned int, 4, at::native::templates::cuda::random_from_to_kernel<at::CUDAGeneratorImpl*>(at::TensorIteratorBase&, unsigned long, long, at::CUDAGeneratorImpl*)::{lambda()#1}::operator()() const::{lambda()#2}::operator()() const::{lambda(hiprandStatePhilox4_32_10*)#2}, at::native::(anonymous namespace)::distribution_nullary_kernel<signed char, unsigned int, HIP_vector_type<unsigned int, 4u>, at::CUDAGeneratorImpl*, at::native::templates::cuda::random_from_to_kernel<at::CUDAGeneratorImpl*>(at::TensorIteratorBase&, unsigned long, long, at::CUDAGeneratorImpl*)::{lambda()#1}::operator()() const::{lambda()#2}::operator()() const::{lambda(hiprandStatePhilox4_32_10*)#2}, at::native::templates::cuda::random_from_to_kernel<at::CUDAGeneratorImpl*>(at::TensorIteratorBase&, unsigned long, long, at::CUDAGeneratorImpl*)::{lambda()#1}::operator()() const::{lambda()#2}::operator()() const::{lambda(unsigned int)#1}>(at::TensorIteratorBase&, at::CUDAGeneratorImpl*, at::native::templates::cuda::random_from_to_kernel<at::CUDAGeneratorImpl*>(at::TensorIteratorBase&, unsigned long, long, at::CUDAGeneratorImpl*)::{lambda()#1}::operator()() const::{lambda()#2}::operator()() const::{lambda(hiprandStatePhilox4_32_10*)#2} const&, at::native::templates::cuda::random_from_to_kernel<at::CUDAGeneratorImpl*>(at::TensorIteratorBase&, unsigned long, long, at::CUDAGeneratorImpl*)::{lambda()#1}::operator()() const::{lambda()#2}::operator()() const::{lambda(unsigned int)#1})::{lambda(int, unsigned int)#1}>(long, at::PhiloxCudaState, at::native::templates::cuda::random_from_to_kernel<at::CUDAGeneratorImpl*>(at::TensorIteratorBase&, unsigned long, long, at::CUDAGeneratorImpl*)::{lambda()#1}::operator()() const::{lambda()#2}::operator()() const::{lambda(hiprandStatePhilox4_32_10*)#2}, at::native::(anonymous namespace)::distribution_nullary_kernel<signed char, unsigned int, HIP_vector_type<unsigned int, 4u>, at::CUDAGeneratorImpl*, at::native::templates::cuda::random_from_to_kernel<at::CUDAGeneratorImpl*>(at::TensorIteratorBase&, unsigned long, long, at::CUDAGeneratorImpl*)::{lambda()#1}::operator()() const::{lambda()#2}::operator()() const::{lambda(hiprandStatePhilox4_32_10*)#2}, at::native::templates::cuda::random_from_to_kernel<at::CUDAGeneratorImpl*>(at::TensorIteratorBase&, unsigned long, long, at::CUDAGeneratorImpl*)::{lambda()#1}::operator()() const::{lambda()#2}::operator()() const::{lambda(unsigned int)#1}>(at::TensorIteratorBase&, at::CUDAGeneratorImpl*, at::native::templates::cuda::random_from_to_kernel<at::CUDAGeneratorImpl*>(at::TensorIteratorBase&, unsigned long, long, at::CUDAGeneratorImpl*)::{lambda()#1}::operator()() const::{lambda()#2}::operator()() const::{lambda(hiprandStatePhilox4_32_10*)#2} const&, at::native::templates::cuda::random_from_to_kernel<at::CUDAGeneratorImpl*>(at::TensorIteratorBase&, unsigned long, long, at::CUDAGeneratorImpl*)::{lambda()#1}::operator()() const::{lambda()#2}::operator()() const::{lambda(unsigned int)#1})::{lambda(int, unsigned int)#1})",256,0,0,32,0,48,"SQC_ICACHE_REQ",2795520.000000,470203339017673,470203339045113
9,9,"Agent 2",1,1096245,1096245,524288,62,"void at::native::(anonymous namespace)::distribution_elementwise_grid_stride_kernel<unsigned int, 4, at::native::templates::cuda::random_from_to_kernel<at::CUDAGeneratorImpl*>(at::TensorIteratorBase&, unsigned long, long, at::CUDAGeneratorImpl*)::{lambda()#1}::operator()() const::{lambda()#2}::operator()() const::{lambda(hiprandStatePhilox4_32_10*)#2}, at::native::(anonymous namespace)::distribution_nullary_kernel<signed char, unsigned int, HIP_vector_type<unsigned int, 4u>, at::CUDAGeneratorImpl*, at::native::templates::cuda::random_from_to_kernel<at::CUDAGeneratorImpl*>(at::TensorIteratorBase&, unsigned long, long, at::CUDAGeneratorImpl*)::{lambda()#1}::operator()() const::{lambda()#2}::operator()() const::{lambda(hiprandStatePhilox4_32_10*)#2}, at::native::templates::cuda::random_from_to_kernel<at::CUDAGeneratorImpl*>(at::TensorIteratorBase&, unsigned long, long, at::CUDAGeneratorImpl*)::{lambda()#1}::operator()() const::{lambda()#2}::operator()() const::{lambda(unsigned int)#1}>(at::TensorIteratorBase&, at::CUDAGeneratorImpl*, at::native::templates::cuda::random_from_to_kernel<at::CUDAGeneratorImpl*>(at::TensorIteratorBase&, unsigned long, long, at::CUDAGeneratorImpl*)::{lambda()#1}::operator()() const::{lambda()#2}::operator()() const::{lambda(hiprandStatePhilox4_32_10*)#2} const&, at::native::templates::cuda::random_from_to_kernel<at::CUDAGeneratorImpl*>(at::TensorIteratorBase&, unsigned long, long, at::CUDAGeneratorImpl*)::{lambda()#1}::operator()() const::{lambda()#2}::operator()() const::{lambda(unsigned int)#1})::{lambda(int, unsigned int)#1}>(long, at::PhiloxCudaState, at::native::templates::cuda::random_from_to_kernel<at::CUDAGeneratorImpl*>(at::TensorIteratorBase&, unsigned long, long, at::CUDAGeneratorImpl*)::{lambda()#1}::operator()() const::{lambda()#2}::operator()() const::{lambda(hiprandStatePhilox4_32_10*)#2}, at::native::(anonymous namespace)::distribution_nullary_kernel<signed char, unsigned int, HIP_vector_type<unsigned int, 4u>, at::CUDAGeneratorImpl*, at::native::templates::cuda::random_from_to_kernel<at::CUDAGeneratorImpl*>(at::TensorIteratorBase&, unsigned long, long, at::CUDAGeneratorImpl*)::{lambda()#1}::operator()() const::{lambda()#2}::operator()() const::{lambda(hiprandStatePhilox4_32_10*)#2}, at::native::templates::cuda::random_from_to_kernel<at::CUDAGeneratorImpl*>(at::TensorIteratorBase&, unsigned long, long, at::CUDAGeneratorImpl*)::{lambda()#1}::operator()() const::{lambda()#2}::operator()() const::{lambda(unsigned int)#1}>(at::TensorIteratorBase&, at::CUDAGeneratorImpl*, at::native::templates::cuda::random_from_to_kernel<at::CUDAGeneratorImpl*>(at::TensorIteratorBase&, unsigned long, long, at::CUDAGeneratorImpl*)::{lambda()#1}::operator()() const::{lambda()#2}::operator()() const::{lambda(hiprandStatePhilox4_32_10*)#2} const&, at::native::templates::cuda::random_from_to_kernel<at::CUDAGeneratorImpl*>(at::TensorIteratorBase&, unsigned long, long, at::CUDAGeneratorImpl*)::{lambda()#1}::operator()() const::{lambda()#2}::operator()() const::{lambda(unsigned int)#1})::{lambda(int, unsigned int)#1})",256,0,0,32,0,48,"SQ_INSTS",17290752.000000,470203339017673,470203339045113
9,9,"Agent 2",1,1096245,1096245,524288,62,"void at::native::(anonymous namespace)::distribution_elementwise_grid_stride_kernel<unsigned int, 4, at::native::templates::cuda::random_from_to_kernel<at::CUDAGeneratorImpl*>(at::TensorIteratorBase&, unsigned long, long, at::CUDAGeneratorImpl*)::{lambda()#1}::operator()() const::{lambda()#2}::operator()() const::{lambda(hiprandStatePhilox4_32_10*)#2}, at::native::(anonymous namespace)::distribution_nullary_kernel<signed char, unsigned int, HIP_vector_type<unsigned int, 4u>, at::CUDAGeneratorImpl*, at::native::templates::cuda::random_from_to_kernel<at::CUDAGeneratorImpl*>(at::TensorIteratorBase&, unsigned long, long, at::CUDAGeneratorImpl*)::{lambda()#1}::operator()() const::{lambda()#2}::operator()() const::{lambda(hiprandStatePhilox4_32_10*)#2}, at::native::templates::cuda::random_from_to_kernel<at::CUDAGeneratorImpl*>(at::TensorIteratorBase&, unsigned long, long, at::CUDAGeneratorImpl*)::{lambda()#1}::operator()() const::{lambda()#2}::operator()() const::{lambda(unsigned int)#1}>(at::TensorIteratorBase&, at::CUDAGeneratorImpl*, at::native::templates::cuda::random_from_to_kernel<at::CUDAGeneratorImpl*>(at::TensorIteratorBase&, unsigned long, long, at::CUDAGeneratorImpl*)::{lambda()#1}::operator()() const::{lambda()#2}::operator()() const::{lambda(hiprandStatePhilox4_32_10*)#2} const&, at::native::templates::cuda::random_from_to_kernel<at::CUDAGeneratorImpl*>(at::TensorIteratorBase&, unsigned long, long, at::CUDAGeneratorImpl*)::{lambda()#1}::operator()() const::{lambda()#2}::operator()() const::{lambda(unsigned int)#1})::{lambda(int, unsigned int)#1}>(long, at::PhiloxCudaState, at::native::templates::cuda::random_from_to_kernel<at::CUDAGeneratorImpl*>(at::TensorIteratorBase&, unsigned long, long, at::CUDAGeneratorImpl*)::{lambda()#1}::operator()() const::{lambda()#2}::operator()() const::{lambda(hiprandStatePhilox4_32_10*)#2}, at::native::(anonymous namespace)::distribution_nullary_kernel<signed char, unsigned int, HIP_vector_type<unsigned int, 4u>, at::CUDAGeneratorImpl*, at::native::templates::cuda::random_from_to_kernel<at::CUDAGeneratorImpl*>(at::TensorIteratorBase&, unsigned long, long, at::CUDAGeneratorImpl*)::{lambda()#1}::operator()() const::{lambda()#2}::operator()() const::{lambda(hiprandStatePhilox4_32_10*)#2}, at::native::templates::cuda::random_from_to_kernel<at::CUDAGeneratorImpl*>(at::TensorIteratorBase&, unsigned long, long, at::CUDAGeneratorImpl*)::{lambda()#1}::operator()() const::{lambda()#2}::operator()() const::{lambda(unsigned int)#1}>(at::TensorIteratorBase&, at::CUDAGeneratorImpl*, at::native::templates::cuda::random_from_to_kernel<at::CUDAGeneratorImpl*>(at::TensorIteratorBase&, unsigned long, long, at::CUDAGeneratorImpl*)::{lambda()#1}::operator()() const::{lambda()#2}::operator()() const::{lambda(hiprandStatePhilox4_32_10*)#2} const&, at::native::templates::cuda::random_from_to_kernel<at::CUDAGeneratorImpl*>(at::TensorIteratorBase&, unsigned long, long, at::CUDAGeneratorImpl*)::{lambda()#1}::operator()() const::{lambda()#2}::operator()() const::{lambda(unsigned int)#1})::{lambda(int, unsigned int)#1})",256,0,0,32,0,48,"SQ_INSTS_SALU",2489856.000000,470203339017673,470203339045113
9,9,"Agent 2",1,1096245,1096245,524288,62,"void at::native::(anonymous namespace)::distribution_elementwise_grid_stride_kernel<unsigned int, 4, at::native::templates::cuda::random_from_to_kernel<at::CUDAGeneratorImpl*>(at::TensorIteratorBase&, unsigned long, long, at::CUDAGeneratorImpl*)::{lambda()#1}::operator()() const::{lambda()#2}::operator()() const::{lambda(hiprandStatePhilox4_32_10*)#2}, at::native::(anonymous namespace)::distribution_nullary_kernel<signed char, unsigned int, HIP_vector_type<unsigned int, 4u>, at::CUDAGeneratorImpl*, at::native::templates::cuda::random_from_to_kernel<at::CUDAGeneratorImpl*>(at::TensorIteratorBase&, unsigned long, long, at::CUDAGeneratorImpl*)::{lambda()#1}::operator()() const::{lambda()#2}::operator()() const::{lambda(hiprandStatePhilox4_32_10*)#2}, at::native::templates::cuda::random_from_to_kernel<at::CUDAGeneratorImpl*>(at::TensorIteratorBase&, unsigned long, long, at::CUDAGeneratorImpl*)::{lambda()#1}::operator()() const::{lambda()#2}::operator()() const::{lambda(unsigned int)#1}>(at::TensorIteratorBase&, at::CUDAGeneratorImpl*, at::native::templates::cuda::random_from_to_kernel<at::CUDAGeneratorImpl*>(at::TensorIteratorBase&, unsigned long, long, at::CUDAGeneratorImpl*)::{lambda()#1}::operator()() const::{lambda()#2}::operator()() const::{lambda(hiprandStatePhilox4_32_10*)#2} const&, at::native::templates::cuda::random_from_to_kernel<at::CUDAGeneratorImpl*>(at::TensorIteratorBase&, unsigned long, long, at::CUDAGeneratorImpl*)::{lambda()#1}::operator()() const::{lambda()#2}::operator()() const::{lambda(unsigned int)#1})::{lambda(int, unsigned int)#1}>(long, at::PhiloxCudaState, at::native::templates::cuda::random_from_to_kernel<at::CUDAGeneratorImpl*>(at::TensorIteratorBase&, unsigned long, long, at::CUDAGeneratorImpl*)::{lambda()#1}::operator()() const::{lambda()#2}::operator()() const::{lambda(hiprandStatePhilox4_32_10*)#2}, at::native::(anonymous namespace)::distribution_nullary_kernel<signed char, unsigned int, HIP_vector_type<unsigned int, 4u>, at::CUDAGeneratorImpl*, at::native::templates::cuda::random_from_to_kernel<at::CUDAGeneratorImpl*>(at::TensorIteratorBase&, unsigned long, long, at::CUDAGeneratorImpl*)::{lambda()#1}::operator()() const::{lambda()#2}::operator()() const::{lambda(hiprandStatePhilox4_32_10*)#2}, at::native::templates::cuda::random_from_to_kernel<at::CUDAGeneratorImpl*>(at::TensorIteratorBase&, unsigned long, long, at::CUDAGeneratorImpl*)::{lambda()#1}::operator()() const::{lambda()#2}::operator()() const::{lambda(unsigned int)#1}>(at::TensorIteratorBase&, at::CUDAGeneratorImpl*, at::native::templates::cuda::random_from_to_kernel<at::CUDAGeneratorImpl*>(at::TensorIteratorBase&, unsigned long, long, at::CUDAGeneratorImpl*)::{lambda()#1}::operator()() const::{lambda()#2}::operator()() const::{lambda(hiprandStatePhilox4_32_10*)#2} const&, at::native::templates::cuda::random_from_to_kernel<at::CUDAGeneratorImpl*>(at::TensorIteratorBase&, unsigned long, long, at::CUDAGeneratorImpl*)::{lambda()#1}::operator()() const::{lambda()#2}::operator()() const::{lambda(unsigned int)#1})::{lambda(int, unsigned int)#1})",256,0,0,32,0,48,"SQ_INSTS_SMEM",65536.000000,470203339017673,470203339045113
9,9,"Agent 2",1,1096245,1096245,524288,62,"void at::native::(anonymous namespace)::distribution_elementwise_grid_stride_kernel<unsigned int, 4, at::native::templates::cuda::random_from_to_kernel<at::CUDAGeneratorImpl*>(at::TensorIteratorBase&, unsigned long, long, at::CUDAGeneratorImpl*)::{lambda()#1}::operator()() const::{lambda()#2}::operator()() const::{lambda(hiprandStatePhilox4_32_10*)#2}, at::native::(anonymous namespace)::distribution_nullary_kernel<signed char, unsigned int, HIP_vector_type<unsigned int, 4u>, at::CUDAGeneratorImpl*, at::native::templates::cuda::random_from_to_kernel<at::CUDAGeneratorImpl*>(at::TensorIteratorBase&, unsigned long, long, at::CUDAGeneratorImpl*)::{lambda()#1}::operator()() const::{lambda()#2}::operator()() const::{lambda(hiprandStatePhilox4_32_10*)#2}, at::native::templates::cuda::random_from_to_kernel<at::CUDAGeneratorImpl*>(at::TensorIteratorBase&, unsigned long, long, at::CUDAGeneratorImpl*)::{lambda()#1}::operator()() const::{lambda()#2}::operator()() const::{lambda(unsigned int)#1}>(at::TensorIteratorBase&, at::CUDAGeneratorImpl*, at::native::templates::cuda::random_from_to_kernel<at::CUDAGeneratorImpl*>(at::TensorIteratorBase&, unsigned long, long, at::CUDAGeneratorImpl*)::{lambda()#1}::operator()() const::{lambda()#2}::operator()() const::{lambda(hiprandStatePhilox4_32_10*)#2} const&, at::native::templates::cuda::random_from_to_kernel<at::CUDAGeneratorImpl*>(at::TensorIteratorBase&, unsigned long, long, at::CUDAGeneratorImpl*)::{lambda()#1}::operator()() const::{lambda()#2}::operator()() const::{lambda(unsigned int)#1})::{lambda(int, unsigned int)#1}>(long, at::PhiloxCudaState, at::native::templates::cuda::random_from_to_kernel<at::CUDAGeneratorImpl*>(at::TensorIteratorBase&, unsigned long, long, at::CUDAGeneratorImpl*)::{lambda()#1}::operator()() const::{lambda()#2}::operator()() const::{lambda(hiprandStatePhilox4_32_10*)#2}, at::native::(anonymous namespace)::distribution_nullary_kernel<signed char, unsigned int, HIP_vector_type<unsigned int, 4u>, at::CUDAGeneratorImpl*, at::native::templates::cuda::random_from_to_kernel<at::CUDAGeneratorImpl*>(at::TensorIteratorBase&, unsigned long, long, at::CUDAGeneratorImpl*)::{lambda()#1}::operator()() const::{lambda()#2}::operator()() const::{lambda(hiprandStatePhilox4_32_10*)#2}, at::native::templates::cuda::random_from_to_kernel<at::CUDAGeneratorImpl*>(at::TensorIteratorBase&, unsigned long, long, at::CUDAGeneratorImpl*)::{lambda()#1}::operator()() const::{lambda()#2}::operator()() const::{lambda(unsigned int)#1}>(at::TensorIteratorBase&, at::CUDAGeneratorImpl*, at::native::templates::cuda::random_from_to_kernel<at::CUDAGeneratorImpl*>(at::TensorIteratorBase&, unsigned long, long, at::CUDAGeneratorImpl*)::{lambda()#1}::operator()() const::{lambda()#2}::operator()() const::{lambda(hiprandStatePhilox4_32_10*)#2} const&, at::native::templates::cuda::random_from_to_kernel<at::CUDAGeneratorImpl*>(at::TensorIteratorBase&, unsigned long, long, at::CUDAGeneratorImpl*)::{lambda()#1}::operator()() const::{lambda()#2}::operator()() const::{lambda(unsigned int)#1})::{lambda(int, unsigned int)#1})",256,0,0,32,0,48,"SQ_INSTS_VALU",12524544.000000,470203339017673,470203339045113
9,9,"Agent 2",1,1096245,1096245,524288,62,"void at::native::(anonymous namespace)::distribution_elementwise_grid_stride_kernel<unsigned int, 4, at::native::templates::cuda::random_from_to_kernel<at::CUDAGeneratorImpl*>(at::TensorIteratorBase&, unsigned long, long, at::CUDAGeneratorImpl*)::{lambda()#1}::operator()() const::{lambda()#2}::operator()() const::{lambda(hiprandStatePhilox4_32_10*)#2}, at::native::(anonymous namespace)::distribution_nullary_kernel<signed char, unsigned int, HIP_vector_type<unsigned int, 4u>, at::CUDAGeneratorImpl*, at::native::templates::cuda::random_from_to_kernel<at::CUDAGeneratorImpl*>(at::TensorIteratorBase&, unsigned long, long, at::CUDAGeneratorImpl*)::{lambda()#1}::operator()() const::{lambda()#2}::operator()() const::{lambda(hiprandStatePhilox4_32_10*)#2}, at::native::templates::cuda::random_from_to_kernel<at::CUDAGeneratorImpl*>(at::TensorIteratorBase&, unsigned long, long, at::CUDAGeneratorImpl*)::{lambda()#1}::operator()() const::{lambda()#2}::operator()() const::{lambda(unsigned int)#1}>(at::TensorIteratorBase&, at::CUDAGeneratorImpl*, at::native::templates::cuda::random_from_to_kernel<at::CUDAGeneratorImpl*>(at::TensorIteratorBase&, unsigned long, long, at::CUDAGeneratorImpl*)::{lambda()#1}::operator()() const::{lambda()#2}::operator()() const::{lambda(hiprandStatePhilox4_32_10*)#2} const&, at::native::templates::cuda::random_from_to_kernel<at::CUDAGeneratorImpl*>(at::TensorIteratorBase&, unsigned long, long, at::CUDAGeneratorImpl*)::{lambda()#1}::operator()() const::{lambda()#2}::operator()() const::{lambda(unsigned int)#1})::{lambda(int, unsigned int)#1}>(long, at::PhiloxCudaState, at::native::templates::cuda::random_from_to_kernel<at::CUDAGeneratorImpl*>(at::TensorIteratorBase&, unsigned long, long, at::CUDAGeneratorImpl*)::{lambda()#1}::operator()() const::{lambda()#2}::operator()() const::{lambda(hiprandStatePhilox4_32_10*)#2}, at::native::(anonymous namespace)::distribution_nullary_kernel<signed char, unsigned int, HIP_vector_type<unsigned int, 4u>, at::CUDAGeneratorImpl*, at::native::templates::cuda::random_from_to_kernel<at::CUDAGeneratorImpl*>(at::TensorIteratorBase&, unsigned long, long, at::CUDAGeneratorImpl*)::{lambda()#1}::operator()() const::{lambda()#2}::operator()() const::{lambda(hiprandStatePhilox4_32_10*)#2}, at::native::templates::cuda::random_from_to_kernel<at::CUDAGeneratorImpl*>(at::TensorIteratorBase&, unsigned long, long, at::CUDAGeneratorImpl*)::{lambda()#1}::operator()() const::{lambda()#2}::operator()() const::{lambda(unsigned int)#1}>(at::TensorIteratorBase&, at::CUDAGeneratorImpl*, at::native::templates::cuda::random_from_to_kernel<at::CUDAGeneratorImpl*>(at::TensorIteratorBase&, unsigned long, long, at::CUDAGeneratorImpl*)::{lambda()#1}::operator()() const::{lambda()#2}::operator()() const::{lambda(hiprandStatePhilox4_32_10*)#2} const&, at::native::templates::cuda::random_from_to_kernel<at::CUDAGeneratorImpl*>(at::TensorIteratorBase&, unsigned long, long, at::CUDAGeneratorImpl*)::{lambda()#1}::operator()() const::{lambda()#2}::operator()() const::{lambda(unsigned int)#1})::{lambda(int, unsigned int)#1})",256,0,0,32,0,48,"SQ_INSTS_VMEM",256512.000000,470203339017673,470203339045113
10,10,"Agent 2",1,1096245,1096245,524288,62,"void at::native::(anonymous namespace)::distribution_elementwise_grid_stride_kernel<unsigned int, 4, at::native::templates::cuda::random_from_to_kernel<at::CUDAGeneratorImpl*>(at::TensorIteratorBase&, unsigned long, long, at::CUDAGeneratorImpl*)::{lambda()#1}::operator()() const::{lambda()#2}::operator()() const::{lambda(hiprandStatePhilox4_32_10*)#2}, at::native::(anonymous namespace)::distribution_nullary_kernel<signed char, unsigned int, HIP_vector_type<unsigned int, 4u>, at::CUDAGeneratorImpl*, at::native::templates::cuda::random_from_to_kernel<at::CUDAGeneratorImpl*>(at::TensorIteratorBase&, unsigned long, long, at::CUDAGeneratorImpl*)::{lambda()#1}::operator()() const::{lambda()#2}::operator()() const::{lambda(hiprandStatePhilox4_32_10*)#2}, at::native::templates::cuda::random_from_to_kernel<at::CUDAGeneratorImpl*>(at::TensorIteratorBase&, unsigned long, long, at::CUDAGeneratorImpl*)::{lambda()#1}::operator()() const::{lambda()#2}::operator()() const::{lambda(unsigned int)#1}>(at::TensorIteratorBase&, at::CUDAGeneratorImpl*, at::native::templates::cuda::random_from_to_kernel<at::CUDAGeneratorImpl*>(at::TensorIteratorBase&, unsigned long, long, at::CUDAGeneratorImpl*)::{lambda()#1}::operator()() const::{lambda()#2}::operator()() const::{lambda(hiprandStatePhilox4_32_10*)#2} const&, at::native::templates::cuda::random_from_to_kernel<at::CUDAGeneratorImpl*>(at::TensorIteratorBase&, unsigned long, long, at::CUDAGeneratorImpl*)::{lambda()#1}::operator()() const::{lambda()#2}::operator()() const::{lambda(unsigned int)#1})::{lambda(int, unsigned int)#1}>(long, at::PhiloxCudaState, at::native::templates::cuda::random_from_to_kernel<at::CUDAGeneratorImpl*>(at::TensorIteratorBase&, unsigned long, long, at::CUDAGeneratorImpl*)::{lambda()#1}::operator()() const::{lambda()#2}::operator()() const::{lambda(hiprandStatePhilox4_32_10*)#2}, at::native::(anonymous namespace)::distribution_nullary_kernel<signed char, unsigned int, HIP_vector_type<unsigned int, 4u>, at::CUDAGeneratorImpl*, at::native::templates::cuda::random_from_to_kernel<at::CUDAGeneratorImpl*>(at::TensorIteratorBase&, unsigned long, long, at::CUDAGeneratorImpl*)::{lambda()#1}::operator()() const::{lambda()#2}::operator()() const::{lambda(hiprandStatePhilox4_32_10*)#2}, at::native::templates::cuda::random_from_to_kernel<at::CUDAGeneratorImpl*>(at::TensorIteratorBase&, unsigned long, long, at::CUDAGeneratorImpl*)::{lambda()#1}::operator()() const::{lambda()#2}::operator()() const::{lambda(unsigned int)#1}>(at::TensorIteratorBase&, at::CUDAGeneratorImpl*, at::native::templates::cuda::random_from_to_kernel<at::CUDAGeneratorImpl*>(at::TensorIteratorBase&, unsigned long, long, at::CUDAGeneratorImpl*)::{lambda()#1}::operator()() const::{lambda()#2}::operator()() const::{lambda(hiprandStatePhilox4_32_10*)#2} const&, at::native::templates::cuda::random_from_to_kernel<at::CUDAGeneratorImpl*>(at::TensorIteratorBase&, unsigned long, long, at::CUDAGeneratorImpl*)::{lambda()#1}::operator()() const::{lambda()#2}::operator()() const::{lambda(unsigned int)#1})::{lambda(int, unsigned int)#1})",256,0,0,32,0,48,"SQC_ICACHE_HITS",19873833.000000,470203339141634,470203339314116
10,10,"Agent 2",1,1096245,1096245,524288,62,"void at::native::(anonymous namespace)::distribution_elementwise_grid_stride_kernel<unsigned int, 4, at::native::templates::cuda::random_from_to_kernel<at::CUDAGeneratorImpl*>(at::TensorIteratorBase&, unsigned long, long, at::CUDAGeneratorImpl*)::{lambda()#1}::operator()() const::{lambda()#2}::operator()() const::{lambda(hiprandStatePhilox4_32_10*)#2}, at::native::(anonymous namespace)::distribution_nullary_kernel<signed char, unsigned int, HIP_vector_type<unsigned int, 4u>, at::CUDAGeneratorImpl*, at::native::templates::cuda::random_from_to_kernel<at::CUDAGeneratorImpl*>(at::TensorIteratorBase&, unsigned long, long, at::CUDAGeneratorImpl*)::{lambda()#1}::operator()() const::{lambda()#2}::operator()() const::{lambda(hiprandStatePhilox4_32_10*)#2}, at::native::templates::cuda::random_from_to_kernel<at::CUDAGeneratorImpl*>(at::TensorIteratorBase&, unsigned long, long, at::CUDAGeneratorImpl*)::{lambda()#1}::operator()() const::{lambda()#2}::operator()() const::{lambda(unsigned int)#1}>(at::TensorIteratorBase&, at::CUDAGeneratorImpl*, at::native::templates::cuda::random_from_to_kernel<at::CUDAGeneratorImpl*>(at::TensorIteratorBase&, unsigned long, long, at::CUDAGeneratorImpl*)::{lambda()#1}::operator()() const::{lambda()#2}::operator()() const::{lambda(hiprandStatePhilox4_32_10*)#2} const&, at::native::templates::cuda::random_from_to_kernel<at::CUDAGeneratorImpl*>(at::TensorIteratorBase&, unsigned long, long, at::CUDAGeneratorImpl*)::{lambda()#1}::operator()() const::{lambda()#2}::operator()() const::{lambda(unsigned int)#1})::{lambda(int, unsigned int)#1}>(long, at::PhiloxCudaState, at::native::templates::cuda::random_from_to_kernel<at::CUDAGeneratorImpl*>(at::TensorIteratorBase&, unsigned long, long, at::CUDAGeneratorImpl*)::{lambda()#1}::operator()() const::{lambda()#2}::operator()() const::{lambda(hiprandStatePhilox4_32_10*)#2}, at::native::(anonymous namespace)::distribution_nullary_kernel<signed char, unsigned int, HIP_vector_type<unsigned int, 4u>, at::CUDAGeneratorImpl*, at::native::templates::cuda::random_from_to_kernel<at::CUDAGeneratorImpl*>(at::TensorIteratorBase&, unsigned long, long, at::CUDAGeneratorImpl*)::{lambda()#1}::operator()() const::{lambda()#2}::operator()() const::{lambda(hiprandStatePhilox4_32_10*)#2}, at::native::templates::cuda::random_from_to_kernel<at::CUDAGeneratorImpl*>(at::TensorIteratorBase&, unsigned long, long, at::CUDAGeneratorImpl*)::{lambda()#1}::operator()() const::{lambda()#2}::operator()() const::{lambda(unsigned int)#1}>(at::TensorIteratorBase&, at::CUDAGeneratorImpl*, at::native::templates::cuda::random_from_to_kernel<at::CUDAGeneratorImpl*>(at::TensorIteratorBase&, unsigned long, long, at::CUDAGeneratorImpl*)::{lambda()#1}::operator()() const::{lambda()#2}::operator()() const::{lambda(hiprandStatePhilox4_32_10*)#2} const&, at::native::templates::cuda::random_from_to_kernel<at::CUDAGeneratorImpl*>(at::TensorIteratorBase&, unsigned long, long, at::CUDAGeneratorImpl*)::{lambda()#1}::operator()() const::{lambda()#2}::operator()() const::{lambda(unsigned int)#1})::{lambda(int, unsigned int)#1})",256,0,0,32,0,48,"SQC_ICACHE_REQ",19890176.000000,470203339141634,470203339314116
10,10,"Agent 2",1,1096245,1096245,524288,62,"void at::native::(anonymous namespace)::distribution_elementwise_grid_stride_kernel<unsigned int, 4, at::native::templates::cuda::random_from_to_kernel<at::CUDAGeneratorImpl*>(at::TensorIteratorBase&, unsigned long, long, at::CUDAGeneratorImpl*)::{lambda()#1}::operator()() const::{lambda()#2}::operator()() const::{lambda(hiprandStatePhilox4_32_10*)#2}, at::native::(anonymous namespace)::distribution_nullary_kernel<signed char, unsigned int, HIP_vector_type<unsigned int, 4u>, at::CUDAGeneratorImpl*, at::native::templates::cuda::random_from_to_kernel<at::CUDAGeneratorImpl*>(at::TensorIteratorBase&, unsigned long, long, at::CUDAGeneratorImpl*)::{lambda()#1}::operator()() const::{lambda()#2}::operator()() const::{lambda(hiprandStatePhilox4_32_10*)#2}, at::native::templates::cuda::random_from_to_kernel<at::CUDAGeneratorImpl*>(at::TensorIteratorBase&, unsigned long, long, at::CUDAGeneratorImpl*)::{lambda()#1}::operator()() const::{lambda()#2}::operator()() const::{lambda(unsigned int)#1}>(at::TensorIteratorBase&, at::CUDAGeneratorImpl*, at::native::templates::cuda::random_from_to_kernel<at::CUDAGeneratorImpl*>(at::TensorIteratorBase&, unsigned long, long, at::CUDAGeneratorImpl*)::{lambda()#1}::operator()() const::{lambda()#2}::operator()() const::{lambda(hiprandStatePhilox4_32_10*)#2} const&, at::native::templates::cuda::random_from_to_kernel<at::CUDAGeneratorImpl*>(at::TensorIteratorBase&, unsigned long, long, at::CUDAGeneratorImpl*)::{lambda()#1}::operator()() const::{lambda()#2}::operator()() const::{lambda(unsigned int)#1})::{lambda(int, unsigned int)#1}>(long, at::PhiloxCudaState, at::native::templates::cuda::random_from_to_kernel<at::CUDAGeneratorImpl*>(at::TensorIteratorBase&, unsigned long, long, at::CUDAGeneratorImpl*)::{lambda()#1}::operator()() const::{lambda()#2}::operator()() const::{lambda(hiprandStatePhilox4_32_10*)#2}, at::native::(anonymous namespace)::distribution_nullary_kernel<signed char, unsigned int, HIP_vector_type<unsigned int, 4u>, at::CUDAGeneratorImpl*, at::native::templates::cuda::random_from_to_kernel<at::CUDAGeneratorImpl*>(at::TensorIteratorBase&, unsigned long, long, at::CUDAGeneratorImpl*)::{lambda()#1}::operator()() const::{lambda()#2}::operator()() const::{lambda(hiprandStatePhilox4_32_10*)#2}, at::native::templates::cuda::random_from_to_kernel<at::CUDAGeneratorImpl*>(at::TensorIteratorBase&, unsigned long, long, at::CUDAGeneratorImpl*)::{lambda()#1}::operator()() const::{lambda()#2}::operator()() const::{lambda(unsigned int)#1}>(at::TensorIteratorBase&, at::CUDAGeneratorImpl*, at::native::templates::cuda::random_from_to_kernel<at::CUDAGeneratorImpl*>(at::TensorIteratorBase&, unsigned long, long, at::CUDAGeneratorImpl*)::{lambda()#1}::operator()() const::{lambda()#2}::operator()() const::{lambda(hiprandStatePhilox4_32_10*)#2} const&, at::native::templates::cuda::random_from_to_kernel<at::CUDAGeneratorImpl*>(at::TensorIteratorBase&, unsigned long, long, at::CUDAGeneratorImpl*)::{lambda()#1}::operator()() const::{lambda()#2}::operator()() const::{lambda(unsigned int)#1})::{lambda(int, unsigned int)#1})",256,0,0,32,0,48,"SQ_INSTS",125673472.000000,470203339141634,470203339314116
10,10,"Agent 2",1,1096245,1096245,524288,62,"void at::native::(anonymous namespace)::distribution_elementwise_grid_stride_kernel<unsigned int, 4, at::native::templates::cuda::random_from_to_kernel<at::CUDAGeneratorImpl*>(at::TensorIteratorBase&, unsigned long, long, at::CUDAGeneratorImpl*)::{lambda()#1}::operator()() const::{lambda()#2}::operator()() const::{lambda(hiprandStatePhilox4_32_10*)#2}, at::native::(anonymous namespace)::distribution_nullary_kernel<signed char, unsigned int, HIP_vector_type<unsigned int, 4u>, at::CUDAGeneratorImpl*, at::native::templates::cuda::random_from_to_kernel<at::CUDAGeneratorImpl*>(at::TensorIteratorBase&, unsigned long, long, at::CUDAGeneratorImpl*)::{lambda()#1}::operator()() const::{lambda()#2}::operator()() const::{lambda(hiprandStatePhilox4_32_10*)#2}, at::native::templates::cuda::random_from_to_kernel<at::CUDAGeneratorImpl*>(at::TensorIteratorBase&, unsigned long, long, at::CUDAGeneratorImpl*)::{lambda()#1}::operator()() const::{lambda()#2}::operator()() const::{lambda(unsigned int)#1}>(at::TensorIteratorBase&, at::CUDAGeneratorImpl*, at::native::templates::cuda::random_from_to_kernel<at::CUDAGeneratorImpl*>(at::TensorIteratorBase&, unsigned long, long, at::CUDAGeneratorImpl*)::{lambda()#1}::operator()() const::{lambda()#2}::operator()() const::{lambda(hiprandStatePhilox4_32_10*)#2} const&, at::native::templates::cuda::random_from_to_kernel<at::CUDAGeneratorImpl*>(at::TensorIteratorBase&, unsigned long, long, at::CUDAGeneratorImpl*)::{lambda()#1}::operator()() const::{lambda()#2}::operator()() const::{lambda(unsigned int)#1})::{lambda(int, unsigned int)#1}>(long, at::PhiloxCudaState, at::native::templates::cuda::random_from_to_kernel<at::CUDAGeneratorImpl*>(at::TensorIteratorBase&, unsigned long, long, at::CUDAGeneratorImpl*)::{lambda()#1}::operator()() const::{lambda()#2}::operator()() const::{lambda(hiprandStatePhilox4_32_10*)#2}, at::native::(anonymous namespace)::distribution_nullary_kernel<signed char, unsigned int, HIP_vector_type<unsigned int, 4u>, at::CUDAGeneratorImpl*, at::native::templates::cuda::random_from_to_kernel<at::CUDAGeneratorImpl*>(at::TensorIteratorBase&, unsigned long, long, at::CUDAGeneratorImpl*)::{lambda()#1}::operator()() const::{lambda()#2}::operator()() const::{lambda(hiprandStatePhilox4_32_10*)#2}, at::native::templates::cuda::random_from_to_kernel<at::CUDAGeneratorImpl*>(at::TensorIteratorBase&, unsigned long, long, at::CUDAGeneratorImpl*)::{lambda()#1}::operator()() const::{lambda()#2}::operator()() const::{lambda(unsigned int)#1}>(at::TensorIteratorBase&, at::CUDAGeneratorImpl*, at::native::templates::cuda::random_from_to_kernel<at::CUDAGeneratorImpl*>(at::TensorIteratorBase&, unsigned long, long, at::CUDAGeneratorImpl*)::{lambda()#1}::operator()() const::{lambda()#2}::operator()() const::{lambda(hiprandStatePhilox4_32_10*)#2} const&, at::native::templates::cuda::random_from_to_kernel<at::CUDAGeneratorImpl*>(at::TensorIteratorBase&, unsigned long, long, at::CUDAGeneratorImpl*)::{lambda()#1}::operator()() const::{lambda()#2}::operator()() const::{lambda(unsigned int)#1})::{lambda(int, unsigned int)#1})",256,0,0,32,0,48,"SQ_INSTS_SALU",15536128.000000,470203339141634,470203339314116
10,10,"Agent 2",1,1096245,1096245,524288,62,"void at::native::(anonymous namespace)::distribution_elementwise_grid_stride_kernel<unsigned int, 4, at::native::templates::cuda::random_from_to_kernel<at::CUDAGeneratorImpl*>(at::TensorIteratorBase&, unsigned long, long, at::CUDAGeneratorImpl*)::{lambda()#1}::operator()() const::{lambda()#2}::operator()() const::{lambda(hiprandStatePhilox4_32_10*)#2}, at::native::(anonymous namespace)::distribution_nullary_kernel<signed char, unsigned int, HIP_vector_type<unsigned int, 4u>, at::CUDAGeneratorImpl*, at::native::templates::cuda::random_from_to_kernel<at::CUDAGeneratorImpl*>(at::TensorIteratorBase&, unsigned long, long, at::CUDAGeneratorImpl*)::{lambda()#1}::operator()() const::{lambda()#2}::operator()() const::{lambda(hiprandStatePhilox4_32_10*)#2}, at::native::templates::cuda::random_from_to_kernel<at::CUDAGeneratorImpl*>(at::TensorIteratorBase&, unsigned long, long, at::CUDAGeneratorImpl*)::{lambda()#1}::operator()() const::{lambda()#2}::operator()() const::{lambda(unsigned int)#1}>(at::TensorIteratorBase&, at::CUDAGeneratorImpl*, at::native::templates::cuda::random_from_to_kernel<at::CUDAGeneratorImpl*>(at::TensorIteratorBase&, unsigned long, long, at::CUDAGeneratorImpl*)::{lambda()#1}::operator()() const::{lambda()#2}::operator()() const::{lambda(hiprandStatePhilox4_32_10*)#2} const&, at::native::templates::cuda::random_from_to_kernel<at::CUDAGeneratorImpl*>(at::TensorIteratorBase&, unsigned long, long, at::CUDAGeneratorImpl*)::{lambda()#1}::operator()() const::{lambda()#2}::operator()() const::{lambda(unsigned int)#1})::{lambda(int, unsigned int)#1}>(long, at::PhiloxCudaState, at::native::templates::cuda::random_from_to_kernel<at::CUDAGeneratorImpl*>(at::TensorIteratorBase&, unsigned long, long, at::CUDAGeneratorImpl*)::{lambda()#1}::operator()() const::{lambda()#2}::operator()() const::{lambda(hiprandStatePhilox4_32_10*)#2}, at::native::(anonymous namespace)::distribution_nullary_kernel<signed char, unsigned int, HIP_vector_type<unsigned int, 4u>, at::CUDAGeneratorImpl*, at::native::templates::cuda::random_from_to_kernel<at::CUDAGeneratorImpl*>(at::TensorIteratorBase&, unsigned long, long, at::CUDAGeneratorImpl*)::{lambda()#1}::operator()() const::{lambda()#2}::operator()() const::{lambda(hiprandStatePhilox4_32_10*)#2}, at::native::templates::cuda::random_from_to_kernel<at::CUDAGeneratorImpl*>(at::TensorIteratorBase&, unsigned long, long, at::CUDAGeneratorImpl*)::{lambda()#1}::operator()() const::{lambda()#2}::operator()() const::{lambda(unsigned int)#1}>(at::TensorIteratorBase&, at::CUDAGeneratorImpl*, at::native::templates::cuda::random_from_to_kernel<at::CUDAGeneratorImpl*>(at::TensorIteratorBase&, unsigned long, long, at::CUDAGeneratorImpl*)::{lambda()#1}::operator()() const::{lambda()#2}::operator()() const::{lambda(hiprandStatePhilox4_32_10*)#2} const&, at::native::templates::cuda::random_from_to_kernel<at::CUDAGeneratorImpl*>(at::TensorIteratorBase&, unsigned long, long, at::CUDAGeneratorImpl*)::{lambda()#1}::operator()() const::{lambda()#2}::operator()() const::{lambda(unsigned int)#1})::{lambda(int, unsigned int)#1})",256,0,0,32,0,48,"SQ_INSTS_SMEM",65536.000000,470203339141634,470203339314116
10,10,"Agent 2",1,1096245,1096245,524288,62,"void at::native::(anonymous namespace)::distribution_elementwise_grid_stride_kernel<unsigned int, 4, at::native::templates::cuda::random_from_to_kernel<at::CUDAGeneratorImpl*>(at::TensorIteratorBase&, unsigned long, long, at::CUDAGeneratorImpl*)::{lambda()#1}::operator()() const::{lambda()#2}::operator()() const::{lambda(hiprandStatePhilox4_32_10*)#2}, at::native::(anonymous namespace)::distribution_nullary_kernel<signed char, unsigned int, HIP_vector_type<unsigned int, 4u>, at::CUDAGeneratorImpl*, at::native::templates::cuda::random_from_to_kernel<at::CUDAGeneratorImpl*>(at::TensorIteratorBase&, unsigned long, long, at::CUDAGeneratorImpl*)::{lambda()#1}::operator()() const::{lambda()#2}::operator()() const::{lambda(hiprandStatePhilox4_32_10*)#2}, at::native::templates::cuda::random_from_to_kernel<at::CUDAGeneratorImpl*>(at::TensorIteratorBase&, unsigned long, long, at::CUDAGeneratorImpl*)::{lambda()#1}::operator()() const::{lambda()#2}::operator()() const::{lambda(unsigned int)#1}>(at::TensorIteratorBase&, at::CUDAGeneratorImpl*, at::native::templates::cuda::random_from_to_kernel<at::CUDAGeneratorImpl*>(at::TensorIteratorBase&, unsigned long, long, at::CUDAGeneratorImpl*)::{lambda()#1}::operator()() const::{lambda()#2}::operator()() const::{lambda(hiprandStatePhilox4_32_10*)#2} const&, at::native::templates::cuda::random_from_to_kernel<at::CUDAGeneratorImpl*>(at::TensorIteratorBase&, unsigned long, long, at::CUDAGeneratorImpl*)::{lambda()#1}::operator()() const::{lambda()#2}::operator()() const::{lambda(unsigned int)#1})::{lambda(int, unsigned int)#1}>(long, at::PhiloxCudaState, at::native::templates::cuda::random_from_to_kernel<at::CUDAGeneratorImpl*>(at::TensorIteratorBase&, unsigned long, long, at::CUDAGeneratorImpl*)::{lambda()#1}::operator()() const::{lambda()#2}::operator()() const::{lambda(hiprandStatePhilox4_32_10*)#2}, at::native::(anonymous namespace)::distribution_nullary_kernel<signed char, unsigned int, HIP_vector_type<unsigned int, 4u>, at::CUDAGeneratorImpl*, at::native::templates::cuda::random_from_to_kernel<at::CUDAGeneratorImpl*>(at::TensorIteratorBase&, unsigned long, long, at::CUDAGeneratorImpl*)::{lambda()#1}::operator()() const::{lambda()#2}::operator()() const::{lambda(hiprandStatePhilox4_32_10*)#2}, at::native::templates::cuda::random_from_to_kernel<at::CUDAGeneratorImpl*>(at::TensorIteratorBase&, unsigned long, long, at::CUDAGeneratorImpl*)::{lambda()#1}::operator()() const::{lambda()#2}::operator()() const::{lambda(unsigned int)#1}>(at::TensorIteratorBase&, at::CUDAGeneratorImpl*, at::native::templates::cuda::random_from_to_kernel<at::CUDAGeneratorImpl*>(at::TensorIteratorBase&, unsigned long, long, at::CUDAGeneratorImpl*)::{lambda()#1}::operator()() const::{lambda()#2}::operator()() const::{lambda(hiprandStatePhilox4_32_10*)#2} const&, at::native::templates::cuda::random_from_to_kernel<at::CUDAGeneratorImpl*>(at::TensorIteratorBase&, unsigned long, long, at::CUDAGeneratorImpl*)::{lambda()#1}::operator()() const::{lambda()#2}::operator()() const::{lambda(unsigned int)#1})::{lambda(int, unsigned int)#1})",256,0,0,32,0,48,"SQ_INSTS_VALU",93478912.000000,470203339141634,470203339314116
10,10,"Agent 2",1,1096245,1096245,524288,62,"void at::native::(anonymous namespace)::distribution_elementwise_grid_stride_kernel<unsigned int, 4, at::native::templates::cuda::random_from_to_kernel<at::CUDAGeneratorImpl*>(at::TensorIteratorBase&, unsigned long, long, at::CUDAGeneratorImpl*)::{lambda()#1}::operator()() const::{lambda()#2}::operator()() const::{lambda(hiprandStatePhilox4_32_10*)#2}, at::native::(anonymous namespace)::distribution_nullary_kernel<signed char, unsigned int, HIP_vector_type<unsigned int, 4u>, at::CUDAGeneratorImpl*, at::native::templates::cuda::random_from_to_kernel<at::CUDAGeneratorImpl*>(at::TensorIteratorBase&, unsigned long, long, at::CUDAGeneratorImpl*)::{lambda()#1}::operator()() const::{lambda()#2}::operator()() const::{lambda(hiprandStatePhilox4_32_10*)#2}, at::native::templates::cuda::random_from_to_kernel<at::CUDAGeneratorImpl*>(at::TensorIteratorBase&, unsigned long, long, at::CUDAGeneratorImpl*)::{lambda()#1}::operator()() const::{lambda()#2}::operator()() const::{lambda(unsigned int)#1}>(at::TensorIteratorBase&, at::CUDAGeneratorImpl*, at::native::templates::cuda::random_from_to_kernel<at::CUDAGeneratorImpl*>(at::TensorIteratorBase&, unsigned long, long, at::CUDAGeneratorImpl*)::{lambda()#1}::operator()() const::{lambda()#2}::operator()() const::{lambda(hiprandStatePhilox4_32_10*)#2} const&, at::native::templates::cuda::random_from_to_kernel<at::CUDAGeneratorImpl*>(at::TensorIteratorBase&, unsigned long, long, at::CUDAGeneratorImpl*)::{lambda()#1}::operator()() const::{lambda()#2}::operator()() const::{lambda(unsigned int)#1})::{lambda(int, unsigned int)#1}>(long, at::PhiloxCudaState, at::native::templates::cuda::random_from_to_kernel<at::CUDAGeneratorImpl*>(at::TensorIteratorBase&, unsigned long, long, at::CUDAGeneratorImpl*)::{lambda()#1}::operator()() const::{lambda()#2}::operator()() const::{lambda(hiprandStatePhilox4_32_10*)#2}, at::native::(anonymous namespace)::distribution_nullary_kernel<signed char, unsigned int, HIP_vector_type<unsigned int, 4u>, at::CUDAGeneratorImpl*, at::native::templates::cuda::random_from_to_kernel<at::CUDAGeneratorImpl*>(at::TensorIteratorBase&, unsigned long, long, at::CUDAGeneratorImpl*)::{lambda()#1}::operator()() const::{lambda()#2}::operator()() const::{lambda(hiprandStatePhilox4_32_10*)#2}, at::native::templates::cuda::random_from_to_kernel<at::CUDAGeneratorImpl*>(at::TensorIteratorBase&, unsigned long, long, at::CUDAGeneratorImpl*)::{lambda()#1}::operator()() const::{lambda()#2}::operator()() const::{lambda(unsigned int)#1}>(at::TensorIteratorBase&, at::CUDAGeneratorImpl*, at::native::templates::cuda::random_from_to_kernel<at::CUDAGeneratorImpl*>(at::TensorIteratorBase&, unsigned long, long, at::CUDAGeneratorImpl*)::{lambda()#1}::operator()() const::{lambda()#2}::operator()() const::{lambda(hiprandStatePhilox4_32_10*)#2} const&, at::native::templates::cuda::random_from_to_kernel<at::CUDAGeneratorImpl*>(at::TensorIteratorBase&, unsigned long, long, at::CUDAGeneratorImpl*)::{lambda()#1}::operator()() const::{lambda()#2}::operator()() const::{lambda(unsigned int)#1})::{lambda(int, unsigned int)#1})",256,0,0,32,0,48,"SQ_INSTS_VMEM",2052096.000000,470203339141634,470203339314116
11,11,"Agent 2",1,1096245,1096245,1026048,806,"void at::native::vectorized_elementwise_kernel<16, at::native::FillFunctor<unsigned char>, std::array<char*, 1ul> >(int, at::native::FillFunctor<unsigned char>, std::array<char*, 1ul>)",256,0,0,8,0,16,"SQC_ICACHE_HITS",64118.000000,470203340442487,470203340447967
11,11,"Agent 2",1,1096245,1096245,1026048,806,"void at::native::vectorized_elementwise_kernel<16, at::native::FillFunctor<unsigned char>, std::array<char*, 1ul> >(int, at::native::FillFunctor<unsigned char>, std::array<char*, 1ul>)",256,0,0,8,0,16,"SQC_ICACHE_REQ",80160.000000,470203340442487,470203340447967
11,11,"Agent 2",1,1096245,1096245,1026048,806,"void at::native::vectorized_elementwise_kernel<16, at::native::FillFunctor<unsigned char>, std::array<char*, 1ul> >(int, at::native::FillFunctor<unsigned char>, std::array<char*, 1ul>)",256,0,0,8,0,16,"SQ_INSTS",416832.000000,470203340442487,470203340447967
11,11,"Agent 2",1,1096245,1096245,1026048,806,"void at::native::vectorized_elementwise_kernel<16, at::native::FillFunctor<unsigned char>, std::array<char*, 1ul> >(int, at::native::FillFunctor<unsigned char>, std::array<char*, 1ul>)",256,0,0,8,0,16,"SQ_INSTS_SALU",240480.000000,470203340442487,470203340447967
11,11,"Agent 2",1,1096245,1096245,1026048,806,"void at::native::vectorized_elementwise_kernel<16, at::native::FillFunctor<unsigned char>, std::array<char*, 1ul> >(int, at::native::FillFunctor<unsigned char>, std::array<char*, 1ul>)",256,0,0,8,0,16,"SQ_INSTS_SMEM",16032.000000,470203340442487,470203340447967
11,11,"Agent 2",1,1096245,1096245,1026048,806,"void at::native::vectorized_elementwise_kernel<16, at::native::FillFunctor<unsigned char>, std::array<char*, 1ul> >(int, at::native::FillFunctor<unsigned char>, std::array<char*, 1ul>)",256,0,0,8,0,16,"SQ_INSTS_VALU",80160.000000,470203340442487,470203340447967
11,11,"Agent 2",1,1096245,1096245,1026048,806,"void at::native::vectorized_elementwise_kernel<16, at::native::FillFunctor<unsigned char>, std::array<char*, 1ul> >(int, at::native::FillFunctor<unsigned char>, std::array<char*, 1ul>)",256,0,0,8,0,16,"SQ_INSTS_VMEM",16032.000000,470203340442487,470203340447967
12,12,"Agent 2",1,1096245,1096245,4104192,1154,"void at::native::elementwise_kernel_manual_unroll<128, 4, at::native::gpu_kernel_impl<at::native::direct_copy_kernel_cuda(at::TensorIteratorBase&)::{lambda()#3}::operator()() const::{lambda()#5}::operator()() const::{lambda(short)#1}>(at::TensorIteratorBase&, at::native::direct_copy_kernel_cuda(at::TensorIteratorBase&)::{lambda()#3}::operator()() const::{lambda()#5}::operator()() const::{lambda(short)#1} const&)::{lambda(int, bool)#1}>(int, at::native::gpu_kernel_impl<at::native::direct_copy_kernel_cuda(at::TensorIteratorBase&)::{lambda()#3}::operator()() const::{lambda()#5}::operator()() const::{lambda(short)#1}>(at::TensorIteratorBase&, at::native::direct_copy_kernel_cuda(at::TensorIteratorBase&)::{lambda()#3}::operator()() const::{lambda()#5}::operator()() const::{lambda(short)#1} const&)::{lambda(int, bool)#1})",128,0,0,8,0,64,"SQC_ICACHE_HITS",5498547.000000,470203373967951,470203373991511
12,12,"Agent 2",1,1096245,1096245,4104192,1154,"void at::native::elementwise_kernel_manual_unroll<128, 4, at::native::gpu_kernel_impl<at::native::direct_copy_kernel_cuda(at::TensorIteratorBase&)::{lambda()#3}::operator()() const::{lambda()#5}::operator()() const::{lambda(short)#1}>(at::TensorIteratorBase&, at::native::direct_copy_kernel_cuda(at::TensorIteratorBase&)::{lambda()#3}::operator()() const::{lambda()#5}::operator()() const::{lambda(short)#1} const&)::{lambda(int, bool)#1}>(int, at::native::gpu_kernel_impl<at::native::direct_copy_kernel_cuda(at::TensorIteratorBase&)::{lambda()#3}::operator()() const::{lambda()#5}::operator()() const::{lambda(short)#1}>(at::TensorIteratorBase&, at::native::direct_copy_kernel_cuda(at::TensorIteratorBase&)::{lambda()#3}::operator()() const::{lambda()#5}::operator()() const::{lambda(short)#1} const&)::{lambda(int, bool)#1})",128,0,0,8,0,64,"SQC_ICACHE_REQ",5579136.000000,470203373967951,470203373991511
12,12,"Agent 2",1,1096245,1096245,4104192,1154,"void at::native::elementwise_kernel_manual_unroll<128, 4, at::native::gpu_kernel_impl<at::native::direct_copy_kernel_cuda(at::TensorIteratorBase&)::{lambda()#3}::operator()() const::{lambda()#5}::operator()() const::{lambda(short)#1}>(at::TensorIteratorBase&, at::native::direct_copy_kernel_cuda(at::TensorIteratorBase&)::{lambda()#3}::operator()() const::{lambda()#5}::operator()() const::{lambda(short)#1} const&)::{lambda(int, bool)#1}>(int, at::native::gpu_kernel_impl<at::native::direct_copy_kernel_cuda(at::TensorIteratorBase&)::{lambda()#3}::operator()() const::{lambda()#5}::operator()() const::{lambda(short)#1}>(at::TensorIteratorBase&, at::native::direct_copy_kernel_cuda(at::TensorIteratorBase&)::{lambda()#3}::operator()() const::{lambda()#5}::operator()() const::{lambda(short)#1} const&)::{lambda(int, bool)#1})",128,0,0,8,0,64,"SQ_INSTS",17186304.000000,470203373967951,470203373991511
12,12,"Agent 2",1,1096245,1096245,4104192,1154,"void at::native::elementwise_kernel_manual_unroll<128, 4, at::native::gpu_kernel_impl<at::native::direct_copy_kernel_cuda(at::TensorIteratorBase&)::{lambda()#3}::operator()() const::{lambda()#5}::operator()() const::{lambda(short)#1}>(at::TensorIteratorBase&, at::native::direct_copy_kernel_cuda(at::TensorIteratorBase&)::{lambda()#3}::operator()() const::{lambda()#5}::operator()() const::{lambda(short)#1} const&)::{lambda(int, bool)#1}>(int, at::native::gpu_kernel_impl<at::native::direct_copy_kernel_cuda(at::TensorIteratorBase&)::{lambda()#3}::operator()() const::{lambda()#5}::operator()() const::{lambda(short)#1}>(at::TensorIteratorBase&, at::native::direct_copy_kernel_cuda(at::TensorIteratorBase&)::{lambda()#3}::operator()() const::{lambda()#5}::operator()() const::{lambda(short)#1} const&)::{lambda(int, bool)#1})",128,0,0,8,0,64,"SQ_INSTS_SALU",8657280.000000,470203373967951,470203373991511
12,12,"Agent 2",1,1096245,1096245,4104192,1154,"void at::native::elementwise_kernel_manual_unroll<128, 4, at::native::gpu_kernel_impl<at::native::direct_copy_kernel_cuda(at::TensorIteratorBase&)::{lambda()#3}::operator()() const::{lambda()#5}::operator()() const::{lambda(short)#1}>(at::TensorIteratorBase&, at::native::direct_copy_kernel_cuda(at::TensorIteratorBase&)::{lambda()#3}::operator()() const::{lambda()#5}::operator()() const::{lambda(short)#1} const&)::{lambda(int, bool)#1}>(int, at::native::gpu_kernel_impl<at::native::direct_copy_kernel_cuda(at::TensorIteratorBase&)::{lambda()#3}::operator()() const::{lambda()#5}::operator()() const::{lambda(short)#1}>(at::TensorIteratorBase&, at::native::direct_copy_kernel_cuda(at::TensorIteratorBase&)::{lambda()#3}::operator()() const::{lambda()#5}::operator()() const::{lambda(short)#1} const&)::{lambda(int, bool)#1})",128,0,0,8,0,64,"SQ_INSTS_SMEM",192384.000000,470203373967951,470203373991511
12,12,"Agent 2",1,1096245,1096245,4104192,1154,"void at::native::elementwise_kernel_manual_unroll<128, 4, at::native::gpu_kernel_impl<at::native::direct_copy_kernel_cuda(at::TensorIteratorBase&)::{lambda()#3}::operator()() const::{lambda()#5}::operator()() const::{lambda(short)#1}>(at::TensorIteratorBase&, at::native::direct_copy_kernel_cuda(at::TensorIteratorBase&)::{lambda()#3}::operator()() const::{lambda()#5}::operator()() const::{lambda(short)#1} const&)::{lambda(int, bool)#1}>(int, at::native::gpu_kernel_impl<at::native::direct_copy_kernel_cuda(at::TensorIteratorBase&)::{lambda()#3}::operator()() const::{lambda()#5}::operator()() const::{lambda(short)#1}>(at::TensorIteratorBase&, at::native::direct_copy_kernel_cuda(at::TensorIteratorBase&)::{lambda()#3}::operator()() const::{lambda()#5}::operator()() const::{lambda(short)#1} const&)::{lambda(int, bool)#1})",128,0,0,8,0,64,"SQ_INSTS_VALU",1859712.000000,470203373967951,470203373991511
12,12,"Agent 2",1,1096245,1096245,4104192,1154,"void at::native::elementwise_kernel_manual_unroll<128, 4, at::native::gpu_kernel_impl<at::native::direct_copy_kernel_cuda(at::TensorIteratorBase&)::{lambda()#3}::operator()() const::{lambda()#5}::operator()() const::{lambda(short)#1}>(at::TensorIteratorBase&, at::native::direct_copy_kernel_cuda(at::TensorIteratorBase&)::{lambda()#3}::operator()() const::{lambda()#5}::operator()() const::{lambda(short)#1} const&)::{lambda(int, bool)#1}>(int, at::native::gpu_kernel_impl<at::native::direct_copy_kernel_cuda(at::TensorIteratorBase&)::{lambda()#3}::operator()() const::{lambda()#5}::operator()() const::{lambda(short)#1}>(at::TensorIteratorBase&, at::native::direct_copy_kernel_cuda(at::TensorIteratorBase&)::{lambda()#3}::operator()() const::{lambda()#5}::operator()() const::{lambda(short)#1} const&)::{lambda(int, bool)#1})",128,0,0,8,0,64,"SQ_INSTS_VMEM",577152.000000,470203373967951,470203373991511
13,13,"Agent 2",1,1096245,1096245,2052096,1345,"void at::native::vectorized_elementwise_kernel<8, at::native::CUDAFunctorOnSelf_add<short>, std::array<char*, 2ul> >(int, at::native::CUDAFunctorOnSelf_add<short>, std::array<char*, 2ul>)",256,0,0,8,0,32,"SQC_ICACHE_HITS",185031.000000,470203403640667,470203403651347
13,13,"Agent 2",1,1096245,1096245,2052096,1345,"void at::native::vectorized_elementwise_kernel<8, at::native::CUDAFunctorOnSelf_add<short>, std::array<char*, 2ul> >(int, at::native::CUDAFunctorOnSelf_add<short>, std::array<char*, 2ul>)",256,0,0,8,0,32,"SQC_ICACHE_REQ",192384.000000,470203403640667,470203403651347
13,13,"Agent 2",1,1096245,1096245,2052096,1345,"void at::native::vectorized_elementwise_kernel<8, at::native::CUDAFunctorOnSelf_add<short>, std::array<char*, 2ul> >(int, at::native::CUDAFunctorOnSelf_add<short>, std::array<char*, 2ul>)",256,0,0,8,0,32,"SQ_INSTS",897792.000000,470203403640667,470203403651347
13,13,"Agent 2",1,1096245,1096245,2052096,1345,"void at::native::vectorized_elementwise_kernel<8, at::native::CUDAFunctorOnSelf_add<short>, std::array<char*, 2ul> >(int, at::native::CUDAFunctorOnSelf_add<short>, std::array<char*, 2ul>)",256,0,0,8,0,32,"SQ_INSTS_SALU",448896.000000,470203403640667,470203403651347
13,13,"Agent 2",1,1096245,1096245,2052096,1345,"void at::native::vectorized_elementwise_kernel<8, at::native::CUDAFunctorOnSelf_add<short>, std::array<char*, 2ul> >(int, at::native::CUDAFunctorOnSelf_add<short>, std::array<char*, 2ul>)",256,0,0,8,0,32,"SQ_INSTS_SMEM",64128.000000,470203403640667,470203403651347
13,13,"Agent 2",1,1096245,1096245,2052096,1345,"void at::native::vectorized_elementwise_kernel<8, at::native::CUDAFunctorOnSelf_add<short>, std::array<char*, 2ul> >(int, at::native::CUDAFunctorOnSelf_add<short>, std::array<char*, 2ul>)",256,0,0,8,0,32,"SQ_INSTS_VALU",160320.000000,470203403640667,470203403651347
13,13,"Agent 2",1,1096245,1096245,2052096,1345,"void at::native::vectorized_elementwise_kernel<8, at::native::CUDAFunctorOnSelf_add<short>, std::array<char*, 2ul> >(int, at::native::CUDAFunctorOnSelf_add<short>, std::array<char*, 2ul>)",256,0,0,8,0,32,"SQ_INSTS_VMEM",64128.000000,470203403640667,470203403651347
14,14,"Agent 2",1,1096245,1096245,4104192,1139,"void at::native::elementwise_kernel_manual_unroll<128, 4, at::native::gpu_kernel_impl<at::native::direct_copy_kernel_cuda(at::TensorIteratorBase&)::{lambda()#3}::operator()() const::{lambda()#1}::operator()() const::{lambda(unsigned char)#1}>(at::TensorIteratorBase&, at::native::direct_copy_kernel_cuda(at::TensorIteratorBase&)::{lambda()#3}::operator()() const::{lambda()#1}::operator()() const::{lambda(unsigned char)#1} const&)::{lambda(int, bool)#1}>(int, at::native::gpu_kernel_impl<at::native::direct_copy_kernel_cuda(at::TensorIteratorBase&)::{lambda()#3}::operator()() const::{lambda()#1}::operator()() const::{lambda(unsigned char)#1}>(at::TensorIteratorBase&, at::native::direct_copy_kernel_cuda(at::TensorIteratorBase&)::{lambda()#3}::operator()() const::{lambda()#1}::operator()() const::{lambda(unsigned char)#1} const&)::{lambda(int, bool)#1})",128,0,0,8,0,64,"SQC_ICACHE_HITS",5175531.000000,470203403792187,470203403815307
14,14,"Agent 2",1,1096245,1096245,4104192,1139,"void at::native::elementwise_kernel_manual_unroll<128, 4, at::native::gpu_kernel_impl<at::native::direct_copy_kernel_cuda(at::TensorIteratorBase&)::{lambda()#3}::operator()() const::{lambda()#1}::operator()() const::{lambda(unsigned char)#1}>(at::TensorIteratorBase&, at::native::direct_copy_kernel_cuda(at::TensorIteratorBase&)::{lambda()#3}::operator()() const::{lambda()#1}::operator()() const::{lambda(unsigned char)#1} const&)::{lambda(int, bool)#1}>(int, at::native::gpu_kernel_impl<at::native::direct_copy_kernel_cuda(at::TensorIteratorBase&)::{lambda()#3}::operator()() const::{lambda()#1}::operator()() const::{lambda(unsigned char)#1}>(at::TensorIteratorBase&, at::native::direct_copy_kernel_cuda(at::TensorIteratorBase&)::{lambda()#3}::operator()() const::{lambda()#1}::operator()() const::{lambda(unsigned char)#1} const&)::{lambda(int, bool)#1})",128,0,0,8,0,64,"SQC_ICACHE_REQ",5258496.000000,470203403792187,470203403815307
14,14,"Agent 2",1,1096245,1096245,4104192,1139,"void at::native::elementwise_kernel_manual_unroll<128, 4, at::native::gpu_kernel_impl<at::native::direct_copy_kernel_cuda(at::TensorIteratorBase&)::{lambda()#3}::operator()() const::{lambda()#1}::operator()() const::{lambda(unsigned char)#1}>(at::TensorIteratorBase&, at::native::direct_copy_kernel_cuda(at::TensorIteratorBase&)::{lambda()#3}::operator()() const::{lambda()#1}::operator()() const::{lambda(unsigned char)#1} const&)::{lambda(int, bool)#1}>(int, at::native::gpu_kernel_impl<at::native::direct_copy_kernel_cuda(at::TensorIteratorBase&)::{lambda()#3}::operator()() const::{lambda()#1}::operator()() const::{lambda(unsigned char)#1}>(at::TensorIteratorBase&, at::native::direct_copy_kernel_cuda(at::TensorIteratorBase&)::{lambda()#3}::operator()() const::{lambda()#1}::operator()() const::{lambda(unsigned char)#1} const&)::{lambda(int, bool)#1})",128,0,0,8,0,64,"SQ_INSTS",16993920.000000,470203403792187,470203403815307
14,14,"Agent 2",1,1096245,1096245,4104192,1139,"void at::native::elementwise_kernel_manual_unroll<128, 4, at::native::gpu_kernel_impl<at::native::direct_copy_kernel_cuda(at::TensorIteratorBase&)::{lambda()#3}::operator()() const::{lambda()#1}::operator()() const::{lambda(unsigned char)#1}>(at::TensorIteratorBase&, at::native::direct_copy_kernel_cuda(at::TensorIteratorBase&)::{lambda()#3}::operator()() const::{lambda()#1}::operator()() const::{lambda(unsigned char)#1} const&)::{lambda(int, bool)#1}>(int, at::native::gpu_kernel_impl<at::native::direct_copy_kernel_cuda(at::TensorIteratorBase&)::{lambda()#3}::operator()() const::{lambda()#1}::operator()() const::{lambda(unsigned char)#1}>(at::TensorIteratorBase&, at::native::direct_copy_kernel_cuda(at::TensorIteratorBase&)::{lambda()#3}::operator()() const::{lambda()#1}::operator()() const::{lambda(unsigned char)#1} const&)::{lambda(int, bool)#1})",128,0,0,8,0,64,"SQ_INSTS_SALU",8721408.000000,470203403792187,470203403815307
14,14,"Agent 2",1,1096245,1096245,4104192,1139,"void at::native::elementwise_kernel_manual_unroll<128, 4, at::native::gpu_kernel_impl<at::native::direct_copy_kernel_cuda(at::TensorIteratorBase&)::{lambda()#3}::operator()() const::{lambda()#1}::operator()() const::{lambda(unsigned char)#1}>(at::TensorIteratorBase&, at::native::direct_copy_kernel_cuda(at::TensorIteratorBase&)::{lambda()#3}::operator()() const::{lambda()#1}::operator()() const::{lambda(unsigned char)#1} const&)::{lambda(int, bool)#1}>(int, at::native::gpu_kernel_impl<at::native::direct_copy_kernel_cuda(at::TensorIteratorBase&)::{lambda()#3}::operator()() const::{lambda()#1}::operator()() const::{lambda(unsigned char)#1}>(at::TensorIteratorBase&, at::native::direct_copy_kernel_cuda(at::TensorIteratorBase&)::{lambda()#3}::operator()() const::{lambda()#1}::operator()() const::{lambda(unsigned char)#1} const&)::{lambda(int, bool)#1})",128,0,0,8,0,64,"SQ_INSTS_SMEM",192384.000000,470203403792187,470203403815307
14,14,"Agent 2",1,1096245,1096245,4104192,1139,"void at::native::elementwise_kernel_manual_unroll<128, 4, at::native::gpu_kernel_impl<at::native::direct_copy_kernel_cuda(at::TensorIteratorBase&)::{lambda()#3}::operator()() const::{lambda()#1}::operator()() const::{lambda(unsigned char)#1}>(at::TensorIteratorBase&, at::native::direct_copy_kernel_cuda(at::TensorIteratorBase&)::{lambda()#3}::operator()() const::{lambda()#1}::operator()() const::{lambda(unsigned char)#1} const&)::{lambda(int, bool)#1}>(int, at::native::gpu_kernel_impl<at::native::direct_copy_kernel_cuda(at::TensorIteratorBase&)::{lambda()#3}::operator()() const::{lambda()#1}::operator()() const::{lambda(unsigned char)#1}>(at::TensorIteratorBase&, at::native::direct_copy_kernel_cuda(at::TensorIteratorBase&)::{lambda()#3}::operator()() const::{lambda()#1}::operator()() const::{lambda(unsigned char)#1} const&)::{lambda(int, bool)#1})",128,0,0,8,0,64,"SQ_INSTS_VALU",1859712.000000,470203403792187,470203403815307
14,14,"Agent 2",1,1096245,1096245,4104192,1139,"void at::native::elementwise_kernel_manual_unroll<128, 4, at::native::gpu_kernel_impl<at::native::direct_copy_kernel_cuda(at::TensorIteratorBase&)::{lambda()#3}::operator()() const::{lambda()#1}::operator()() const::{lambda(unsigned char)#1}>(at::TensorIteratorBase&, at::native::direct_copy_kernel_cuda(at::TensorIteratorBase&)::{lambda()#3}::operator()() const::{lambda()#1}::operator()() const::{lambda(unsigned char)#1} const&)::{lambda(int, bool)#1}>(int, at::native::gpu_kernel_impl<at::native::direct_copy_kernel_cuda(at::TensorIteratorBase&)::{lambda()#3}::operator()() const::{lambda()#1}::operator()() const::{lambda(unsigned char)#1}>(at::TensorIteratorBase&, at::native::direct_copy_kernel_cuda(at::TensorIteratorBase&)::{lambda()#3}::operator()() const::{lambda()#1}::operator()() const::{lambda(unsigned char)#1} const&)::{lambda(int, bool)#1})",128,0,0,8,0,64,"SQ_INSTS_VMEM",577152.000000,470203403792187,470203403815307
15,15,"Agent 2",1,1096245,1096245,131072,113,"__amd_rocclr_copyBuffer",512,0,0,8,0,32,"SQC_ICACHE_HITS",56051.000000,470203403925908,470203403932428
15,15,"Agent 2",1,1096245,1096245,131072,113,"__amd_rocclr_copyBuffer",512,0,0,8,0,32,"SQC_ICACHE_REQ",58336.000000,470203403925908,470203403932428
15,15,"Agent 2",1,1096245,1096245,131072,113,"__amd_rocclr_copyBuffer",512,0,0,8,0,32,"SQ_INSTS",247680.000000,470203403925908,470203403932428
15,15,"Agent 2",1,1096245,1096245,131072,113,"__amd_rocclr_copyBuffer",512,0,0,8,0,32,"SQ_INSTS_SALU",58688.000000,470203403925908,470203403932428
15,15,"Agent 2",1,1096245,1096245,131072,113,"__amd_rocclr_copyBuffer",512,0,0,8,0,32,"SQ_INSTS_SMEM",0.00000000e+00,470203403925908,470203403932428
15,15,"Agent 2",1,1096245,1096245,131072,113,"__amd_rocclr_copyBuffer",512,0,0,8,0,32,"SQ_INSTS_VALU",114624.000000,470203403925908,470203403932428
15,15,"Agent 2",1,1096245,1096245,131072,113,"__amd_rocclr_copyBuffer",512,0,0,8,0,32,"SQ_INSTS_VMEM",32064.000000,470203403925908,470203403932428
16,16,"Agent 2",1,1096245,1096245,2052096,1137,"void at::native::elementwise_kernel_manual_unroll<128, 8, at::native::gpu_kernel_impl_nocast<at::native::direct_copy_kernel_cuda(at::TensorIteratorBase&)::{lambda()#3}::operator()() const::{lambda()#1}::operator()() const::{lambda(unsigned char)#1}>(at::TensorIteratorBase&, at::native::direct_copy_kernel_cuda(at::TensorIteratorBase&)::{lambda()#3}::operator()() const::{lambda()#1}::operator()() const::{lambda(unsigned char)#1} const&)::{lambda(int, bool)#1}>(int, at::native::gpu_kernel_impl_nocast<at::native::direct_copy_kernel_cuda(at::TensorIteratorBase&)::{lambda()#3}::operator()() const::{lambda()#1}::operator()() const::{lambda(unsigned char)#1}>(at::TensorIteratorBase&, at::native::direct_copy_kernel_cuda(at::TensorIteratorBase&)::{lambda()#3}::operator()() const::{lambda()#1}::operator()() const::{lambda(unsigned char)#1} const&)::{lambda(int, bool)#1})",128,0,0,20,0,80,"SQC_ICACHE_HITS",6175565.000000,470203404034509,470203404066790
16,16,"Agent 2",1,1096245,1096245,2052096,1137,"void at::native::elementwise_kernel_manual_unroll<128, 8, at::native::gpu_kernel_impl_nocast<at::native::direct_copy_kernel_cuda(at::TensorIteratorBase&)::{lambda()#3}::operator()() const::{lambda()#1}::operator()() const::{lambda(unsigned char)#1}>(at::TensorIteratorBase&, at::native::direct_copy_kernel_cuda(at::TensorIteratorBase&)::{lambda()#3}::operator()() const::{lambda()#1}::operator()() const::{lambda(unsigned char)#1} const&)::{lambda(int, bool)#1}>(int, at::native::gpu_kernel_impl_nocast<at::native::direct_copy_kernel_cuda(at::TensorIteratorBase&)::{lambda()#3}::operator()() const::{lambda()#1}::operator()() const::{lambda(unsigned char)#1}>(at::TensorIteratorBase&, at::native::direct_copy_kernel_cuda(at::TensorIteratorBase&)::{lambda()#3}::operator()() const::{lambda()#1}::operator()() const::{lambda(unsigned char)#1} const&)::{lambda(int, bool)#1})",128,0,0,20,0,80,"SQC_ICACHE_REQ",6188352.000000,470203404034509,470203404066790
16,16,"Agent 2",1,1096245,1096245,2052096,1137,"void at::native::elementwise_kernel_manual_unroll<128, 8, at::native::gpu_kernel_impl_nocast<at::native::direct_copy_kernel_cuda(at::TensorIteratorBase&)::{lambda()#3}::operator()() const::{lambda()#1}::operator()() const::{lambda(unsigned char)#1}>(at::TensorIteratorBase&, at::native::direct_copy_kernel_cuda(at::TensorIteratorBase&)::{lambda()#3}::operator()() const::{lambda()#1}::operator()() const::{lambda(unsigned char)#1} const&)::{lambda(int, bool)#1}>(int, at::native::gpu_kernel_impl_nocast<at::native::direct_copy_kernel_cuda(at::TensorIteratorBase&)::{lambda()#3}::operator()() const::{lambda()#1}::operator()() const::{lambda(unsigned char)#1}>(at::TensorIteratorBase&, at::native::direct_copy_kernel_cuda(at::TensorIteratorBase&)::{lambda()#3}::operator()() const::{lambda()#1}::operator()() const::{lambda(unsigned char)#1} const&)::{lambda(int, bool)#1})",128,0,0,20,0,80,"SQ_INSTS",32128128.000000,470203404034509,470203404066790
16,16,"Agent 2",1,1096245,1096245,2052096,1137,"void at::native::elementwise_kernel_manual_unroll<128, 8, at::native::gpu_kernel_impl_nocast<at::native::direct_copy_kernel_cuda(at::TensorIteratorBase&)::{lambda()#3}::operator()() const::{lambda()#1}::operator()() const::{lambda(unsigned char)#1}>(at::TensorIteratorBase&, at::native::direct_copy_kernel_cuda(at::TensorIteratorBase&)::{lambda()#3}::operator()() const::{lambda()#1}::operator()() const::{lambda(unsigned char)#1} const&)::{lambda(int, bool)#1}>(int, at::native::gpu_kernel_impl_nocast<at::native::direct_copy_kernel_cuda(at::TensorIteratorBase&)::{lambda()#3}::operator()() const::{lambda()#1}::operator()() const::{lambda(unsigned char)#1}>(at::TensorIteratorBase&, at::native::direct_copy_kernel_cuda(at::TensorIteratorBase&)::{lambda()#3}::operator()() const::{lambda()#1}::operator()() const::{lambda(unsigned char)#1} const&)::{lambda(int, bool)#1})",128,0,0,20,0,80,"SQ_INSTS_SALU",10228416.000000,470203404034509,470203404066790
16,16,"Agent 2",1,1096245,1096245,2052096,1137,"void at::native::elementwise_kernel_manual_unroll<128, 8, at::native::gpu_kernel_impl_nocast<at::native::direct_copy_kernel_cuda(at::TensorIteratorBase&)::{lambda()#3}::operator()() const::{lambda()#1}::operator()() const::{lambda(unsigned char)#1}>(at::TensorIteratorBase&, at::native::direct_copy_kernel_cuda(at::TensorIteratorBase&)::{lambda()#3}::operator()() const::{lambda()#1}::operator()() const::{lambda(unsigned char)#1} const&)::{lambda(int, bool)#1}>(int, at::native::gpu_kernel_impl_nocast<at::native::direct_copy_kernel_cuda(at::TensorIteratorBase&)::{lambda()#3}::operator()() const::{lambda()#1}::operator()() const::{lambda(unsigned char)#1}>(at::TensorIteratorBase&, at::native::direct_copy_kernel_cuda(at::TensorIteratorBase&)::{lambda()#3}::operator()() const::{lambda()#1}::operator()() const::{lambda(unsigned char)#1} const&)::{lambda(int, bool)#1})",128,0,0,20,0,80,"SQ_INSTS_SMEM",2404800.000000,470203404034509,470203404066790
16,16,"Agent 2",1,1096245,1096245,2052096,1137,"void at::native::elementwise_kernel_manual_unroll<128, 8, at::native::gpu_kernel_impl_nocast<at::native::direct_copy_kernel_cuda(at::TensorIteratorBase&)::{lambda()#3}::operator()() const::{lambda()#1}::operator()() const::{lambda(unsigned char)#1}>(at::TensorIteratorBase&, at::native::direct_copy_kernel_cuda(at::TensorIteratorBase&)::{lambda()#3}::operator()() const::{lambda()#1}::operator()() const::{lambda(unsigned char)#1} const&)::{lambda(int, bool)#1}>(int, at::native::gpu_kernel_impl_nocast<at::native::direct_copy_kernel_cuda(at::TensorIteratorBase&)::{lambda()#3}::operator()() const::{lambda()#1}::operator()() const::{lambda(unsigned char)#1}>(at::TensorIteratorBase&, at::native::direct_copy_kernel_cuda(at::TensorIteratorBase&)::{lambda()#3}::operator()() const::{lambda()#1}::operator()() const::{lambda(unsigned char)#1} const&)::{lambda(int, bool)#1})",128,0,0,20,0,80,"SQ_INSTS_VALU",15486912.000000,470203404034509,470203404066790
16,16,"Agent 2",1,1096245,1096245,2052096,1137,"void at::native::elementwise_kernel_manual_unroll<128, 8, at::native::gpu_kernel_impl_nocast<at::native::direct_copy_kernel_cuda(at::TensorIteratorBase&)::{lambda()#3}::operator()() const::{lambda()#1}::operator()() const::{lambda(unsigned char)#1}>(at::TensorIteratorBase&, at::native::direct_copy_kernel_cuda(at::TensorIteratorBase&)::{lambda()#3}::operator()() const::{lambda()#1}::operator()() const::{lambda(unsigned char)#1} const&)::{lambda(int, bool)#1}>(int, at::native::gpu_kernel_impl_nocast<at::native::direct_copy_kernel_cuda(at::TensorIteratorBase&)::{lambda()#3}::operator()() const::{lambda()#1}::operator()() const::{lambda(unsigned char)#1}>(at::TensorIteratorBase&, at::native::direct_copy_kernel_cuda(at::TensorIteratorBase&)::{lambda()#3}::operator()() const::{lambda()#1}::operator()() const::{lambda(unsigned char)#1} const&)::{lambda(int, bool)#1})",128,0,0,20,0,80,"SQ_INSTS_VMEM",513024.000000,470203404034509,470203404066790
17,17,"Agent 2",1,1096245,1096245,2052096,1137,"void at::native::elementwise_kernel_manual_unroll<128, 8, at::native::gpu_kernel_impl_nocast<at::native::direct_copy_kernel_cuda(at::TensorIteratorBase&)::{lambda()#3}::operator()() const::{lambda()#1}::operator()() const::{lambda(unsigned char)#1}>(at::TensorIteratorBase&, at::native::direct_copy_kernel_cuda(at::TensorIteratorBase&)::{lambda()#3}::operator()() const::{lambda()#1}::operator()() const::{lambda(unsigned char)#1} const&)::{lambda(int, bool)#1}>(int, at::native::gpu_kernel_impl_nocast<at::native::direct_copy_kernel_cuda(at::TensorIteratorBase&)::{lambda()#3}::operator()() const::{lambda()#1}::operator()() const::{lambda(unsigned char)#1}>(at::TensorIteratorBase&, at::native::direct_copy_kernel_cuda(at::TensorIteratorBase&)::{lambda()#3}::operator()() const::{lambda()#1}::operator()() const::{lambda(unsigned char)#1} const&)::{lambda(int, bool)#1})",128,0,0,20,0,80,"SQC_ICACHE_HITS",3605284.000000,470203404171991,470203404192191
17,17,"Agent 2",1,1096245,1096245,2052096,1137,"void at::native::elementwise_kernel_manual_unroll<128, 8, at::native::gpu_kernel_impl_nocast<at::native::direct_copy_kernel_cuda(at::TensorIteratorBase&)::{lambda()#3}::operator()() const::{lambda()#1}::operator()() const::{lambda(unsigned char)#1}>(at::TensorIteratorBase&, at::native::direct_copy_kernel_cuda(at::TensorIteratorBase&)::{lambda()#3}::operator()() const::{lambda()#1}::operator()() const::{lambda(unsigned char)#1} const&)::{lambda(int, bool)#1}>(int, at::native::gpu_kernel_impl_nocast<at::native::direct_copy_kernel_cuda(at::TensorIteratorBase&)::{lambda()#3}::operator()() const::{lambda()#1}::operator()() const::{lambda(unsigned char)#1}>(at::TensorIteratorBase&, at::native::direct_copy_kernel_cuda(at::TensorIteratorBase&)::{lambda()#3}::operator()() const::{lambda()#1}::operator()() const::{lambda(unsigned char)#1} const&)::{lambda(int, bool)#1})",128,0,0,20,0,80,"SQC_ICACHE_REQ",3623232.000000,470203404171991,470203404192191
17,17,"Agent 2",1,1096245,1096245,2052096,1137,"void at::native::elementwise_kernel_manual_unroll<128, 8, at::native::gpu_kernel_impl_nocast<at::native::direct_copy_kernel_cuda(at::TensorIteratorBase&)::{lambda()#3}::operator()() const::{lambda()#1}::operator()() const::{lambda(unsigned char)#1}>(at::TensorIteratorBase&, at::native::direct_copy_kernel_cuda(at::TensorIteratorBase&)::{lambda()#3}::operator()() const::{lambda()#1}::operator()() const::{lambda(unsigned char)#1} const&)::{lambda(int, bool)#1}>(int, at::native::gpu_kernel_impl_nocast<at::native::direct_copy_kernel_cuda(at::TensorIteratorBase&)::{lambda()#3}::operator()() const::{lambda()#1}::operator()() const::{lambda(unsigned char)#1}>(at::TensorIteratorBase&, at::native::direct_copy_kernel_cuda(at::TensorIteratorBase&)::{lambda()#3}::operator()() const::{lambda()#1}::operator()() const::{lambda(unsigned char)#1} const&)::{lambda(int, bool)#1})",128,0,0,20,0,80,"SQ_INSTS",19302528.000000,470203404171991,470203404192191
17,17,"Agent 2",1,1096245,1096245,2052096,1137,"void at::native::elementwise_kernel_manual_unroll<128, 8, at::native::gpu_kernel_impl_nocast<at::native::direct_copy_kernel_cuda(at::TensorIteratorBase&)::{lambda()#3}::operator()() const::{lambda()#1}::operator()() const::{lambda(unsigned char)#1}>(at::TensorIteratorBase&, at::native::direct_copy_kernel_cuda(at::TensorIteratorBase&)::{lambda()#3}::operator()() const::{lambda()#1}::operator()() const::{lambda(unsigned char)#1} const&)::{lambda(int, bool)#1}>(int, at::native::gpu_kernel_impl_nocast<at::native::direct_copy_kernel_cuda(at::TensorIteratorBase&)::{lambda()#3}::operator()() const::{lambda()#1}::operator()() const::{lambda(unsigned char)#1}>(at::TensorIteratorBase&, at::native::direct_copy_kernel_cuda(at::TensorIteratorBase&)::{lambda()#3}::operator()() const::{lambda()#1}::operator()() const::{lambda(unsigned char)#1} const&)::{lambda(int, bool)#1})",128,0,0,20,0,80,"SQ_INSTS_SALU",5098176.000000,470203404171991,470203404192191
17,17,"Agent 2",1,1096245,1096245,2052096,1137,"void at::native::elementwise_kernel_manual_unroll<128, 8, at::native::gpu_kernel_impl_nocast<at::native::direct_copy_kernel_cuda(at::TensorIteratorBase&)::{lambda()#3}::operator()() const::{lambda()#1}::operator()() const::{lambda(unsigned char)#1}>(at::TensorIteratorBase&, at::native::direct_copy_kernel_cuda(at::TensorIteratorBase&)::{lambda()#3}::operator()() const::{lambda()#1}::operator()() const::{lambda(unsigned char)#1} const&)::{lambda(int, bool)#1}>(int, at::native::gpu_kernel_impl_nocast<at::native::direct_copy_kernel_cuda(at::TensorIteratorBase&)::{lambda()#3}::operator()() const::{lambda()#1}::operator()() const::{lambda(unsigned char)#1}>(at::TensorIteratorBase&, at::native::direct_copy_kernel_cuda(at::TensorIteratorBase&)::{lambda()#3}::operator()() const::{lambda()#1}::operator()() const::{lambda(unsigned char)#1} const&)::{lambda(int, bool)#1})",128,0,0,20,0,80,"SQ_INSTS_SMEM",865728.000000,470203404171991,470203404192191
17,17,"Agent 2",1,1096245,1096245,2052096,1137,"void at::native::elementwise_kernel_manual_unroll<128, 8, at::native::gpu_kernel_impl_nocast<at::native::direct_copy_kernel_cuda(at::TensorIteratorBase&)::{lambda()#3}::operator()() const::{lambda()#1}::operator()() const::{lambda(unsigned char)#1}>(at::TensorIteratorBase&, at::native::direct_copy_kernel_cuda(at::TensorIteratorBase&)::{lambda()#3}::operator()() const::{lambda()#1}::operator()() const::{lambda(unsigned char)#1} const&)::{lambda(int, bool)#1}>(int, at::native::gpu_kernel_impl_nocast<at::native::direct_copy_kernel_cuda(at::TensorIteratorBase&)::{lambda()#3}::operator()() const::{lambda()#1}::operator()() const::{lambda(unsigned char)#1}>(at::TensorIteratorBase&, at::native::direct_copy_kernel_cuda(at::TensorIteratorBase&)::{lambda()#3}::operator()() const::{lambda()#1}::operator()() const::{lambda(unsigned char)#1} const&)::{lambda(int, bool)#1})",128,0,0,20,0,80,"SQ_INSTS_VALU",10100160.000000,470203404171991,470203404192191
17,17,"Agent 2",1,1096245,1096245,2052096,1137,"void at::native::elementwise_kernel_manual_unroll<128, 8, at::native::gpu_kernel_impl_nocast<at::native::direct_copy_kernel_cuda(at::TensorIteratorBase&)::{lambda()#3}::operator()() const::{lambda()#1}::operator()() const::{lambda(unsigned char)#1}>(at::TensorIteratorBase&, at::native::direct_copy_kernel_cuda(at::TensorIteratorBase&)::{lambda()#3}::operator()() const::{lambda()#1}::operator()() const::{lambda(unsigned char)#1} const&)::{lambda(int, bool)#1}>(int, at::native::gpu_kernel_impl_nocast<at::native::direct_copy_kernel_cuda(at::TensorIteratorBase&)::{lambda()#3}::operator()() const::{lambda()#1}::operator()() const::{lambda(unsigned char)#1}>(at::TensorIteratorBase&, at::native::direct_copy_kernel_cuda(at::TensorIteratorBase&)::{lambda()#3}::operator()() const::{lambda()#1}::operator()() const::{lambda(unsigned char)#1} const&)::{lambda(int, bool)#1})",128,0,0,20,0,80,"SQ_INSTS_VMEM",513024.000000,470203404171991,470203404192191
18,18,"Agent 2",1,1096245,1096245,8208384,806,"void at::native::vectorized_elementwise_kernel<16, at::native::FillFunctor<unsigned char>, std::array<char*, 1ul> >(int, at::native::FillFunctor<unsigned char>, std::array<char*, 1ul>)",256,0,0,8,0,16,"SQC_ICACHE_HITS",626833.000000,470203404292592,470203404313112
18,18,"Agent 2",1,1096245,1096245,8208384,806,"void at::native::vectorized_elementwise_kernel<16, at::native::FillFunctor<unsigned char>, std::array<char*, 1ul> >(int, at::native::FillFunctor<unsigned char>, std::array<char*, 1ul>)",256,0,0,8,0,16,"SQC_ICACHE_REQ",641280.000000,470203404292592,470203404313112
18,18,"Agent 2",1,1096245,1096245,8208384,806,"void at::native::vectorized_elementwise_kernel<16, at::native::FillFunctor<unsigned char>, std::array<char*, 1ul> >(int, at::native::FillFunctor<unsigned char>, std::array<char*, 1ul>)",256,0,0,8,0,16,"SQ_INSTS",3334656.000000,470203404292592,470203404313112
18,18,"Agent 2",1,1096245,1096245,8208384,806,"void at::native::vectorized_elementwise_kernel<16, at::native::FillFunctor<unsigned char>, std::array<char*, 1ul> >(int, at::native::FillFunctor<unsigned char>, std::array<char*, 1ul>)",256,0,0,8,0,16,"SQ_INSTS_SALU",1923840.000000,470203404292592,470203404313112
18,18,"Agent 2",1,1096245,1096245,8208384,806,"void at::native::vectorized_elementwise_kernel<16, at::native::FillFunctor<unsigned char>, std::array<char*, 1ul> >(int, at::native::FillFunctor<unsigned char>, std::array<char*, 1ul>)",256,0,0,8,0,16,"SQ_INSTS_SMEM",128256.000000,470203404292592,470203404313112
18,18,"Agent 2",1,1096245,1096245,8208384,806,"void at::native::vectorized_elementwise_kernel<16, at::native::FillFunctor<unsigned char>, std::array<char*, 1ul> >(int, at::native::FillFunctor<unsigned char>, std::array<char*, 1ul>)",256,0,0,8,0,16,"SQ_INSTS_VALU",641280.000000,470203404292592,470203404313112
18,18,"Agent 2",1,1096245,1096245,8208384,806,"void at::native::vectorized_elementwise_kernel<16, at::native::FillFunctor<unsigned char>, std::array<char*, 1ul> >(int, at::native::FillFunctor<unsigned char>, std::array<char*, 1ul>)",256,0,0,8,0,16,"SQ_INSTS_VMEM",128256.000000,470203404292592,470203404313112
19,19,"Agent 2",1,1096245,1096245,32833536,1154,"void at::native::elementwise_kernel_manual_unroll<128, 4, at::native::gpu_kernel_impl<at::native::direct_copy_kernel_cuda(at::TensorIteratorBase&)::{lambda()#3}::operator()() const::{lambda()#5}::operator()() const::{lambda(short)#1}>(at::TensorIteratorBase&, at::native::direct_copy_kernel_cuda(at::TensorIteratorBase&)::{lambda()#3}::operator()() const::{lambda()#5}::operator()() const::{lambda(short)#1} const&)::{lambda(int, bool)#1}>(int, at::native::gpu_kernel_impl<at::native::direct_copy_kernel_cuda(at::TensorIteratorBase&)::{lambda()#3}::operator()() const::{lambda()#5}::operator()() const::{lambda(short)#1}>(at::TensorIteratorBase&, at::native::direct_copy_kernel_cuda(at::TensorIteratorBase&)::{lambda()#3}::operator()() const::{lambda()#5}::operator()() const::{lambda(short)#1} const&)::{lambda(int, bool)#1})",128,0,0,8,0,64,"SQC_ICACHE_HITS",44555566.000000,470203404418433,470203404627435
19,19,"Agent 2",1,1096245,1096245,32833536,1154,"void at::native::elementwise_kernel_manual_unroll<128, 4, at::native::gpu_kernel_impl<at::native::direct_copy_kernel_cuda(at::TensorIteratorBase&)::{lambda()#3}::operator()() const::{lambda()#5}::operator()() const::{lambda(short)#1}>(at::TensorIteratorBase&, at::native::direct_copy_kernel_cuda(at::TensorIteratorBase&)::{lambda()#3}::operator()() const::{lambda()#5}::operator()() const::{lambda(short)#1} const&)::{lambda(int, bool)#1}>(int, at::native::gpu_kernel_impl<at::native::direct_copy_kernel_cuda(at::TensorIteratorBase&)::{lambda()#3}::operator()() const::{lambda()#5}::operator()() const::{lambda(short)#1}>(at::TensorIteratorBase&, at::native::direct_copy_kernel_cuda(at::TensorIteratorBase&)::{lambda()#3}::operator()() const::{lambda()#5}::operator()() const::{lambda(short)#1} const&)::{lambda(int, bool)#1})",128,0,0,8,0,64,"SQC_ICACHE_REQ",44633088.000000,470203404418433,470203404627435
19,19,"Agent 2",1,1096245,1096245,32833536,1154,"void at::native::elementwise_kernel_manual_unroll<128, 4, at::native::gpu_kernel_impl<at::native::direct_copy_kernel_cuda(at::TensorIteratorBase&)::{lambda()#3}::operator()() const::{lambda()#5}::operator()() const::{lambda(short)#1}>(at::TensorIteratorBase&, at::native::direct_copy_kernel_cuda(at::TensorIteratorBase&)::{lambda()#3}::operator()() const::{lambda()#5}::operator()() const::{lambda(short)#1} const&)::{lambda(int, bool)#1}>(int, at::native::gpu_kernel_impl<at::native::direct_copy_kernel_cuda(at::TensorIteratorBase&)::{lambda()#3}::operator()() const::{lambda()#5}::operator()() const::{lambda(short)#1}>(at::TensorIteratorBase&, at::native::direct_copy_kernel_cuda(at::TensorIteratorBase&)::{lambda()#3}::operator()() const::{lambda()#5}::operator()() const::{lambda(short)#1} const&)::{lambda(int, bool)#1})",128,0,0,8,0,64,"SQ_INSTS",137490432.000000,470203404418433,470203404627435
19,19,"Agent 2",1,1096245,1096245,32833536,1154,"void at::native::elementwise_kernel_manual_unroll<128, 4, at::native::gpu_kernel_impl<at::native::direct_copy_kernel_cuda(at::TensorIteratorBase&)::{lambda()#3}::operator()() const::{lambda()#5}::operator()() const::{lambda(short)#1}>(at::TensorIteratorBase&, at::native::direct_copy_kernel_cuda(at::TensorIteratorBase&)::{lambda()#3}::operator()() const::{lambda()#5}::operator()() const::{lambda(short)#1} const&)::{lambda(int, bool)#1}>(int, at::native::gpu_kernel_impl<at::native::direct_copy_kernel_cuda(at::TensorIteratorBase&)::{lambda()#3}::operator()() const::{lambda()#5}::operator()() const::{lambda(short)#1}>(at::TensorIteratorBase&, at::native::direct_copy_kernel_cuda(at::TensorIteratorBase&)::{lambda()#3}::operator()() const::{lambda()#5}::operator()() const::{lambda(short)#1} const&)::{lambda(int, bool)#1})",128,0,0,8,0,64,"SQ_INSTS_SALU",69258240.000000,470203404418433,470203404627435
19,19,"Agent 2",1,1096245,1096245,32833536,1154,"void at::native::elementwise_kernel_manual_unroll<128, 4, at::native::gpu_kernel_impl<at::native::direct_copy_kernel_cuda(at::TensorIteratorBase&)::{lambda()#3}::operator()() const::{lambda()#5}::operator()() const::{lambda(short)#1}>(at::TensorIteratorBase&, at::native::direct_copy_kernel_cuda(at::TensorIteratorBase&)::{lambda()#3}::operator()() const::{lambda()#5}::operator()() const::{lambda(short)#1} const&)::{lambda(int, bool)#1}>(int, at::native::gpu_kernel_impl<at::native::direct_copy_kernel_cuda(at::TensorIteratorBase&)::{lambda()#3}::operator()() const::{lambda()#5}::operator()() const::{lambda(short)#1}>(at::TensorIteratorBase&, at::native::direct_copy_kernel_cuda(at::TensorIteratorBase&)::{lambda()#3}::operator()() const::{lambda()#5}::operator()() const::{lambda(short)#1} const&)::{lambda(int, bool)#1})",128,0,0,8,0,64,"SQ_INSTS_SMEM",1539072.000000,470203404418433,470203404627435
19,19,"Agent 2",1,1096245,1096245,32833536,1154,"void at::native::elementwise_kernel_manual_unroll<128, 4, at::native::gpu_kernel_impl<at::native::direct_copy_kernel_cuda(at::TensorIteratorBase&)::{lambda()#3}::operator()() const::{lambda()#5}::operator()() const::{lambda(short)#1}>(at::TensorIteratorBase&, at::native::direct_copy_kernel_cuda(at::TensorIteratorBase&)::{lambda()#3}::operator()() const::{lambda()#5}::operator()() const::{lambda(short)#1} const&)::{lambda(int, bool)#1}>(int, at::native::gpu_kernel_impl<at::native::direct_copy_kernel_cuda(at::TensorIteratorBase&)::{lambda()#3}::operator()() const::{lambda()#5}::operator()() const::{lambda(short)#1}>(at::TensorIteratorBase&, at::native::direct_copy_kernel_cuda(at::TensorIteratorBase&)::{lambda()#3}::operator()() const::{lambda()#5}::operator()() const::{lambda(short)#1} const&)::{lambda(int, bool)#1})",128,0,0,8,0,64,"SQ_INSTS_VALU",14877696.000000,470203404418433,470203404627435
19,19,"Agent 2",1,1096245,1096245,32833536,1154,"void at::native::elementwise_kernel_manual_unroll<128, 4, at::native::gpu_kernel_impl<at::native::direct_copy_kernel_cuda(at::TensorIteratorBase&)::{lambda()#3}::operator()() const::{lambda()#5}::operator()() const::{lambda(short)#1}>(at::TensorIteratorBase&, at::native::direct_copy_kernel_cuda(at::TensorIteratorBase&)::{lambda()#3}::operator()() const::{lambda()#5}::operator()() const::{lambda(short)#1} const&)::{lambda(int, bool)#1}>(int, at::native::gpu_kernel_impl<at::native::direct_copy_kernel_cuda(at::TensorIteratorBase&)::{lambda()#3}::operator()() const::{lambda()#5}::operator()() const::{lambda(short)#1}>(at::TensorIteratorBase&, at::native::direct_copy_kernel_cuda(at::TensorIteratorBase&)::{lambda()#3}::operator()() const::{lambda()#5}::operator()() const::{lambda(short)#1} const&)::{lambda(int, bool)#1})",128,0,0,8,0,64,"SQ_INSTS_VMEM",4617216.000000,470203404418433,470203404627435
20,20,"Agent 2",1,1096245,1096245,16416768,1345,"void at::native::vectorized_elementwise_kernel<8, at::native::CUDAFunctorOnSelf_add<short>, std::array<char*, 2ul> >(int, at::native::CUDAFunctorOnSelf_add<short>, std::array<char*, 2ul>)",256,0,0,8,0,32,"SQC_ICACHE_HITS",1531075.000000,470203404740596,470203404827197
20,20,"Agent 2",1,1096245,1096245,16416768,1345,"void at::native::vectorized_elementwise_kernel<8, at::native::CUDAFunctorOnSelf_add<short>, std::array<char*, 2ul> >(int, at::native::CUDAFunctorOnSelf_add<short>, std::array<char*, 2ul>)",256,0,0,8,0,32,"SQC_ICACHE_REQ",1539072.000000,470203404740596,470203404827197
20,20,"Agent 2",1,1096245,1096245,16416768,1345,"void at::native::vectorized_elementwise_kernel<8, at::native::CUDAFunctorOnSelf_add<short>, std::array<char*, 2ul> >(int, at::native::CUDAFunctorOnSelf_add<short>, std::array<char*, 2ul>)",256,0,0,8,0,32,"SQ_INSTS",7182336.000000,470203404740596,470203404827197
20,20,"Agent 2",1,1096245,1096245,16416768,1345,"void at::native::vectorized_elementwise_kernel<8, at::native::CUDAFunctorOnSelf_add<short>, std::array<char*, 2ul> >(int, at::native::CUDAFunctorOnSelf_add<short>, std::array<char*, 2ul>)",256,0,0,8,0,32,"SQ_INSTS_SALU",3591168.000000,470203404740596,470203404827197
20,20,"Agent 2",1,1096245,1096245,16416768,1345,"void at::native::vectorized_elementwise_kernel<8, at::native::CUDAFunctorOnSelf_add<short>, std::array<char*, 2ul> >(int, at::native::CUDAFunctorOnSelf_add<short>, std::array<char*, 2ul>)",256,0,0,8,0,32,"SQ_INSTS_SMEM",513024.000000,470203404740596,470203404827197
20,20,"Agent 2",1,1096245,1096245,16416768,1345,"void at::native::vectorized_elementwise_kernel<8, at::native::CUDAFunctorOnSelf_add<short>, std::array<char*, 2ul> >(int, at::native::CUDAFunctorOnSelf_add<short>, std::array<char*, 2ul>)",256,0,0,8,0,32,"SQ_INSTS_VALU",1282560.000000,470203404740596,470203404827197
20,20,"Agent 2",1,1096245,1096245,16416768,1345,"void at::native::vectorized_elementwise_kernel<8, at::native::CUDAFunctorOnSelf_add<short>, std::array<char*, 2ul> >(int, at::native::CUDAFunctorOnSelf_add<short>, std::array<char*, 2ul>)",256,0,0,8,0,32,"SQ_INSTS_VMEM",513024.000000,470203404740596,470203404827197
21,21,"Agent 2",1,1096245,1096245,32833536,1139,"void at::native::elementwise_kernel_manual_unroll<128, 4, at::native::gpu_kernel_impl<at::native::direct_copy_kernel_cuda(at::TensorIteratorBase&)::{lambda()#3}::operator()() const::{lambda()#1}::operator()() const::{lambda(unsigned char)#1}>(at::TensorIteratorBase&, at::native::direct_copy_kernel_cuda(at::TensorIteratorBase&)::{lambda()#3}::operator()() const::{lambda()#1}::operator()() const::{lambda(unsigned char)#1} const&)::{lambda(int, bool)#1}>(int, at::native::gpu_kernel_impl<at::native::direct_copy_kernel_cuda(at::TensorIteratorBase&)::{lambda()#3}::operator()() const::{lambda()#1}::operator()() const::{lambda(unsigned char)#1}>(at::TensorIteratorBase&, at::native::direct_copy_kernel_cuda(at::TensorIteratorBase&)::{lambda()#3}::operator()() const::{lambda()#1}::operator()() const::{lambda(unsigned char)#1} const&)::{lambda(int, bool)#1})",128,0,0,8,0,64,"SQC_ICACHE_HITS",41970533.000000,470203404932118,470203405138640
21,21,"Agent 2",1,1096245,1096245,32833536,1139,"void at::native::elementwise_kernel_manual_unroll<128, 4, at::native::gpu_kernel_impl<at::native::direct_copy_kernel_cuda(at::TensorIteratorBase&)::{lambda()#3}::operator()() const::{lambda()#1}::operator()() const::{lambda(unsigned char)#1}>(at::TensorIteratorBase&, at::native::direct_copy_kernel_cuda(at::TensorIteratorBase&)::{lambda()#3}::operator()() const::{lambda()#1}::operator()() const::{lambda(unsigned char)#1} const&)::{lambda(int, bool)#1}>(int, at::native::gpu_kernel_impl<at::native::direct_copy_kernel_cuda(at::TensorIteratorBase&)::{lambda()#3}::operator()() const::{lambda()#1}::operator()() const::{lambda(unsigned char)#1}>(at::TensorIteratorBase&, at::native::direct_copy_kernel_cuda(at::TensorIteratorBase&)::{lambda()#3}::operator()() const::{lambda()#1}::operator()() const::{lambda(unsigned char)#1} const&)::{lambda(int, bool)#1})",128,0,0,8,0,64,"SQC_ICACHE_REQ",42067968.000000,470203404932118,470203405138640
21,21,"Agent 2",1,1096245,1096245,32833536,1139,"void at::native::elementwise_kernel_manual_unroll<128, 4, at::native::gpu_kernel_impl<at::native::direct_copy_kernel_cuda(at::TensorIteratorBase&)::{lambda()#3}::operator()() const::{lambda()#1}::operator()() const::{lambda(unsigned char)#1}>(at::TensorIteratorBase&, at::native::direct_copy_kernel_cuda(at::TensorIteratorBase&)::{lambda()#3}::operator()() const::{lambda()#1}::operator()() const::{lambda(unsigned char)#1} const&)::{lambda(int, bool)#1}>(int, at::native::gpu_kernel_impl<at::native::direct_copy_kernel_cuda(at::TensorIteratorBase&)::{lambda()#3}::operator()() const::{lambda()#1}::operator()() const::{lambda(unsigned char)#1}>(at::TensorIteratorBase&, at::native::direct_copy_kernel_cuda(at::TensorIteratorBase&)::{lambda()#3}::operator()() const::{lambda()#1}::operator()() const::{lambda(unsigned char)#1} const&)::{lambda(int, bool)#1})",128,0,0,8,0,64,"SQ_INSTS",135951360.000000,470203404932118,470203405138640
21,21,"Agent 2",1,1096245,1096245,32833536,1139,"void at::native::elementwise_kernel_manual_unroll<128, 4, at::native::gpu_kernel_impl<at::native::direct_copy_kernel_cuda(at::TensorIteratorBase&)::{lambda()#3}::operator()() const::{lambda()#1}::operator()() const::{lambda(unsigned char)#1}>(at::TensorIteratorBase&, at::native::direct_copy_kernel_cuda(at::TensorIteratorBase&)::{lambda()#3}::operator()() const::{lambda()#1}::operator()() const::{lambda(unsigned char)#1} const&)::{lambda(int, bool)#1}>(int, at::native::gpu_kernel_impl<at::native::direct_copy_kernel_cuda(at::TensorIteratorBase&)::{lambda()#3}::operator()() const::{lambda()#1}::operator()() const::{lambda(unsigned char)#1}>(at::TensorIteratorBase&, at::native::direct_copy_kernel_cuda(at::TensorIteratorBase&)::{lambda()#3}::operator()() const::{lambda()#1}::operator()() const::{lambda(unsigned char)#1} const&)::{lambda(int, bool)#1})",128,0,0,8,0,64,"SQ_INSTS_SALU",69771264.000000,470203404932118,470203405138640
21,21,"Agent 2",1,1096245,1096245,32833536,1139,"void at::native::elementwise_kernel_manual_unroll<128, 4, at::native::gpu_kernel_impl<at::native::direct_copy_kernel_cuda(at::TensorIteratorBase&)::{lambda()#3}::operator()() const::{lambda()#1}::operator()() const::{lambda(unsigned char)#1}>(at::TensorIteratorBase&, at::native::direct_copy_kernel_cuda(at::TensorIteratorBase&)::{lambda()#3}::operator()() const::{lambda()#1}::operator()() const::{lambda(unsigned char)#1} const&)::{lambda(int, bool)#1}>(int, at::native::gpu_kernel_impl<at::native::direct_copy_kernel_cuda(at::TensorIteratorBase&)::{lambda()#3}::operator()() const::{lambda()#1}::operator()() const::{lambda(unsigned char)#1}>(at::TensorIteratorBase&, at::native::direct_copy_kernel_cuda(at::TensorIteratorBase&)::{lambda()#3}::operator()() const::{lambda()#1}::operator()() const::{lambda(unsigned char)#1} const&)::{lambda(int, bool)#1})",128,0,0,8,0,64,"SQ_INSTS_SMEM",1539072.000000,470203404932118,470203405138640
21,21,"Agent 2",1,1096245,1096245,32833536,1139,"void at::native::elementwise_kernel_manual_unroll<128, 4, at::native::gpu_kernel_impl<at::native::direct_copy_kernel_cuda(at::TensorIteratorBase&)::{lambda()#3}::operator()() const::{lambda()#1}::operator()() const::{lambda(unsigned char)#1}>(at::TensorIteratorBase&, at::native::direct_copy_kernel_cuda(at::TensorIteratorBase&)::{lambda()#3}::operator()() const::{lambda()#1}::operator()() const::{lambda(unsigned char)#1} const&)::{lambda(int, bool)#1}>(int, at::native::gpu_kernel_impl<at::native::direct_copy_kernel_cuda(at::TensorIteratorBase&)::{lambda()#3}::operator()() const::{lambda()#1}::operator()() const::{lambda(unsigned char)#1}>(at::TensorIteratorBase&, at::native::direct_copy_kernel_cuda(at::TensorIteratorBase&)::{lambda()#3}::operator()() const::{lambda()#1}::operator()() const::{lambda(unsigned char)#1} const&)::{lambda(int, bool)#1})",128,0,0,8,0,64,"SQ_INSTS_VALU",14877696.000000,470203404932118,470203405138640
21,21,"Agent 2",1,1096245,1096245,32833536,1139,"void at::native::elementwise_kernel_manual_unroll<128, 4, at::native::gpu_kernel_impl<at::native::direct_copy_kernel_cuda(at::TensorIteratorBase&)::{lambda()#3}::operator()() const::{lambda()#1}::operator()() const::{lambda(unsigned char)#1}>(at::TensorIteratorBase&, at::native::direct_copy_kernel_cuda(at::TensorIteratorBase&)::{lambda()#3}::operator()() const::{lambda()#1}::operator()() const::{lambda(unsigned char)#1} const&)::{lambda(int, bool)#1}>(int, at::native::gpu_kernel_impl<at::native::direct_copy_kernel_cuda(at::TensorIteratorBase&)::{lambda()#3}::operator()() const::{lambda()#1}::operator()() const::{lambda(unsigned char)#1}>(at::TensorIteratorBase&, at::native::direct_copy_kernel_cuda(at::TensorIteratorBase&)::{lambda()#3}::operator()() const::{lambda()#1}::operator()() const::{lambda(unsigned char)#1} const&)::{lambda(int, bool)#1})",128,0,0,8,0,64,"SQ_INSTS_VMEM",4617216.000000,470203404932118,470203405138640
22,22,"Agent 2",1,1096245,1096245,131072,113,"__amd_rocclr_copyBuffer",512,0,0,8,0,32,"SQC_ICACHE_HITS",392931.000000,470203405237441,470203405284841
22,22,"Agent 2",1,1096245,1096245,131072,113,"__amd_rocclr_copyBuffer",512,0,0,8,0,32,"SQC_ICACHE_REQ",395008.000000,470203405237441,470203405284841
22,22,"Agent 2",1,1096245,1096245,131072,113,"__amd_rocclr_copyBuffer",512,0,0,8,0,32,"SQ_INSTS",1594368.000000,470203405237441,470203405284841
22,22,"Agent 2",1,1096245,1096245,131072,113,"__amd_rocclr_copyBuffer",512,0,0,8,0,32,"SQ_INSTS_SALU",283136.000000,470203405237441,470203405284841
22,22,"Agent 2",1,1096245,1096245,131072,113,"__amd_rocclr_copyBuffer",512,0,0,8,0,32,"SQ_INSTS_SMEM",0.00000000e+00,470203405237441,470203405284841
22,22,"Agent 2",1,1096245,1096245,131072,113,"__amd_rocclr_copyBuffer",512,0,0,8,0,32,"SQ_INSTS_VALU",787968.000000,470203405237441,470203405284841
22,22,"Agent 2",1,1096245,1096245,131072,113,"__amd_rocclr_copyBuffer",512,0,0,8,0,32,"SQ_INSTS_VMEM",256512.000000,470203405237441,470203405284841
23,23,"Agent 2",1,1096245,1096245,16416768,1137,"void at::native::elementwise_kernel_manual_unroll<128, 8, at::native::gpu_kernel_impl_nocast<at::native::direct_copy_kernel_cuda(at::TensorIteratorBase&)::{lambda()#3}::operator()() const::{lambda()#1}::operator()() const::{lambda(unsigned char)#1}>(at::TensorIteratorBase&, at::native::direct_copy_kernel_cuda(at::TensorIteratorBase&)::{lambda()#3}::operator()() const::{lambda()#1}::operator()() const::{lambda(unsigned char)#1} const&)::{lambda(int, bool)#1}>(int, at::native::gpu_kernel_impl_nocast<at::native::direct_copy_kernel_cuda(at::TensorIteratorBase&)::{lambda()#3}::operator()() const::{lambda()#1}::operator()() const::{lambda(unsigned char)#1}>(at::TensorIteratorBase&, at::native::direct_copy_kernel_cuda(at::TensorIteratorBase&)::{lambda()#3}::operator()() const::{lambda()#1}::operator()() const::{lambda(unsigned char)#1} const&)::{lambda(int, bool)#1})",128,0,0,20,0,80,"SQC_ICACHE_HITS",49478617.000000,470203405391122,470203405608405
23,23,"Agent 2",1,1096245,1096245,16416768,1137,"void at::native::elementwise_kernel_manual_unroll<128, 8, at::native::gpu_kernel_impl_nocast<at::native::direct_copy_kernel_cuda(at::TensorIteratorBase&)::{lambda()#3}::operator()() const::{lambda()#1}::operator()() const::{lambda(unsigned char)#1}>(at::TensorIteratorBase&, at::native::direct_copy_kernel_cuda(at::TensorIteratorBase&)::{lambda()#3}::operator()() const::{lambda()#1}::operator()() const::{lambda(unsigned char)#1} const&)::{lambda(int, bool)#1}>(int, at::native::gpu_kernel_impl_nocast<at::native::direct_copy_kernel_cuda(at::TensorIteratorBase&)::{lambda()#3}::operator()() const::{lambda()#1}::operator()() const::{lambda(unsigned char)#1}>(at::TensorIteratorBase&, at::native::direct_copy_kernel_cuda(at::TensorIteratorBase&)::{lambda()#3}::operator()() const::{lambda()#1}::operator()() const::{lambda(unsigned char)#1} const&)::{lambda(int, bool)#1})",128,0,0,20,0,80,"SQC_ICACHE_REQ",49506816.000000,470203405391122,470203405608405
23,23,"Agent 2",1,1096245,1096245,16416768,1137,"void at::native::elementwise_kernel_manual_unroll<128, 8, at::native::gpu_kernel_impl_nocast<at::native::direct_copy_kernel_cuda(at::TensorIteratorBase&)::{lambda()#3}::operator()() const::{lambda()#1}::operator()() const::{lambda(unsigned char)#1}>(at::TensorIteratorBase&, at::native::direct_copy_kernel_cuda(at::TensorIteratorBase&)::{lambda()#3}::operator()() const::{lambda()#1}::operator()() const::{lambda(unsigned char)#1} const&)::{lambda(int, bool)#1}>(int, at::native::gpu_kernel_impl_nocast<at::native::direct_copy_kernel_cuda(at::TensorIteratorBase&)::{lambda()#3}::operator()() const::{lambda()#1}::operator()() const::{lambda(unsigned char)#1}>(at::TensorIteratorBase&, at::native::direct_copy_kernel_cuda(at::TensorIteratorBase&)::{lambda()#3}::operator()() const::{lambda()#1}::operator()() const::{lambda(unsigned char)#1} const&)::{lambda(int, bool)#1})",128,0,0,20,0,80,"SQ_INSTS",257025024.000000,470203405391122,470203405608405
23,23,"Agent 2",1,1096245,1096245,16416768,1137,"void at::native::elementwise_kernel_manual_unroll<128, 8, at::native::gpu_kernel_impl_nocast<at::native::direct_copy_kernel_cuda(at::TensorIteratorBase&)::{lambda()#3}::operator()() const::{lambda()#1}::operator()() const::{lambda(unsigned char)#1}>(at::TensorIteratorBase&, at::native::direct_copy_kernel_cuda(at::TensorIteratorBase&)::{lambda()#3}::operator()() const::{lambda()#1}::operator()() const::{lambda(unsigned char)#1} const&)::{lambda(int, bool)#1}>(int, at::native::gpu_kernel_impl_nocast<at::native::direct_copy_kernel_cuda(at::TensorIteratorBase&)::{lambda()#3}::operator()() const::{lambda()#1}::operator()() const::{lambda(unsigned char)#1}>(at::TensorIteratorBase&, at::native::direct_copy_kernel_cuda(at::TensorIteratorBase&)::{lambda()#3}::operator()() const::{lambda()#1}::operator()() const::{lambda(unsigned char)#1} const&)::{lambda(int, bool)#1})",128,0,0,20,0,80,"SQ_INSTS_SALU",81827328.000000,470203405391122,470203405608405
23,23,"Agent 2",1,1096245,1096245,16416768,1137,"void at::native::elementwise_kernel_manual_unroll<128, 8, at::native::gpu_kernel_impl_nocast<at::native::direct_copy_kernel_cuda(at::TensorIteratorBase&)::{lambda()#3}::operator()() const::{lambda()#1}::operator()() const::{lambda(unsigned char)#1}>(at::TensorIteratorBase&, at::native::direct_copy_kernel_cuda(at::TensorIteratorBase&)::{lambda()#3}::operator()() const::{lambda()#1}::operator()() const::{lambda(unsigned char)#1} const&)::{lambda(int, bool)#1}>(int, at::native::gpu_kernel_impl_nocast<at::native::direct_copy_kernel_cuda(at::TensorIteratorBase&)::{lambda()#3}::operator()() const::{lambda()#1}::operator()() const::{lambda(unsigned char)#1}>(at::TensorIteratorBase&, at::native::direct_copy_kernel_cuda(at::TensorIteratorBase&)::{lambda()#3}::operator()() const::{lambda()#1}::operator()() const::{lambda(unsigned char)#1} const&)::{lambda(int, bool)#1})",128,0,0,20,0,80,"SQ_INSTS_SMEM",19238400.000000,470203405391122,470203405608405
23,23,"Agent 2",1,1096245,1096245,16416768,1137,"void at::native::elementwise_kernel_manual_unroll<128, 8, at::native::gpu_kernel_impl_nocast<at::native::direct_copy_kernel_cuda(at::TensorIteratorBase&)::{lambda()#3}::operator()() const::{lambda()#1}::operator()() const::{lambda(unsigned char)#1}>(at::TensorIteratorBase&, at::native::direct_copy_kernel_cuda(at::TensorIteratorBase&)::{lambda()#3}::operator()() const::{lambda()#1}::operator()() const::{lambda(unsigned char)#1} const&)::{lambda(int, bool)#1}>(int, at::native::gpu_kernel_impl_nocast<at::native::direct_copy_kernel_cuda(at::TensorIteratorBase&)::{lambda()#3}::operator()() const::{lambda()#1}::operator()() const::{lambda(unsigned char)#1}>(at::TensorIteratorBase&, at::native::direct_copy_kernel_cuda(at::TensorIteratorBase&)::{lambda()#3}::operator()() const::{lambda()#1}::operator()() const::{lambda(unsigned char)#1} const&)::{lambda(int, bool)#1})",128,0,0,20,0,80,"SQ_INSTS_VALU",123895296.000000,470203405391122,470203405608405
23,23,"Agent 2",1,1096245,1096245,16416768,1137,"void at::native::elementwise_kernel_manual_unroll<128, 8, at::native::gpu_kernel_impl_nocast<at::native::direct_copy_kernel_cuda(at::TensorIteratorBase&)::{lambda()#3}::operator()() const::{lambda()#1}::operator()() const::{lambda(unsigned char)#1}>(at::TensorIteratorBase&, at::native::direct_copy_kernel_cuda(at::TensorIteratorBase&)::{lambda()#3}::operator()() const::{lambda()#1}::operator()() const::{lambda(unsigned char)#1} const&)::{lambda(int, bool)#1}>(int, at::native::gpu_kernel_impl_nocast<at::native::direct_copy_kernel_cuda(at::TensorIteratorBase&)::{lambda()#3}::operator()() const::{lambda()#1}::operator()() const::{lambda(unsigned char)#1}>(at::TensorIteratorBase&, at::native::direct_copy_kernel_cuda(at::TensorIteratorBase&)::{lambda()#3}::operator()() const::{lambda()#1}::operator()() const::{lambda(unsigned char)#1} const&)::{lambda(int, bool)#1})",128,0,0,20,0,80,"SQ_INSTS_VMEM",4104192.000000,470203405391122,470203405608405
24,24,"Agent 2",1,1096245,1096245,16416768,1137,"void at::native::elementwise_kernel_manual_unroll<128, 8, at::native::gpu_kernel_impl_nocast<at::native::direct_copy_kernel_cuda(at::TensorIteratorBase&)::{lambda()#3}::operator()() const::{lambda()#1}::operator()() const::{lambda(unsigned char)#1}>(at::TensorIteratorBase&, at::native::direct_copy_kernel_cuda(at::TensorIteratorBase&)::{lambda()#3}::operator()() const::{lambda()#1}::operator()() const::{lambda(unsigned char)#1} const&)::{lambda(int, bool)#1}>(int, at::native::gpu_kernel_impl_nocast<at::native::direct_copy_kernel_cuda(at::TensorIteratorBase&)::{lambda()#3}::operator()() const::{lambda()#1}::operator()() const::{lambda(unsigned char)#1}>(at::TensorIteratorBase&, at::native::direct_copy_kernel_cuda(at::TensorIteratorBase&)::{lambda()#3}::operator()() const::{lambda()#1}::operator()() const::{lambda(unsigned char)#1} const&)::{lambda(int, bool)#1})",128,0,0,20,0,80,"SQC_ICACHE_HITS",28972342.000000,470203405704725,470203405836567
24,24,"Agent 2",1,1096245,1096245,16416768,1137,"void at::native::elementwise_kernel_manual_unroll<128, 8, at::native::gpu_kernel_impl_nocast<at::native::direct_copy_kernel_cuda(at::TensorIteratorBase&)::{lambda()#3}::operator()() const::{lambda()#1}::operator()() const::{lambda(unsigned char)#1}>(at::TensorIteratorBase&, at::native::direct_copy_kernel_cuda(at::TensorIteratorBase&)::{lambda()#3}::operator()() const::{lambda()#1}::operator()() const::{lambda(unsigned char)#1} const&)::{lambda(int, bool)#1}>(int, at::native::gpu_kernel_impl_nocast<at::native::direct_copy_kernel_cuda(at::TensorIteratorBase&)::{lambda()#3}::operator()() const::{lambda()#1}::operator()() const::{lambda(unsigned char)#1}>(at::TensorIteratorBase&, at::native::direct_copy_kernel_cuda(at::TensorIteratorBase&)::{lambda()#3}::operator()() const::{lambda()#1}::operator()() const::{lambda(unsigned char)#1} const&)::{lambda(int, bool)#1})",128,0,0,20,0,80,"SQC_ICACHE_REQ",28985856.000000,470203405704725,470203405836567
24,24,"Agent 2",1,1096245,1096245,16416768,1137,"void at::native::elementwise_kernel_manual_unroll<128, 8, at::native::gpu_kernel_impl_nocast<at::native::direct_copy_kernel_cuda(at::TensorIteratorBase&)::{lambda()#3}::operator()() const::{lambda()#1}::operator()() const::{lambda(unsigned char)#1}>(at::TensorIteratorBase&, at::native::direct_copy_kernel_cuda(at::TensorIteratorBase&)::{lambda()#3}::operator()() const::{lambda()#1}::operator()() const::{lambda(unsigned char)#1} const&)::{lambda(int, bool)#1}>(int, at::native::gpu_kernel_impl_nocast<at::native::direct_copy_kernel_cuda(at::TensorIteratorBase&)::{lambda()#3}::operator()() const::{lambda()#1}::operator()() const::{lambda(unsigned char)#1}>(at::TensorIteratorBase&, at::native::direct_copy_kernel_cuda(at::TensorIteratorBase&)::{lambda()#3}::operator()() const::{lambda()#1}::operator()() const::{lambda(unsigned char)#1} const&)::{lambda(int, bool)#1})",128,0,0,20,0,80,"SQ_INSTS",154420224.000000,470203405704725,470203405836567
24,24,"Agent 2",1,1096245,1096245,16416768,1137,"void at::native::elementwise_kernel_manual_unroll<128, 8, at::native::gpu_kernel_impl_nocast<at::native::direct_copy_kernel_cuda(at::TensorIteratorBase&)::{lambda()#3}::operator()() const::{lambda()#1}::operator()() const::{lambda(unsigned char)#1}>(at::TensorIteratorBase&, at::native::direct_copy_kernel_cuda(at::TensorIteratorBase&)::{lambda()#3}::operator()() const::{lambda()#1}::operator()() const::{lambda(unsigned char)#1} const&)::{lambda(int, bool)#1}>(int, at::native::gpu_kernel_impl_nocast<at::native::direct_copy_kernel_cuda(at::TensorIteratorBase&)::{lambda()#3}::operator()() const::{lambda()#1}::operator()() const::{lambda(unsigned char)#1}>(at::TensorIteratorBase&, at::native::direct_copy_kernel_cuda(at::TensorIteratorBase&)::{lambda()#3}::operator()() const::{lambda()#1}::operator()() const::{lambda(unsigned char)#1} const&)::{lambda(int, bool)#1})",128,0,0,20,0,80,"SQ_INSTS_SALU",40785408.000000,470203405704725,470203405836567
24,24,"Agent 2",1,1096245,1096245,16416768,1137,"void at::native::elementwise_kernel_manual_unroll<128, 8, at::native::gpu_kernel_impl_nocast<at::native::direct_copy_kernel_cuda(at::TensorIteratorBase&)::{lambda()#3}::operator()() const::{lambda()#1}::operator()() const::{lambda(unsigned char)#1}>(at::TensorIteratorBase&, at::native::direct_copy_kernel_cuda(at::TensorIteratorBase&)::{lambda()#3}::operator()() const::{lambda()#1}::operator()() const::{lambda(unsigned char)#1} const&)::{lambda(int, bool)#1}>(int, at::native::gpu_kernel_impl_nocast<at::native::direct_copy_kernel_cuda(at::TensorIteratorBase&)::{lambda()#3}::operator()() const::{lambda()#1}::operator()() const::{lambda(unsigned char)#1}>(at::TensorIteratorBase&, at::native::direct_copy_kernel_cuda(at::TensorIteratorBase&)::{lambda()#3}::operator()() const::{lambda()#1}::operator()() const::{lambda(unsigned char)#1} const&)::{lambda(int, bool)#1})",128,0,0,20,0,80,"SQ_INSTS_SMEM",6925824.000000,470203405704725,470203405836567
24,24,"Agent 2",1,1096245,1096245,16416768,1137,"void at::native::elementwise_kernel_manual_unroll<128, 8, at::native::gpu_kernel_impl_nocast<at::native::direct_copy_kernel_cuda(at::TensorIteratorBase&)::{lambda()#3}::operator()() const::{lambda()#1}::operator()() const::{lambda(unsigned char)#1}>(at::TensorIteratorBase&, at::native::direct_copy_kernel_cuda(at::TensorIteratorBase&)::{lambda()#3}::operator()() const::{lambda()#1}::operator()() const::{lambda(unsigned char)#1} const&)::{lambda(int, bool)#1}>(int, at::native::gpu_kernel_impl_nocast<at::native::direct_copy_kernel_cuda(at::TensorIteratorBase&)::{lambda()#3}::operator()() const::{lambda()#1}::operator()() const::{lambda(unsigned char)#1}>(at::TensorIteratorBase&, at::native::direct_copy_kernel_cuda(at::TensorIteratorBase&)::{lambda()#3}::operator()() const::{lambda()#1}::operator()() const::{lambda(unsigned char)#1} const&)::{lambda(int, bool)#1})",128,0,0,20,0,80,"SQ_INSTS_VALU",80801280.000000,470203405704725,470203405836567
24,24,"Agent 2",1,1096245,1096245,16416768,1137,"void at::native::elementwise_kernel_manual_unroll<128, 8, at::native::gpu_kernel_impl_nocast<at::native::direct_copy_kernel_cuda(at::TensorIteratorBase&)::{lambda()#3}::operator()() const::{lambda()#1}::operator()() const::{lambda(unsigned char)#1}>(at::TensorIteratorBase&, at::native::direct_copy_kernel_cuda(at::TensorIteratorBase&)::{lambda()#3}::operator()() const::{lambda()#1}::operator()() const::{lambda(unsigned char)#1} const&)::{lambda(int, bool)#1}>(int, at::native::gpu_kernel_impl_nocast<at::native::direct_copy_kernel_cuda(at::TensorIteratorBase&)::{lambda()#3}::operator()() const::{lambda()#1}::operator()() const::{lambda(unsigned char)#1}>(at::TensorIteratorBase&, at::native::direct_copy_kernel_cuda(at::TensorIteratorBase&)::{lambda()#3}::operator()() const::{lambda()#1}::operator()() const::{lambda(unsigned char)#1} const&)::{lambda(int, bool)#1})",128,0,0,20,0,80,"SQ_INSTS_VMEM",4104192.000000,470203405704725,470203405836567
25,25,"Agent 2",1,1096245,1096245,16777216,771,"void at::native::vectorized_elementwise_kernel<8, at::native::FillFunctor<c10::BFloat16>, std::array<char*, 1ul> >(int, at::native::FillFunctor<c10::BFloat16>, std::array<char*, 1ul>)",256,0,0,4,0,16,"SQC_ICACHE_HITS",1041336.000000,470203405936488,470203405969408
25,25,"Agent 2",1,1096245,1096245,16777216,771,"void at::native::vectorized_elementwise_kernel<8, at::native::FillFunctor<c10::BFloat16>, std::array<char*, 1ul> >(int, at::native::FillFunctor<c10::BFloat16>, std::array<char*, 1ul>)",256,0,0,4,0,16,"SQC_ICACHE_REQ",1048576.000000,470203405936488,470203405969408
25,25,"Agent 2",1,1096245,1096245,16777216,771,"void at::native::vectorized_elementwise_kernel<8, at::native::FillFunctor<c10::BFloat16>, std::array<char*, 1ul> >(int, at::native::FillFunctor<c10::BFloat16>, std::array<char*, 1ul>)",256,0,0,4,0,16,"SQ_INSTS",5767168.000000,470203405936488,470203405969408
25,25,"Agent 2",1,1096245,1096245,16777216,771,"void at::native::vectorized_elementwise_kernel<8, at::native::FillFunctor<c10::BFloat16>, std::array<char*, 1ul> >(int, at::native::FillFunctor<c10::BFloat16>, std::array<char*, 1ul>)",256,0,0,4,0,16,"SQ_INSTS_SALU",2883584.000000,470203405936488,470203405969408
25,25,"Agent 2",1,1096245,1096245,16777216,771,"void at::native::vectorized_elementwise_kernel<8, at::native::FillFunctor<c10::BFloat16>, std::array<char*, 1ul> >(int, at::native::FillFunctor<c10::BFloat16>, std::array<char*, 1ul>)",256,0,0,4,0,16,"SQ_INSTS_SMEM",262144.000000,470203405936488,470203405969408
25,25,"Agent 2",1,1096245,1096245,16777216,771,"void at::native::vectorized_elementwise_kernel<8, at::native::FillFunctor<c10::BFloat16>, std::array<char*, 1ul> >(int, at::native::FillFunctor<c10::BFloat16>, std::array<char*, 1ul>)",256,0,0,4,0,16,"SQ_INSTS_VALU",1310720.000000,470203405936488,470203405969408
25,25,"Agent 2",1,1096245,1096245,16777216,771,"void at::native::vectorized_elementwise_kernel<8, at::native::FillFunctor<c10::BFloat16>, std::array<char*, 1ul> >(int, at::native::FillFunctor<c10::BFloat16>, std::array<char*, 1ul>)",256,0,0,4,0,16,"SQ_INSTS_VMEM",262144.000000,470203405936488,470203405969408
26,26,"Agent 2",1,1096245,1096245,16777216,771,"void at::native::vectorized_elementwise_kernel<8, at::native::FillFunctor<c10::BFloat16>, std::array<char*, 1ul> >(int, at::native::FillFunctor<c10::BFloat16>, std::array<char*, 1ul>)",256,0,0,4,0,16,"SQC_ICACHE_HITS",1041380.000000,470203406070889,470203406104729
26,26,"Agent 2",1,1096245,1096245,16777216,771,"void at::native::vectorized_elementwise_kernel<8, at::native::FillFunctor<c10::BFloat16>, std::array<char*, 1ul> >(int, at::native::FillFunctor<c10::BFloat16>, std::array<char*, 1ul>)",256,0,0,4,0,16,"SQC_ICACHE_REQ",1048576.000000,470203406070889,470203406104729
26,26,"Agent 2",1,1096245,1096245,16777216,771,"void at::native::vectorized_elementwise_kernel<8, at::native::FillFunctor<c10::BFloat16>, std::array<char*, 1ul> >(int, at::native::FillFunctor<c10::BFloat16>, std::array<char*, 1ul>)",256,0,0,4,0,16,"SQ_INSTS",5767168.000000,470203406070889,470203406104729
26,26,"Agent 2",1,1096245,1096245,16777216,771,"void at::native::vectorized_elementwise_kernel<8, at::native::FillFunctor<c10::BFloat16>, std::array<char*, 1ul> >(int, at::native::FillFunctor<c10::BFloat16>, std::array<char*, 1ul>)",256,0,0,4,0,16,"SQ_INSTS_SALU",2883584.000000,470203406070889,470203406104729
26,26,"Agent 2",1,1096245,1096245,16777216,771,"void at::native::vectorized_elementwise_kernel<8, at::native::FillFunctor<c10::BFloat16>, std::array<char*, 1ul> >(int, at::native::FillFunctor<c10::BFloat16>, std::array<char*, 1ul>)",256,0,0,4,0,16,"SQ_INSTS_SMEM",262144.000000,470203406070889,470203406104729
26,26,"Agent 2",1,1096245,1096245,16777216,771,"void at::native::vectorized_elementwise_kernel<8, at::native::FillFunctor<c10::BFloat16>, std::array<char*, 1ul> >(int, at::native::FillFunctor<c10::BFloat16>, std::array<char*, 1ul>)",256,0,0,4,0,16,"SQ_INSTS_VALU",1310720.000000,470203406070889,470203406104729
26,26,"Agent 2",1,1096245,1096245,16777216,771,"void at::native::vectorized_elementwise_kernel<8, at::native::FillFunctor<c10::BFloat16>, std::array<char*, 1ul> >(int, at::native::FillFunctor<c10::BFloat16>, std::array<char*, 1ul>)",256,0,0,4,0,16,"SQ_INSTS_VMEM",262144.000000,470203406070889,470203406104729
27,27,"Agent 2",1,1096245,1096245,524288,1503,"mxfp4_gluon_cpp_kernel(gluon_globals)",256,131072,0,236,0,112,"SQC_ICACHE_HITS",343327576.000000,470203406208330,470203414372689
27,27,"Agent 2",1,1096245,1096245,524288,1503,"mxfp4_gluon_cpp_kernel(gluon_globals)",256,131072,0,236,0,112,"SQC_ICACHE_REQ",344178688.000000,470203406208330,470203414372689
27,27,"Agent 2",1,1096245,1096245,524288,1503,"mxfp4_gluon_cpp_kernel(gluon_globals)",256,131072,0,236,0,112,"SQ_INSTS",939122688.000000,470203406208330,470203414372689
27,27,"Agent 2",1,1096245,1096245,524288,1503,"mxfp4_gluon_cpp_kernel(gluon_globals)",256,131072,0,236,0,112,"SQ_INSTS_SALU",128204800.000000,470203406208330,470203414372689
27,27,"Agent 2",1,1096245,1096245,524288,1503,"mxfp4_gluon_cpp_kernel(gluon_globals)",256,131072,0,236,0,112,"SQ_INSTS_SMEM",98304.000000,470203406208330,470203414372689
27,27,"Agent 2",1,1096245,1096245,524288,1503,"mxfp4_gluon_cpp_kernel(gluon_globals)",256,131072,0,236,0,112,"SQ_INSTS_VALU",551264256.000000,470203406208330,470203414372689
27,27,"Agent 2",1,1096245,1096245,524288,1503,"mxfp4_gluon_cpp_kernel(gluon_globals)",256,131072,0,236,0,112,"SQ_INSTS_VMEM",82739200.000000,470203406208330,470203414372689
28,28,"Agent 2",1,1096245,1096245,16777216,771,"void at::native::vectorized_elementwise_kernel<8, at::native::FillFunctor<c10::BFloat16>, std::array<char*, 1ul> >(int, at::native::FillFunctor<c10::BFloat16>, std::array<char*, 1ul>)",256,0,0,4,0,16,"SQC_ICACHE_HITS",1042730.000000,470203414479770,470203414514290
28,28,"Agent 2",1,1096245,1096245,16777216,771,"void at::native::vectorized_elementwise_kernel<8, at::native::FillFunctor<c10::BFloat16>, std::array<char*, 1ul> >(int, at::native::FillFunctor<c10::BFloat16>, std::array<char*, 1ul>)",256,0,0,4,0,16,"SQC_ICACHE_REQ",1048576.000000,470203414479770,470203414514290
28,28,"Agent 2",1,1096245,1096245,16777216,771,"void at::native::vectorized_elementwise_kernel<8, at::native::FillFunctor<c10::BFloat16>, std::array<char*, 1ul> >(int, at::native::FillFunctor<c10::BFloat16>, std::array<char*, 1ul>)",256,0,0,4,0,16,"SQ_INSTS",5767168.000000,470203414479770,470203414514290
28,28,"Agent 2",1,1096245,1096245,16777216,771,"void at::native::vectorized_elementwise_kernel<8, at::native::FillFunctor<c10::BFloat16>, std::array<char*, 1ul> >(int, at::native::FillFunctor<c10::BFloat16>, std::array<char*, 1ul>)",256,0,0,4,0,16,"SQ_INSTS_SALU",2883584.000000,470203414479770,470203414514290
28,28,"Agent 2",1,1096245,1096245,16777216,771,"void at::native::vectorized_elementwise_kernel<8, at::native::FillFunctor<c10::BFloat16>, std::array<char*, 1ul> >(int, at::native::FillFunctor<c10::BFloat16>, std::array<char*, 1ul>)",256,0,0,4,0,16,"SQ_INSTS_SMEM",262144.000000,470203414479770,470203414514290
28,28,"Agent 2",1,1096245,1096245,16777216,771,"void at::native::vectorized_elementwise_kernel<8, at::native::FillFunctor<c10::BFloat16>, std::array<char*, 1ul> >(int, at::native::FillFunctor<c10::BFloat16>, std::array<char*, 1ul>)",256,0,0,4,0,16,"SQ_INSTS_VALU",1310720.000000,470203414479770,470203414514290
28,28,"Agent 2",1,1096245,1096245,16777216,771,"void at::native::vectorized_elementwise_kernel<8, at::native::FillFunctor<c10::BFloat16>, std::array<char*, 1ul> >(int, at::native::FillFunctor<c10::BFloat16>, std::array<char*, 1ul>)",256,0,0,4,0,16,"SQ_INSTS_VMEM",262144.000000,470203414479770,470203414514290
29,29,"Agent 2",1,1096245,1096245,524288,1503,"mxfp4_gluon_cpp_kernel(gluon_globals)",256,131072,0,236,0,112,"SQC_ICACHE_HITS",343366914.000000,470203414618971,470203422050683
29,29,"Agent 2",1,1096245,1096245,524288,1503,"mxfp4_gluon_cpp_kernel(gluon_globals)",256,131072,0,236,0,112,"SQC_ICACHE_REQ",344178688.000000,470203414618971,470203422050683
29,29,"Agent 2",1,1096245,1096245,524288,1503,"mxfp4_gluon_cpp_kernel(gluon_globals)",256,131072,0,236,0,112,"SQ_INSTS",939122688.000000,470203414618971,470203422050683
29,29,"Agent 2",1,1096245,1096245,524288,1503,"mxfp4_gluon_cpp_kernel(gluon_globals)",256,131072,0,236,0,112,"SQ_INSTS_SALU",128204800.000000,470203414618971,470203422050683
29,29,"Agent 2",1,1096245,1096245,524288,1503,"mxfp4_gluon_cpp_kernel(gluon_globals)",256,131072,0,236,0,112,"SQ_INSTS_SMEM",98304.000000,470203414618971,470203422050683
29,29,"Agent 2",1,1096245,1096245,524288,1503,"mxfp4_gluon_cpp_kernel(gluon_globals)",256,131072,0,236,0,112,"SQ_INSTS_VALU",551264256.000000,470203414618971,470203422050683
29,29,"Agent 2",1,1096245,1096245,524288,1503,"mxfp4_gluon_cpp_kernel(gluon_globals)",256,131072,0,236,0,112,"SQ_INSTS_VMEM",82739200.000000,470203414618971,470203422050683
30,30,"Agent 2",1,1096245,1096245,16777216,771,"void at::native::vectorized_elementwise_kernel<8, at::native::FillFunctor<c10::BFloat16>, std::array<char*, 1ul> >(int, at::native::FillFunctor<c10::BFloat16>, std::array<char*, 1ul>)",256,0,0,4,0,16,"SQC_ICACHE_HITS",1042273.000000,470203422146204,470203422179804
30,30,"Agent 2",1,1096245,1096245,16777216,771,"void at::native::vectorized_elementwise_kernel<8, at::native::FillFunctor<c10::BFloat16>, std::array<char*, 1ul> >(int, at::native::FillFunctor<c10::BFloat16>, std::array<char*, 1ul>)",256,0,0,4,0,16,"SQC_ICACHE_REQ",1048576.000000,470203422146204,470203422179804
30,30,"Agent 2",1,1096245,1096245,16777216,771,"void at::native::vectorized_elementwise_kernel<8, at::native::FillFunctor<c10::BFloat16>, std::array<char*, 1ul> >(int, at::native::FillFunctor<c10::BFloat16>, std::array<char*, 1ul>)",256,0,0,4,0,16,"SQ_INSTS",5767168.000000,470203422146204,470203422179804
30,30,"Agent 2",1,1096245,1096245,16777216,771,"void at::native::vectorized_elementwise_kernel<8, at::native::FillFunctor<c10::BFloat16>, std::array<char*, 1ul> >(int, at::native::FillFunctor<c10::BFloat16>, std::array<char*, 1ul>)",256,0,0,4,0,16,"SQ_INSTS_SALU",2883584.000000,470203422146204,470203422179804
30,30,"Agent 2",1,1096245,1096245,16777216,771,"void at::native::vectorized_elementwise_kernel<8, at::native::FillFunctor<c10::BFloat16>, std::array<char*, 1ul> >(int, at::native::FillFunctor<c10::BFloat16>, std::array<char*, 1ul>)",256,0,0,4,0,16,"SQ_INSTS_SMEM",262144.000000,470203422146204,470203422179804
30,30,"Agent 2",1,1096245,1096245,16777216,771,"void at::native::vectorized_elementwise_kernel<8, at::native::FillFunctor<c10::BFloat16>, std::array<char*, 1ul> >(int, at::native::FillFunctor<c10::BFloat16>, std::array<char*, 1ul>)",256,0,0,4,0,16,"SQ_INSTS_VALU",1310720.000000,470203422146204,470203422179804
30,30,"Agent 2",1,1096245,1096245,16777216,771,"void at::native::vectorized_elementwise_kernel<8, at::native::FillFunctor<c10::BFloat16>, std::array<char*, 1ul> >(int, at::native::FillFunctor<c10::BFloat16>, std::array<char*, 1ul>)",256,0,0,4,0,16,"SQ_INSTS_VMEM",262144.000000,470203422146204,470203422179804
31,31,"Agent 2",1,1096245,1096245,524288,1503,"mxfp4_gluon_cpp_kernel(gluon_globals)",256,131072,0,236,0,112,"SQC_ICACHE_HITS",343374411.000000,470203422273445,470203429444354
31,31,"Agent 2",1,1096245,1096245,524288,1503,"mxfp4_gluon_cpp_kernel(gluon_globals)",256,131072,0,236,0,112,"SQC_ICACHE_REQ",344178688.000000,470203422273445,470203429444354
31,31,"Agent 2",1,1096245,1096245,524288,1503,"mxfp4_gluon_cpp_kernel(gluon_globals)",256,131072,0,236,0,112,"SQ_INSTS",939122688.000000,470203422273445,470203429444354
31,31,"Agent 2",1,1096245,1096245,524288,1503,"mxfp4_gluon_cpp_kernel(gluon_globals)",256,131072,0,236,0,112,"SQ_INSTS_SALU",128204800.000000,470203422273445,470203429444354
31,31,"Agent 2",1,1096245,1096245,524288,1503,"mxfp4_gluon_cpp_kernel(gluon_globals)",256,131072,0,236,0,112,"SQ_INSTS_SMEM",98304.000000,470203422273445,470203429444354
31,31,"Agent 2",1,1096245,1096245,524288,1503,"mxfp4_gluon_cpp_kernel(gluon_globals)",256,131072,0,236,0,112,"SQ_INSTS_VALU",551264256.000000,470203422273445,470203429444354
31,31,"Agent 2",1,1096245,1096245,524288,1503,"mxfp4_gluon_cpp_kernel(gluon_globals)",256,131072,0,236,0,112,"SQ_INSTS_VMEM",82739200.000000,470203422273445,470203429444354
32,32,"Agent 2",1,1096245,1096245,16777216,771,"void at::native::vectorized_elementwise_kernel<8, at::native::FillFunctor<c10::BFloat16>, std::array<char*, 1ul> >(int, at::native::FillFunctor<c10::BFloat16>, std::array<char*, 1ul>)",256,0,0,4,0,16,"SQC_ICACHE_HITS",1041844.000000,470203429544715,470203429578475
32,32,"Agent 2",1,1096245,1096245,16777216,771,"void at::native::vectorized_elementwise_kernel<8, at::native::FillFunctor<c10::BFloat16>, std::array<char*, 1ul> >(int, at::native::FillFunctor<c10::BFloat16>, std::array<char*, 1ul>)",256,0,0,4,0,16,"SQC_ICACHE_REQ",1048576.000000,470203429544715,470203429578475
32,32,"Agent 2",1,1096245,1096245,16777216,771,"void at::native::vectorized_elementwise_kernel<8, at::native::FillFunctor<c10::BFloat16>, std::array<char*, 1ul> >(int, at::native::FillFunctor<c10::BFloat16>, std::array<char*, 1ul>)",256,0,0,4,0,16,"SQ_INSTS",5767168.000000,470203429544715,470203429578475
32,32,"Agent 2",1,1096245,1096245,16777216,771,"void at::native::vectorized_elementwise_kernel<8, at::native::FillFunctor<c10::BFloat16>, std::array<char*, 1ul> >(int, at::native::FillFunctor<c10::BFloat16>, std::array<char*, 1ul>)",256,0,0,4,0,16,"SQ_INSTS_SALU",2883584.000000,470203429544715,470203429578475
32,32,"Agent 2",1,1096245,1096245,16777216,771,"void at::native::vectorized_elementwise_kernel<8, at::native::FillFunctor<c10::BFloat16>, std::array<char*, 1ul> >(int, at::native::FillFunctor<c10::BFloat16>, std::array<char*, 1ul>)",256,0,0,4,0,16,"SQ_INSTS_SMEM",262144.000000,470203429544715,470203429578475
32,32,"Agent 2",1,1096245,1096245,16777216,771,"void at::native::vectorized_elementwise_kernel<8, at::native::FillFunctor<c10::BFloat16>, std::array<char*, 1ul> >(int, at::native::FillFunctor<c10::BFloat16>, std::array<char*, 1ul>)",256,0,0,4,0,16,"SQ_INSTS_VALU",1310720.000000,470203429544715,470203429578475
32,32,"Agent 2",1,1096245,1096245,16777216,771,"void at::native::vectorized_elementwise_kernel<8, at::native::FillFunctor<c10::BFloat16>, std::array<char*, 1ul> >(int, at::native::FillFunctor<c10::BFloat16>, std::array<char*, 1ul>)",256,0,0,4,0,16,"SQ_INSTS_VMEM",262144.000000,470203429544715,470203429578475
33,33,"Agent 2",1,1096245,1096245,524288,1503,"mxfp4_gluon_cpp_kernel(gluon_globals)",256,131072,0,236,0,112,"SQC_ICACHE_HITS",343389357.000000,470203429678596,470203436860905
33,33,"Agent 2",1,1096245,1096245,524288,1503,"mxfp4_gluon_cpp_kernel(gluon_globals)",256,131072,0,236,0,112,"SQC_ICACHE_REQ",344178688.000000,470203429678596,470203436860905
33,33,"Agent 2",1,1096245,1096245,524288,1503,"mxfp4_gluon_cpp_kernel(gluon_globals)",256,131072,0,236,0,112,"SQ_INSTS",939122688.000000,470203429678596,470203436860905
33,33,"Agent 2",1,1096245,1096245,524288,1503,"mxfp4_gluon_cpp_kernel(gluon_globals)",256,131072,0,236,0,112,"SQ_INSTS_SALU",128204800.000000,470203429678596,470203436860905
33,33,"Agent 2",1,1096245,1096245,524288,1503,"mxfp4_gluon_cpp_kernel(gluon_globals)",256,131072,0,236,0,112,"SQ_INSTS_SMEM",98304.000000,470203429678596,470203436860905
33,33,"Agent 2",1,1096245,1096245,524288,1503,"mxfp4_gluon_cpp_kernel(gluon_globals)",256,131072,0,236,0,112,"SQ_INSTS_VALU",551264256.000000,470203429678596,470203436860905
33,33,"Agent 2",1,1096245,1096245,524288,1503,"mxfp4_gluon_cpp_kernel(gluon_globals)",256,131072,0,236,0,112,"SQ_INSTS_VMEM",82739200.000000,470203429678596,470203436860905
34,34,"Agent 2",1,1096245,1096245,16777216,771,"void at::native::vectorized_elementwise_kernel<8, at::native::FillFunctor<c10::BFloat16>, std::array<char*, 1ul> >(int, at::native::FillFunctor<c10::BFloat16>, std::array<char*, 1ul>)",256,0,0,4,0,16,"SQC_ICACHE_HITS",1041597.000000,470203436961626,470203436996346
34,34,"Agent 2",1,1096245,1096245,16777216,771,"void at::native::vectorized_elementwise_kernel<8, at::native::FillFunctor<c10::BFloat16>, std::array<char*, 1ul> >(int, at::native::FillFunctor<c10::BFloat16>, std::array<char*, 1ul>)",256,0,0,4,0,16,"SQC_ICACHE_REQ",1048576.000000,470203436961626,470203436996346
34,34,"Agent 2",1,1096245,1096245,16777216,771,"void at::native::vectorized_elementwise_kernel<8, at::native::FillFunctor<c10::BFloat16>, std::array<char*, 1ul> >(int, at::native::FillFunctor<c10::BFloat16>, std::array<char*, 1ul>)",256,0,0,4,0,16,"SQ_INSTS",5767168.000000,470203436961626,470203436996346
34,34,"Agent 2",1,1096245,1096245,16777216,771,"void at::native::vectorized_elementwise_kernel<8, at::native::FillFunctor<c10::BFloat16>, std::array<char*, 1ul> >(int, at::native::FillFunctor<c10::BFloat16>, std::array<char*, 1ul>)",256,0,0,4,0,16,"SQ_INSTS_SALU",2883584.000000,470203436961626,470203436996346
34,34,"Agent 2",1,1096245,1096245,16777216,771,"void at::native::vectorized_elementwise_kernel<8, at::native::FillFunctor<c10::BFloat16>, std::array<char*, 1ul> >(int, at::native::FillFunctor<c10::BFloat16>, std::array<char*, 1ul>)",256,0,0,4,0,16,"SQ_INSTS_SMEM",262144.000000,470203436961626,470203436996346
34,34,"Agent 2",1,1096245,1096245,16777216,771,"void at::native::vectorized_elementwise_kernel<8, at::native::FillFunctor<c10::BFloat16>, std::array<char*, 1ul> >(int, at::native::FillFunctor<c10::BFloat16>, std::array<char*, 1ul>)",256,0,0,4,0,16,"SQ_INSTS_VALU",1310720.000000,470203436961626,470203436996346
34,34,"Agent 2",1,1096245,1096245,16777216,771,"void at::native::vectorized_elementwise_kernel<8, at::native::FillFunctor<c10::BFloat16>, std::array<char*, 1ul> >(int, at::native::FillFunctor<c10::BFloat16>, std::array<char*, 1ul>)",256,0,0,4,0,16,"SQ_INSTS_VMEM",262144.000000,470203436961626,470203436996346
35,35,"Agent 2",1,1096245,1096245,524288,1503,"mxfp4_gluon_cpp_kernel(gluon_globals)",256,131072,0,236,0,112,"SQC_ICACHE_HITS",343389173.000000,470203437092987,470203444234056
35,35,"Agent 2",1,1096245,1096245,524288,1503,"mxfp4_gluon_cpp_kernel(gluon_globals)",256,131072,0,236,0,112,"SQC_ICACHE_REQ",344178688.000000,470203437092987,470203444234056
35,35,"Agent 2",1,1096245,1096245,524288,1503,"mxfp4_gluon_cpp_kernel(gluon_globals)",256,131072,0,236,0,112,"SQ_INSTS",939122688.000000,470203437092987,470203444234056
35,35,"Agent 2",1,1096245,1096245,524288,1503,"mxfp4_gluon_cpp_kernel(gluon_globals)",256,131072,0,236,0,112,"SQ_INSTS_SALU",128204800.000000,470203437092987,470203444234056
35,35,"Agent 2",1,1096245,1096245,524288,1503,"mxfp4_gluon_cpp_kernel(gluon_globals)",256,131072,0,236,0,112,"SQ_INSTS_SMEM",98304.000000,470203437092987,470203444234056
35,35,"Agent 2",1,1096245,1096245,524288,1503,"mxfp4_gluon_cpp_kernel(gluon_globals)",256,131072,0,236,0,112,"SQ_INSTS_VALU",551264256.000000,470203437092987,470203444234056
35,35,"Agent 2",1,1096245,1096245,524288,1503,"mxfp4_gluon_cpp_kernel(gluon_globals)",256,131072,0,236,0,112,"SQ_INSTS_VMEM",82739200.000000,470203437092987,470203444234056
36,36,"Agent 2",1,1096245,1096245,16777216,771,"void at::native::vectorized_elementwise_kernel<8, at::native::FillFunctor<c10::BFloat16>, std::array<char*, 1ul> >(int, at::native::FillFunctor<c10::BFloat16>, std::array<char*, 1ul>)",256,0,0,4,0,16,"SQC_ICACHE_HITS",1041692.000000,470203444334537,470203444368417
36,36,"Agent 2",1,1096245,1096245,16777216,771,"void at::native::vectorized_elementwise_kernel<8, at::native::FillFunctor<c10::BFloat16>, std::array<char*, 1ul> >(int, at::native::FillFunctor<c10::BFloat16>, std::array<char*, 1ul>)",256,0,0,4,0,16,"SQC_ICACHE_REQ",1048576.000000,470203444334537,470203444368417
36,36,"Agent 2",1,1096245,1096245,16777216,771,"void at::native::vectorized_elementwise_kernel<8, at::native::FillFunctor<c10::BFloat16>, std::array<char*, 1ul> >(int, at::native::FillFunctor<c10::BFloat16>, std::array<char*, 1ul>)",256,0,0,4,0,16,"SQ_INSTS",5767168.000000,470203444334537,470203444368417
36,36,"Agent 2",1,1096245,1096245,16777216,771,"void at::native::vectorized_elementwise_kernel<8, at::native::FillFunctor<c10::BFloat16>, std::array<char*, 1ul> >(int, at::native::FillFunctor<c10::BFloat16>, std::array<char*, 1ul>)",256,0,0,4,0,16,"SQ_INSTS_SALU",2883584.000000,470203444334537,470203444368417
36,36,"Agent 2",1,1096245,1096245,16777216,771,"void at::native::vectorized_elementwise_kernel<8, at::native::FillFunctor<c10::BFloat16>, std::array<char*, 1ul> >(int, at::native::FillFunctor<c10::BFloat16>, std::array<char*, 1ul>)",256,0,0,4,0,16,"SQ_INSTS_SMEM",262144.000000,470203444334537,470203444368417
36,36,"Agent 2",1,1096245,1096245,16777216,771,"void at::native::vectorized_elementwise_kernel<8, at::native::FillFunctor<c10::BFloat16>, std::array<char*, 1ul> >(int, at::native::FillFunctor<c10::BFloat16>, std::array<char*, 1ul>)",256,0,0,4,0,16,"SQ_INSTS_VALU",1310720.000000,470203444334537,470203444368417
36,36,"Agent 2",1,1096245,1096245,16777216,771,"void at::native::vectorized_elementwise_kernel<8, at::native::FillFunctor<c10::BFloat16>, std::array<char*, 1ul> >(int, at::native::FillFunctor<c10::BFloat16>, std::array<char*, 1ul>)",256,0,0,4,0,16,"SQ_INSTS_VMEM",262144.000000,470203444334537,470203444368417
37,37,"Agent 2",1,1096245,1096245,524288,1503,"mxfp4_gluon_cpp_kernel(gluon_globals)",256,131072,0,236,0,112,"SQC_ICACHE_HITS",343380610.000000,470203444465578,470203451561486
37,37,"Agent 2",1,1096245,1096245,524288,1503,"mxfp4_gluon_cpp_kernel(gluon_globals)",256,131072,0,236,0,112,"SQC_ICACHE_REQ",344178688.000000,470203444465578,470203451561486
37,37,"Agent 2",1,1096245,1096245,524288,1503,"mxfp4_gluon_cpp_kernel(gluon_globals)",256,131072,0,236,0,112,"SQ_INSTS",939122688.000000,470203444465578,470203451561486
37,37,"Agent 2",1,1096245,1096245,524288,1503,"mxfp4_gluon_cpp_kernel(gluon_globals)",256,131072,0,236,0,112,"SQ_INSTS_SALU",128204800.000000,470203444465578,470203451561486
37,37,"Agent 2",1,1096245,1096245,524288,1503,"mxfp4_gluon_cpp_kernel(gluon_globals)",256,131072,0,236,0,112,"SQ_INSTS_SMEM",98304.000000,470203444465578,470203451561486
37,37,"Agent 2",1,1096245,1096245,524288,1503,"mxfp4_gluon_cpp_kernel(gluon_globals)",256,131072,0,236,0,112,"SQ_INSTS_VALU",551264256.000000,470203444465578,470203451561486
37,37,"Agent 2",1,1096245,1096245,524288,1503,"mxfp4_gluon_cpp_kernel(gluon_globals)",256,131072,0,236,0,112,"SQ_INSTS_VMEM",82739200.000000,470203444465578,470203451561486
38,38,"Agent 2",1,1096245,1096245,16777216,771,"void at::native::vectorized_elementwise_kernel<8, at::native::FillFunctor<c10::BFloat16>, std::array<char*, 1ul> >(int, at::native::FillFunctor<c10::BFloat16>, std::array<char*, 1ul>)",256,0,0,4,0,16,"SQC_ICACHE_HITS",1042041.000000,470203451664007,470203451697968
38,38,"Agent 2",1,1096245,1096245,16777216,771,"void at::native::vectorized_elementwise_kernel<8, at::native::FillFunctor<c10::BFloat16>, std::array<char*, 1ul> >(int, at::native::FillFunctor<c10::BFloat16>, std::array<char*, 1ul>)",256,0,0,4,0,16,"SQC_ICACHE_REQ",1048576.000000,470203451664007,470203451697968
38,38,"Agent 2",1,1096245,1096245,16777216,771,"void at::native::vectorized_elementwise_kernel<8, at::native::FillFunctor<c10::BFloat16>, std::array<char*, 1ul> >(int, at::native::FillFunctor<c10::BFloat16>, std::array<char*, 1ul>)",256,0,0,4,0,16,"SQ_INSTS",5767168.000000,470203451664007,470203451697968
38,38,"Agent 2",1,1096245,1096245,16777216,771,"void at::native::vectorized_elementwise_kernel<8, at::native::FillFunctor<c10::BFloat16>, std::array<char*, 1ul> >(int, at::native::FillFunctor<c10::BFloat16>, std::array<char*, 1ul>)",256,0,0,4,0,16,"SQ_INSTS_SALU",2883584.000000,470203451664007,470203451697968
38,38,"Agent 2",1,1096245,1096245,16777216,771,"void at::native::vectorized_elementwise_kernel<8, at::native::FillFunctor<c10::BFloat16>, std::array<char*, 1ul> >(int, at::native::FillFunctor<c10::BFloat16>, std::array<char*, 1ul>)",256,0,0,4,0,16,"SQ_INSTS_SMEM",262144.000000,470203451664007,470203451697968
38,38,"Agent 2",1,1096245,1096245,16777216,771,"void at::native::vectorized_elementwise_kernel<8, at::native::FillFunctor<c10::BFloat16>, std::array<char*, 1ul> >(int, at::native::FillFunctor<c10::BFloat16>, std::array<char*, 1ul>)",256,0,0,4,0,16,"SQ_INSTS_VALU",1310720.000000,470203451664007,470203451697968
38,38,"Agent 2",1,1096245,1096245,16777216,771,"void at::native::vectorized_elementwise_kernel<8, at::native::FillFunctor<c10::BFloat16>, std::array<char*, 1ul> >(int, at::native::FillFunctor<c10::BFloat16>, std::array<char*, 1ul>)",256,0,0,4,0,16,"SQ_INSTS_VMEM",262144.000000,470203451664007,470203451697968
39,39,"Agent 2",1,1096245,1096245,524288,1503,"mxfp4_gluon_cpp_kernel(gluon_globals)",256,131072,0,236,0,112,"SQC_ICACHE_HITS",343383303.000000,470203451807089,470203458895517
39,39,"Agent 2",1,1096245,1096245,524288,1503,"mxfp4_gluon_cpp_kernel(gluon_globals)",256,131072,0,236,0,112,"SQC_ICACHE_REQ",344178688.000000,470203451807089,470203458895517
39,39,"Agent 2",1,1096245,1096245,524288,1503,"mxfp4_gluon_cpp_kernel(gluon_globals)",256,131072,0,236,0,112,"SQ_INSTS",939122688.000000,470203451807089,470203458895517
39,39,"Agent 2",1,1096245,1096245,524288,1503,"mxfp4_gluon_cpp_kernel(gluon_globals)",256,131072,0,236,0,112,"SQ_INSTS_SALU",128204800.000000,470203451807089,470203458895517
39,39,"Agent 2",1,1096245,1096245,524288,1503,"mxfp4_gluon_cpp_kernel(gluon_globals)",256,131072,0,236,0,112,"SQ_INSTS_SMEM",98304.000000,470203451807089,470203458895517
39,39,"Agent 2",1,1096245,1096245,524288,1503,"mxfp4_gluon_cpp_kernel(gluon_globals)",256,131072,0,236,0,112,"SQ_INSTS_VALU",551264256.000000,470203451807089,470203458895517
39,39,"Agent 2",1,1096245,1096245,524288,1503,"mxfp4_gluon_cpp_kernel(gluon_globals)",256,131072,0,236,0,112,"SQ_INSTS_VMEM",82739200.000000,470203451807089,470203458895517
40,40,"Agent 2",1,1096245,1096245,16777216,771,"void at::native::vectorized_elementwise_kernel<8, at::native::FillFunctor<c10::BFloat16>, std::array<char*, 1ul> >(int, at::native::FillFunctor<c10::BFloat16>, std::array<char*, 1ul>)",256,0,0,4,0,16,"SQC_ICACHE_HITS",1041606.000000,470203459003398,470203459037038
40,40,"Agent 2",1,1096245,1096245,16777216,771,"void at::native::vectorized_elementwise_kernel<8, at::native::FillFunctor<c10::BFloat16>, std::array<char*, 1ul> >(int, at::native::FillFunctor<c10::BFloat16>, std::array<char*, 1ul>)",256,0,0,4,0,16,"SQC_ICACHE_REQ",1048576.000000,470203459003398,470203459037038
40,40,"Agent 2",1,1096245,1096245,16777216,771,"void at::native::vectorized_elementwise_kernel<8, at::native::FillFunctor<c10::BFloat16>, std::array<char*, 1ul> >(int, at::native::FillFunctor<c10::BFloat16>, std::array<char*, 1ul>)",256,0,0,4,0,16,"SQ_INSTS",5767168.000000,470203459003398,470203459037038
40,40,"Agent 2",1,1096245,1096245,16777216,771,"void at::native::vectorized_elementwise_kernel<8, at::native::FillFunctor<c10::BFloat16>, std::array<char*, 1ul> >(int, at::native::FillFunctor<c10::BFloat16>, std::array<char*, 1ul>)",256,0,0,4,0,16,"SQ_INSTS_SALU",2883584.000000,470203459003398,470203459037038
40,40,"Agent 2",1,1096245,1096245,16777216,771,"void at::native::vectorized_elementwise_kernel<8, at::native::FillFunctor<c10::BFloat16>, std::array<char*, 1ul> >(int, at::native::FillFunctor<c10::BFloat16>, std::array<char*, 1ul>)",256,0,0,4,0,16,"SQ_INSTS_SMEM",262144.000000,470203459003398,470203459037038
40,40,"Agent 2",1,1096245,1096245,16777216,771,"void at::native::vectorized_elementwise_kernel<8, at::native::FillFunctor<c10::BFloat16>, std::array<char*, 1ul> >(int, at::native::FillFunctor<c10::BFloat16>, std::array<char*, 1ul>)",256,0,0,4,0,16,"SQ_INSTS_VALU",1310720.000000,470203459003398,470203459037038
40,40,"Agent 2",1,1096245,1096245,16777216,771,"void at::native::vectorized_elementwise_kernel<8, at::native::FillFunctor<c10::BFloat16>, std::array<char*, 1ul> >(int, at::native::FillFunctor<c10::BFloat16>, std::array<char*, 1ul>)",256,0,0,4,0,16,"SQ_INSTS_VMEM",262144.000000,470203459003398,470203459037038
41,41,"Agent 2",1,1096245,1096245,524288,1503,"mxfp4_gluon_cpp_kernel(gluon_globals)",256,131072,0,236,0,112,"SQC_ICACHE_HITS",343373776.000000,470203459142875,470203466248945
41,41,"Agent 2",1,1096245,1096245,524288,1503,"mxfp4_gluon_cpp_kernel(gluon_globals)",256,131072,0,236,0,112,"SQC_ICACHE_REQ",344178688.000000,470203459142875,470203466248945
41,41,"Agent 2",1,1096245,1096245,524288,1503,"mxfp4_gluon_cpp_kernel(gluon_globals)",256,131072,0,236,0,112,"SQ_INSTS",939122688.000000,470203459142875,470203466248945
41,41,"Agent 2",1,1096245,1096245,524288,1503,"mxfp4_gluon_cpp_kernel(gluon_globals)",256,131072,0,236,0,112,"SQ_INSTS_SALU",128204800.000000,470203459142875,470203466248945
41,41,"Agent 2",1,1096245,1096245,524288,1503,"mxfp4_gluon_cpp_kernel(gluon_globals)",256,131072,0,236,0,112,"SQ_INSTS_SMEM",98304.000000,470203459142875,470203466248945
41,41,"Agent 2",1,1096245,1096245,524288,1503,"mxfp4_gluon_cpp_kernel(gluon_globals)",256,131072,0,236,0,112,"SQ_INSTS_VALU",551264256.000000,470203459142875,470203466248945
41,41,"Agent 2",1,1096245,1096245,524288,1503,"mxfp4_gluon_cpp_kernel(gluon_globals)",256,131072,0,236,0,112,"SQ_INSTS_VMEM",82739200.000000,470203459142875,470203466248945
42,42,"Agent 2",1,1096245,1096245,16777216,771,"void at::native::vectorized_elementwise_kernel<8, at::native::FillFunctor<c10::BFloat16>, std::array<char*, 1ul> >(int, at::native::FillFunctor<c10::BFloat16>, std::array<char*, 1ul>)",256,0,0,4,0,16,"SQC_ICACHE_HITS",1041603.000000,470203466354185,470203466387865
42,42,"Agent 2",1,1096245,1096245,16777216,771,"void at::native::vectorized_elementwise_kernel<8, at::native::FillFunctor<c10::BFloat16>, std::array<char*, 1ul> >(int, at::native::FillFunctor<c10::BFloat16>, std::array<char*, 1ul>)",256,0,0,4,0,16,"SQC_ICACHE_REQ",1048576.000000,470203466354185,470203466387865
42,42,"Agent 2",1,1096245,1096245,16777216,771,"void at::native::vectorized_elementwise_kernel<8, at::native::FillFunctor<c10::BFloat16>, std::array<char*, 1ul> >(int, at::native::FillFunctor<c10::BFloat16>, std::array<char*, 1ul>)",256,0,0,4,0,16,"SQ_INSTS",5767168.000000,470203466354185,470203466387865
42,42,"Agent 2",1,1096245,1096245,16777216,771,"void at::native::vectorized_elementwise_kernel<8, at::native::FillFunctor<c10::BFloat16>, std::array<char*, 1ul> >(int, at::native::FillFunctor<c10::BFloat16>, std::array<char*, 1ul>)",256,0,0,4,0,16,"SQ_INSTS_SALU",2883584.000000,470203466354185,470203466387865
42,42,"Agent 2",1,1096245,1096245,16777216,771,"void at::native::vectorized_elementwise_kernel<8, at::native::FillFunctor<c10::BFloat16>, std::array<char*, 1ul> >(int, at::native::FillFunctor<c10::BFloat16>, std::array<char*, 1ul>)",256,0,0,4,0,16,"SQ_INSTS_SMEM",262144.000000,470203466354185,470203466387865
42,42,"Agent 2",1,1096245,1096245,16777216,771,"void at::native::vectorized_elementwise_kernel<8, at::native::FillFunctor<c10::BFloat16>, std::array<char*, 1ul> >(int, at::native::FillFunctor<c10::BFloat16>, std::array<char*, 1ul>)",256,0,0,4,0,16,"SQ_INSTS_VALU",1310720.000000,470203466354185,470203466387865
42,42,"Agent 2",1,1096245,1096245,16777216,771,"void at::native::vectorized_elementwise_kernel<8, at::native::FillFunctor<c10::BFloat16>, std::array<char*, 1ul> >(int, at::native::FillFunctor<c10::BFloat16>, std::array<char*, 1ul>)",256,0,0,4,0,16,"SQ_INSTS_VMEM",262144.000000,470203466354185,470203466387865
43,43,"Agent 2",1,1096245,1096245,524288,1503,"mxfp4_gluon_cpp_kernel(gluon_globals)",256,131072,0,236,0,112,"SQC_ICACHE_HITS",343382186.000000,470203466488546,470203473551415
43,43,"Agent 2",1,1096245,1096245,524288,1503,"mxfp4_gluon_cpp_kernel(gluon_globals)",256,131072,0,236,0,112,"SQC_ICACHE_REQ",344178688.000000,470203466488546,470203473551415
43,43,"Agent 2",1,1096245,1096245,524288,1503,"mxfp4_gluon_cpp_kernel(gluon_globals)",256,131072,0,236,0,112,"SQ_INSTS",939122688.000000,470203466488546,470203473551415
43,43,"Agent 2",1,1096245,1096245,524288,1503,"mxfp4_gluon_cpp_kernel(gluon_globals)",256,131072,0,236,0,112,"SQ_INSTS_SALU",128204800.000000,470203466488546,470203473551415
43,43,"Agent 2",1,1096245,1096245,524288,1503,"mxfp4_gluon_cpp_kernel(gluon_globals)",256,131072,0,236,0,112,"SQ_INSTS_SMEM",98304.000000,470203466488546,470203473551415
43,43,"Agent 2",1,1096245,1096245,524288,1503,"mxfp4_gluon_cpp_kernel(gluon_globals)",256,131072,0,236,0,112,"SQ_INSTS_VALU",551264256.000000,470203466488546,470203473551415
43,43,"Agent 2",1,1096245,1096245,524288,1503,"mxfp4_gluon_cpp_kernel(gluon_globals)",256,131072,0,236,0,112,"SQ_INSTS_VMEM",82739200.000000,470203466488546,470203473551415
44,44,"Agent 2",1,1096245,1096245,16777216,771,"void at::native::vectorized_elementwise_kernel<8, at::native::FillFunctor<c10::BFloat16>, std::array<char*, 1ul> >(int, at::native::FillFunctor<c10::BFloat16>, std::array<char*, 1ul>)",256,0,0,4,0,16,"SQC_ICACHE_HITS",1041515.000000,470203473652936,470203473687216
44,44,"Agent 2",1,1096245,1096245,16777216,771,"void at::native::vectorized_elementwise_kernel<8, at::native::FillFunctor<c10::BFloat16>, std::array<char*, 1ul> >(int, at::native::FillFunctor<c10::BFloat16>, std::array<char*, 1ul>)",256,0,0,4,0,16,"SQC_ICACHE_REQ",1048576.000000,470203473652936,470203473687216
44,44,"Agent 2",1,1096245,1096245,16777216,771,"void at::native::vectorized_elementwise_kernel<8, at::native::FillFunctor<c10::BFloat16>, std::array<char*, 1ul> >(int, at::native::FillFunctor<c10::BFloat16>, std::array<char*, 1ul>)",256,0,0,4,0,16,"SQ_INSTS",5767168.000000,470203473652936,470203473687216
44,44,"Agent 2",1,1096245,1096245,16777216,771,"void at::native::vectorized_elementwise_kernel<8, at::native::FillFunctor<c10::BFloat16>, std::array<char*, 1ul> >(int, at::native::FillFunctor<c10::BFloat16>, std::array<char*, 1ul>)",256,0,0,4,0,16,"SQ_INSTS_SALU",2883584.000000,470203473652936,470203473687216
44,44,"Agent 2",1,1096245,1096245,16777216,771,"void at::native::vectorized_elementwise_kernel<8, at::native::FillFunctor<c10::BFloat16>, std::array<char*, 1ul> >(int, at::native::FillFunctor<c10::BFloat16>, std::array<char*, 1ul>)",256,0,0,4,0,16,"SQ_INSTS_SMEM",262144.000000,470203473652936,470203473687216
44,44,"Agent 2",1,1096245,1096245,16777216,771,"void at::native::vectorized_elementwise_kernel<8, at::native::FillFunctor<c10::BFloat16>, std::array<char*, 1ul> >(int, at::native::FillFunctor<c10::BFloat16>, std::array<char*, 1ul>)",256,0,0,4,0,16,"SQ_INSTS_VALU",1310720.000000,470203473652936,470203473687216
44,44,"Agent 2",1,1096245,1096245,16777216,771,"void at::native::vectorized_elementwise_kernel<8, at::native::FillFunctor<c10::BFloat16>, std::array<char*, 1ul> >(int, at::native::FillFunctor<c10::BFloat16>, std::array<char*, 1ul>)",256,0,0,4,0,16,"SQ_INSTS_VMEM",262144.000000,470203473652936,470203473687216
45,45,"Agent 2",1,1096245,1096245,524288,1503,"mxfp4_gluon_cpp_kernel(gluon_globals)",256,131072,0,236,0,112,"SQC_ICACHE_HITS",343388121.000000,470203473789977,470203480921047
45,45,"Agent 2",1,1096245,1096245,524288,1503,"mxfp4_gluon_cpp_kernel(gluon_globals)",256,131072,0,236,0,112,"SQC_ICACHE_REQ",344178688.000000,470203473789977,470203480921047
45,45,"Agent 2",1,1096245,1096245,524288,1503,"mxfp4_gluon_cpp_kernel(gluon_globals)",256,131072,0,236,0,112,"SQ_INSTS",939122688.000000,470203473789977,470203480921047
45,45,"Agent 2",1,1096245,1096245,524288,1503,"mxfp4_gluon_cpp_kernel(gluon_globals)",256,131072,0,236,0,112,"SQ_INSTS_SALU",128204800.000000,470203473789977,470203480921047
45,45,"Agent 2",1,1096245,1096245,524288,1503,"mxfp4_gluon_cpp_kernel(gluon_globals)",256,131072,0,236,0,112,"SQ_INSTS_SMEM",98304.000000,470203473789977,470203480921047
45,45,"Agent 2",1,1096245,1096245,524288,1503,"mxfp4_gluon_cpp_kernel(gluon_globals)",256,131072,0,236,0,112,"SQ_INSTS_VALU",551264256.000000,470203473789977,470203480921047
45,45,"Agent 2",1,1096245,1096245,524288,1503,"mxfp4_gluon_cpp_kernel(gluon_globals)",256,131072,0,236,0,112,"SQ_INSTS_VMEM",82739200.000000,470203473789977,470203480921047
46,46,"Agent 2",1,1096245,1096245,16777216,771,"void at::native::vectorized_elementwise_kernel<8, at::native::FillFunctor<c10::BFloat16>, std::array<char*, 1ul> >(int, at::native::FillFunctor<c10::BFloat16>, std::array<char*, 1ul>)",256,0,0,4,0,16,"SQC_ICACHE_HITS",1040559.000000,470203481119209,470203481152769
46,46,"Agent 2",1,1096245,1096245,16777216,771,"void at::native::vectorized_elementwise_kernel<8, at::native::FillFunctor<c10::BFloat16>, std::array<char*, 1ul> >(int, at::native::FillFunctor<c10::BFloat16>, std::array<char*, 1ul>)",256,0,0,4,0,16,"SQC_ICACHE_REQ",1048576.000000,470203481119209,470203481152769
46,46,"Agent 2",1,1096245,1096245,16777216,771,"void at::native::vectorized_elementwise_kernel<8, at::native::FillFunctor<c10::BFloat16>, std::array<char*, 1ul> >(int, at::native::FillFunctor<c10::BFloat16>, std::array<char*, 1ul>)",256,0,0,4,0,16,"SQ_INSTS",5767168.000000,470203481119209,470203481152769
46,46,"Agent 2",1,1096245,1096245,16777216,771,"void at::native::vectorized_elementwise_kernel<8, at::native::FillFunctor<c10::BFloat16>, std::array<char*, 1ul> >(int, at::native::FillFunctor<c10::BFloat16>, std::array<char*, 1ul>)",256,0,0,4,0,16,"SQ_INSTS_SALU",2883584.000000,470203481119209,470203481152769
46,46,"Agent 2",1,1096245,1096245,16777216,771,"void at::native::vectorized_elementwise_kernel<8, at::native::FillFunctor<c10::BFloat16>, std::array<char*, 1ul> >(int, at::native::FillFunctor<c10::BFloat16>, std::array<char*, 1ul>)",256,0,0,4,0,16,"SQ_INSTS_SMEM",262144.000000,470203481119209,470203481152769
46,46,"Agent 2",1,1096245,1096245,16777216,771,"void at::native::vectorized_elementwise_kernel<8, at::native::FillFunctor<c10::BFloat16>, std::array<char*, 1ul> >(int, at::native::FillFunctor<c10::BFloat16>, std::array<char*, 1ul>)",256,0,0,4,0,16,"SQ_INSTS_VALU",1310720.000000,470203481119209,470203481152769
46,46,"Agent 2",1,1096245,1096245,16777216,771,"void at::native::vectorized_elementwise_kernel<8, at::native::FillFunctor<c10::BFloat16>, std::array<char*, 1ul> >(int, at::native::FillFunctor<c10::BFloat16>, std::array<char*, 1ul>)",256,0,0,4,0,16,"SQ_INSTS_VMEM",262144.000000,470203481119209,470203481152769
47,47,"Agent 2",1,1096245,1096245,524288,1503,"mxfp4_gluon_cpp_kernel(gluon_globals)",256,131072,0,236,0,112,"SQC_ICACHE_HITS",343380939.000000,470203481258690,470203488315879
47,47,"Agent 2",1,1096245,1096245,524288,1503,"mxfp4_gluon_cpp_kernel(gluon_globals)",256,131072,0,236,0,112,"SQC_ICACHE_REQ",344178688.000000,470203481258690,470203488315879
47,47,"Agent 2",1,1096245,1096245,524288,1503,"mxfp4_gluon_cpp_kernel(gluon_globals)",256,131072,0,236,0,112,"SQ_INSTS",939122688.000000,470203481258690,470203488315879
47,47,"Agent 2",1,1096245,1096245,524288,1503,"mxfp4_gluon_cpp_kernel(gluon_globals)",256,131072,0,236,0,112,"SQ_INSTS_SALU",128204800.000000,470203481258690,470203488315879
47,47,"Agent 2",1,1096245,1096245,524288,1503,"mxfp4_gluon_cpp_kernel(gluon_globals)",256,131072,0,236,0,112,"SQ_INSTS_SMEM",98304.000000,470203481258690,470203488315879
47,47,"Agent 2",1,1096245,1096245,524288,1503,"mxfp4_gluon_cpp_kernel(gluon_globals)",256,131072,0,236,0,112,"SQ_INSTS_VALU",551264256.000000,470203481258690,470203488315879
47,47,"Agent 2",1,1096245,1096245,524288,1503,"mxfp4_gluon_cpp_kernel(gluon_globals)",256,131072,0,236,0,112,"SQ_INSTS_VMEM",82739200.000000,470203481258690,470203488315879
48,48,"Agent 2",1,1096245,1096245,16777216,771,"void at::native::vectorized_elementwise_kernel<8, at::native::FillFunctor<c10::BFloat16>, std::array<char*, 1ul> >(int, at::native::FillFunctor<c10::BFloat16>, std::array<char*, 1ul>)",256,0,0,4,0,16,"SQC_ICACHE_HITS",1041584.000000,470203488427441,470203488461441
48,48,"Agent 2",1,1096245,1096245,16777216,771,"void at::native::vectorized_elementwise_kernel<8, at::native::FillFunctor<c10::BFloat16>, std::array<char*, 1ul> >(int, at::native::FillFunctor<c10::BFloat16>, std::array<char*, 1ul>)",256,0,0,4,0,16,"SQC_ICACHE_REQ",1048576.000000,470203488427441,470203488461441
48,48,"Agent 2",1,1096245,1096245,16777216,771,"void at::native::vectorized_elementwise_kernel<8, at::native::FillFunctor<c10::BFloat16>, std::array<char*, 1ul> >(int, at::native::FillFunctor<c10::BFloat16>, std::array<char*, 1ul>)",256,0,0,4,0,16,"SQ_INSTS",5767168.000000,470203488427441,470203488461441
48,48,"Agent 2",1,1096245,1096245,16777216,771,"void at::native::vectorized_elementwise_kernel<8, at::native::FillFunctor<c10::BFloat16>, std::array<char*, 1ul> >(int, at::native::FillFunctor<c10::BFloat16>, std::array<char*, 1ul>)",256,0,0,4,0,16,"SQ_INSTS_SALU",2883584.000000,470203488427441,470203488461441
48,48,"Agent 2",1,1096245,1096245,16777216,771,"void at::native::vectorized_elementwise_kernel<8, at::native::FillFunctor<c10::BFloat16>, std::array<char*, 1ul> >(int, at::native::FillFunctor<c10::BFloat16>, std::array<char*, 1ul>)",256,0,0,4,0,16,"SQ_INSTS_SMEM",262144.000000,470203488427441,470203488461441
48,48,"Agent 2",1,1096245,1096245,16777216,771,"void at::native::vectorized_elementwise_kernel<8, at::native::FillFunctor<c10::BFloat16>, std::array<char*, 1ul> >(int, at::native::FillFunctor<c10::BFloat16>, std::array<char*, 1ul>)",256,0,0,4,0,16,"SQ_INSTS_VALU",1310720.000000,470203488427441,470203488461441
48,48,"Agent 2",1,1096245,1096245,16777216,771,"void at::native::vectorized_elementwise_kernel<8, at::native::FillFunctor<c10::BFloat16>, std::array<char*, 1ul> >(int, at::native::FillFunctor<c10::BFloat16>, std::array<char*, 1ul>)",256,0,0,4,0,16,"SQ_INSTS_VMEM",262144.000000,470203488427441,470203488461441
49,49,"Agent 2",1,1096245,1096245,524288,1503,"mxfp4_gluon_cpp_kernel(gluon_globals)",256,131072,0,236,0,112,"SQC_ICACHE_HITS",343388479.000000,470203488569082,470203495634671
49,49,"Agent 2",1,1096245,1096245,524288,1503,"mxfp4_gluon_cpp_kernel(gluon_globals)",256,131072,0,236,0,112,"SQC_ICACHE_REQ",344178688.000000,470203488569082,470203495634671
49,49,"Agent 2",1,1096245,1096245,524288,1503,"mxfp4_gluon_cpp_kernel(gluon_globals)",256,131072,0,236,0,112,"SQ_INSTS",939122688.000000,470203488569082,470203495634671
49,49,"Agent 2",1,1096245,1096245,524288,1503,"mxfp4_gluon_cpp_kernel(gluon_globals)",256,131072,0,236,0,112,"SQ_INSTS_SALU",128204800.000000,470203488569082,470203495634671
49,49,"Agent 2",1,1096245,1096245,524288,1503,"mxfp4_gluon_cpp_kernel(gluon_globals)",256,131072,0,236,0,112,"SQ_INSTS_SMEM",98304.000000,470203488569082,470203495634671
49,49,"Agent 2",1,1096245,1096245,524288,1503,"mxfp4_gluon_cpp_kernel(gluon_globals)",256,131072,0,236,0,112,"SQ_INSTS_VALU",551264256.000000,470203488569082,470203495634671
49,49,"Agent 2",1,1096245,1096245,524288,1503,"mxfp4_gluon_cpp_kernel(gluon_globals)",256,131072,0,236,0,112,"SQ_INSTS_VMEM",82739200.000000,470203488569082,470203495634671
50,50,"Agent 2",1,1096245,1096245,16777216,771,"void at::native::vectorized_elementwise_kernel<8, at::native::FillFunctor<c10::BFloat16>, std::array<char*, 1ul> >(int, at::native::FillFunctor<c10::BFloat16>, std::array<char*, 1ul>)",256,0,0,4,0,16,"SQC_ICACHE_HITS",1041428.000000,470203495744752,470203495778032
50,50,"Agent 2",1,1096245,1096245,16777216,771,"void at::native::vectorized_elementwise_kernel<8, at::native::FillFunctor<c10::BFloat16>, std::array<char*, 1ul> >(int, at::native::FillFunctor<c10::BFloat16>, std::array<char*, 1ul>)",256,0,0,4,0,16,"SQC_ICACHE_REQ",1048576.000000,470203495744752,470203495778032
50,50,"Agent 2",1,1096245,1096245,16777216,771,"void at::native::vectorized_elementwise_kernel<8, at::native::FillFunctor<c10::BFloat16>, std::array<char*, 1ul> >(int, at::native::FillFunctor<c10::BFloat16>, std::array<char*, 1ul>)",256,0,0,4,0,16,"SQ_INSTS",5767168.000000,470203495744752,470203495778032
50,50,"Agent 2",1,1096245,1096245,16777216,771,"void at::native::vectorized_elementwise_kernel<8, at::native::FillFunctor<c10::BFloat16>, std::array<char*, 1ul> >(int, at::native::FillFunctor<c10::BFloat16>, std::array<char*, 1ul>)",256,0,0,4,0,16,"SQ_INSTS_SALU",2883584.000000,470203495744752,470203495778032
50,50,"Agent 2",1,1096245,1096245,16777216,771,"void at::native::vectorized_elementwise_kernel<8, at::native::FillFunctor<c10::BFloat16>, std::array<char*, 1ul> >(int, at::native::FillFunctor<c10::BFloat16>, std::array<char*, 1ul>)",256,0,0,4,0,16,"SQ_INSTS_SMEM",262144.000000,470203495744752,470203495778032
50,50,"Agent 2",1,1096245,1096245,16777216,771,"void at::native::vectorized_elementwise_kernel<8, at::native::FillFunctor<c10::BFloat16>, std::array<char*, 1ul> >(int, at::native::FillFunctor<c10::BFloat16>, std::array<char*, 1ul>)",256,0,0,4,0,16,"SQ_INSTS_VALU",1310720.000000,470203495744752,470203495778032
50,50,"Agent 2",1,1096245,1096245,16777216,771,"void at::native::vectorized_elementwise_kernel<8, at::native::FillFunctor<c10::BFloat16>, std::array<char*, 1ul> >(int, at::native::FillFunctor<c10::BFloat16>, std::array<char*, 1ul>)",256,0,0,4,0,16,"SQ_INSTS_VMEM",262144.000000,470203495744752,470203495778032
51,51,"Agent 2",1,1096245,1096245,524288,1503,"mxfp4_gluon_cpp_kernel(gluon_globals)",256,131072,0,236,0,112,"SQC_ICACHE_HITS",343389834.000000,470203495885113,470203502972783
51,51,"Agent 2",1,1096245,1096245,524288,1503,"mxfp4_gluon_cpp_kernel(gluon_globals)",256,131072,0,236,0,112,"SQC_ICACHE_REQ",344178688.000000,470203495885113,470203502972783
51,51,"Agent 2",1,1096245,1096245,524288,1503,"mxfp4_gluon_cpp_kernel(gluon_globals)",256,131072,0,236,0,112,"SQ_INSTS",939122688.000000,470203495885113,470203502972783
51,51,"Agent 2",1,1096245,1096245,524288,1503,"mxfp4_gluon_cpp_kernel(gluon_globals)",256,131072,0,236,0,112,"SQ_INSTS_SALU",128204800.000000,470203495885113,470203502972783
51,51,"Agent 2",1,1096245,1096245,524288,1503,"mxfp4_gluon_cpp_kernel(gluon_globals)",256,131072,0,236,0,112,"SQ_INSTS_SMEM",98304.000000,470203495885113,470203502972783
51,51,"Agent 2",1,1096245,1096245,524288,1503,"mxfp4_gluon_cpp_kernel(gluon_globals)",256,131072,0,236,0,112,"SQ_INSTS_VALU",551264256.000000,470203495885113,470203502972783
51,51,"Agent 2",1,1096245,1096245,524288,1503,"mxfp4_gluon_cpp_kernel(gluon_globals)",256,131072,0,236,0,112,"SQ_INSTS_VMEM",82739200.000000,470203495885113,470203502972783
52,52,"Agent 2",1,1096245,1096245,16777216,771,"void at::native::vectorized_elementwise_kernel<8, at::native::FillFunctor<c10::BFloat16>, std::array<char*, 1ul> >(int, at::native::FillFunctor<c10::BFloat16>, std::array<char*, 1ul>)",256,0,0,4,0,16,"SQC_ICACHE_HITS",1041522.000000,470203503080544,470203503114544
52,52,"Agent 2",1,1096245,1096245,16777216,771,"void at::native::vectorized_elementwise_kernel<8, at::native::FillFunctor<c10::BFloat16>, std::array<char*, 1ul> >(int, at::native::FillFunctor<c10::BFloat16>, std::array<char*, 1ul>)",256,0,0,4,0,16,"SQC_ICACHE_REQ",1048576.000000,470203503080544,470203503114544
52,52,"Agent 2",1,1096245,1096245,16777216,771,"void at::native::vectorized_elementwise_kernel<8, at::native::FillFunctor<c10::BFloat16>, std::array<char*, 1ul> >(int, at::native::FillFunctor<c10::BFloat16>, std::array<char*, 1ul>)",256,0,0,4,0,16,"SQ_INSTS",5767168.000000,470203503080544,470203503114544
52,52,"Agent 2",1,1096245,1096245,16777216,771,"void at::native::vectorized_elementwise_kernel<8, at::native::FillFunctor<c10::BFloat16>, std::array<char*, 1ul> >(int, at::native::FillFunctor<c10::BFloat16>, std::array<char*, 1ul>)",256,0,0,4,0,16,"SQ_INSTS_SALU",2883584.000000,470203503080544,470203503114544
52,52,"Agent 2",1,1096245,1096245,16777216,771,"void at::native::vectorized_elementwise_kernel<8, at::native::FillFunctor<c10::BFloat16>, std::array<char*, 1ul> >(int, at::native::FillFunctor<c10::BFloat16>, std::array<char*, 1ul>)",256,0,0,4,0,16,"SQ_INSTS_SMEM",262144.000000,470203503080544,470203503114544
52,52,"Agent 2",1,1096245,1096245,16777216,771,"void at::native::vectorized_elementwise_kernel<8, at::native::FillFunctor<c10::BFloat16>, std::array<char*, 1ul> >(int, at::native::FillFunctor<c10::BFloat16>, std::array<char*, 1ul>)",256,0,0,4,0,16,"SQ_INSTS_VALU",1310720.000000,470203503080544,470203503114544
52,52,"Agent 2",1,1096245,1096245,16777216,771,"void at::native::vectorized_elementwise_kernel<8, at::native::FillFunctor<c10::BFloat16>, std::array<char*, 1ul> >(int, at::native::FillFunctor<c10::BFloat16>, std::array<char*, 1ul>)",256,0,0,4,0,16,"SQ_INSTS_VMEM",262144.000000,470203503080544,470203503114544
53,53,"Agent 2",1,1096245,1096245,524288,1503,"mxfp4_gluon_cpp_kernel(gluon_globals)",256,131072,0,236,0,112,"SQC_ICACHE_HITS",343392530.000000,470203503219305,470203510253014
53,53,"Agent 2",1,1096245,1096245,524288,1503,"mxfp4_gluon_cpp_kernel(gluon_globals)",256,131072,0,236,0,112,"SQC_ICACHE_REQ",344178688.000000,470203503219305,470203510253014
53,53,"Agent 2",1,1096245,1096245,524288,1503,"mxfp4_gluon_cpp_kernel(gluon_globals)",256,131072,0,236,0,112,"SQ_INSTS",939122688.000000,470203503219305,470203510253014
53,53,"Agent 2",1,1096245,1096245,524288,1503,"mxfp4_gluon_cpp_kernel(gluon_globals)",256,131072,0,236,0,112,"SQ_INSTS_SALU",128204800.000000,470203503219305,470203510253014
53,53,"Agent 2",1,1096245,1096245,524288,1503,"mxfp4_gluon_cpp_kernel(gluon_globals)",256,131072,0,236,0,112,"SQ_INSTS_SMEM",98304.000000,470203503219305,470203510253014
53,53,"Agent 2",1,1096245,1096245,524288,1503,"mxfp4_gluon_cpp_kernel(gluon_globals)",256,131072,0,236,0,112,"SQ_INSTS_VALU",551264256.000000,470203503219305,470203510253014
53,53,"Agent 2",1,1096245,1096245,524288,1503,"mxfp4_gluon_cpp_kernel(gluon_globals)",256,131072,0,236,0,112,"SQ_INSTS_VMEM",82739200.000000,470203503219305,470203510253014
54,54,"Agent 2",1,1096245,1096245,16777216,771,"void at::native::vectorized_elementwise_kernel<8, at::native::FillFunctor<c10::BFloat16>, std::array<char*, 1ul> >(int, at::native::FillFunctor<c10::BFloat16>, std::array<char*, 1ul>)",256,0,0,4,0,16,"SQC_ICACHE_HITS",1041677.000000,470203510368735,470203510402535
54,54,"Agent 2",1,1096245,1096245,16777216,771,"void at::native::vectorized_elementwise_kernel<8, at::native::FillFunctor<c10::BFloat16>, std::array<char*, 1ul> >(int, at::native::FillFunctor<c10::BFloat16>, std::array<char*, 1ul>)",256,0,0,4,0,16,"SQC_ICACHE_REQ",1048576.000000,470203510368735,470203510402535
54,54,"Agent 2",1,1096245,1096245,16777216,771,"void at::native::vectorized_elementwise_kernel<8, at::native::FillFunctor<c10::BFloat16>, std::array<char*, 1ul> >(int, at::native::FillFunctor<c10::BFloat16>, std::array<char*, 1ul>)",256,0,0,4,0,16,"SQ_INSTS",5767168.000000,470203510368735,470203510402535
54,54,"Agent 2",1,1096245,1096245,16777216,771,"void at::native::vectorized_elementwise_kernel<8, at::native::FillFunctor<c10::BFloat16>, std::array<char*, 1ul> >(int, at::native::FillFunctor<c10::BFloat16>, std::array<char*, 1ul>)",256,0,0,4,0,16,"SQ_INSTS_SALU",2883584.000000,470203510368735,470203510402535
54,54,"Agent 2",1,1096245,1096245,16777216,771,"void at::native::vectorized_elementwise_kernel<8, at::native::FillFunctor<c10::BFloat16>, std::array<char*, 1ul> >(int, at::native::FillFunctor<c10::BFloat16>, std::array<char*, 1ul>)",256,0,0,4,0,16,"SQ_INSTS_SMEM",262144.000000,470203510368735,470203510402535
54,54,"Agent 2",1,1096245,1096245,16777216,771,"void at::native::vectorized_elementwise_kernel<8, at::native::FillFunctor<c10::BFloat16>, std::array<char*, 1ul> >(int, at::native::FillFunctor<c10::BFloat16>, std::array<char*, 1ul>)",256,0,0,4,0,16,"SQ_INSTS_VALU",1310720.000000,470203510368735,470203510402535
54,54,"Agent 2",1,1096245,1096245,16777216,771,"void at::native::vectorized_elementwise_kernel<8, at::native::FillFunctor<c10::BFloat16>, std::array<char*, 1ul> >(int, at::native::FillFunctor<c10::BFloat16>, std::array<char*, 1ul>)",256,0,0,4,0,16,"SQ_INSTS_VMEM",262144.000000,470203510368735,470203510402535
55,55,"Agent 2",1,1096245,1096245,524288,1503,"mxfp4_gluon_cpp_kernel(gluon_globals)",256,131072,0,236,0,112,"SQC_ICACHE_HITS",343389106.000000,470203510513176,470203517601166
55,55,"Agent 2",1,1096245,1096245,524288,1503,"mxfp4_gluon_cpp_kernel(gluon_globals)",256,131072,0,236,0,112,"SQC_ICACHE_REQ",344178688.000000,470203510513176,470203517601166
55,55,"Agent 2",1,1096245,1096245,524288,1503,"mxfp4_gluon_cpp_kernel(gluon_globals)",256,131072,0,236,0,112,"SQ_INSTS",939122688.000000,470203510513176,470203517601166
55,55,"Agent 2",1,1096245,1096245,524288,1503,"mxfp4_gluon_cpp_kernel(gluon_globals)",256,131072,0,236,0,112,"SQ_INSTS_SALU",128204800.000000,470203510513176,470203517601166
55,55,"Agent 2",1,1096245,1096245,524288,1503,"mxfp4_gluon_cpp_kernel(gluon_globals)",256,131072,0,236,0,112,"SQ_INSTS_SMEM",98304.000000,470203510513176,470203517601166
55,55,"Agent 2",1,1096245,1096245,524288,1503,"mxfp4_gluon_cpp_kernel(gluon_globals)",256,131072,0,236,0,112,"SQ_INSTS_VALU",551264256.000000,470203510513176,470203517601166
55,55,"Agent 2",1,1096245,1096245,524288,1503,"mxfp4_gluon_cpp_kernel(gluon_globals)",256,131072,0,236,0,112,"SQ_INSTS_VMEM",82739200.000000,470203510513176,470203517601166
56,56,"Agent 2",1,1096245,1096245,16777216,771,"void at::native::vectorized_elementwise_kernel<8, at::native::FillFunctor<c10::BFloat16>, std::array<char*, 1ul> >(int, at::native::FillFunctor<c10::BFloat16>, std::array<char*, 1ul>)",256,0,0,4,0,16,"SQC_ICACHE_HITS",1041508.000000,470203517715127,470203517748767
56,56,"Agent 2",1,1096245,1096245,16777216,771,"void at::native::vectorized_elementwise_kernel<8, at::native::FillFunctor<c10::BFloat16>, std::array<char*, 1ul> >(int, at::native::FillFunctor<c10::BFloat16>, std::array<char*, 1ul>)",256,0,0,4,0,16,"SQC_ICACHE_REQ",1048576.000000,470203517715127,470203517748767
56,56,"Agent 2",1,1096245,1096245,16777216,771,"void at::native::vectorized_elementwise_kernel<8, at::native::FillFunctor<c10::BFloat16>, std::array<char*, 1ul> >(int, at::native::FillFunctor<c10::BFloat16>, std::array<char*, 1ul>)",256,0,0,4,0,16,"SQ_INSTS",5767168.000000,470203517715127,470203517748767
56,56,"Agent 2",1,1096245,1096245,16777216,771,"void at::native::vectorized_elementwise_kernel<8, at::native::FillFunctor<c10::BFloat16>, std::array<char*, 1ul> >(int, at::native::FillFunctor<c10::BFloat16>, std::array<char*, 1ul>)",256,0,0,4,0,16,"SQ_INSTS_SALU",2883584.000000,470203517715127,470203517748767
56,56,"Agent 2",1,1096245,1096245,16777216,771,"void at::native::vectorized_elementwise_kernel<8, at::native::FillFunctor<c10::BFloat16>, std::array<char*, 1ul> >(int, at::native::FillFunctor<c10::BFloat16>, std::array<char*, 1ul>)",256,0,0,4,0,16,"SQ_INSTS_SMEM",262144.000000,470203517715127,470203517748767
56,56,"Agent 2",1,1096245,1096245,16777216,771,"void at::native::vectorized_elementwise_kernel<8, at::native::FillFunctor<c10::BFloat16>, std::array<char*, 1ul> >(int, at::native::FillFunctor<c10::BFloat16>, std::array<char*, 1ul>)",256,0,0,4,0,16,"SQ_INSTS_VALU",1310720.000000,470203517715127,470203517748767
56,56,"Agent 2",1,1096245,1096245,16777216,771,"void at::native::vectorized_elementwise_kernel<8, at::native::FillFunctor<c10::BFloat16>, std::array<char*, 1ul> >(int, at::native::FillFunctor<c10::BFloat16>, std::array<char*, 1ul>)",256,0,0,4,0,16,"SQ_INSTS_VMEM",262144.000000,470203517715127,470203517748767
57,57,"Agent 2",1,1096245,1096245,524288,1503,"mxfp4_gluon_cpp_kernel(gluon_globals)",256,131072,0,236,0,112,"SQC_ICACHE_HITS",343381668.000000,470203517853688,470203524929677
57,57,"Agent 2",1,1096245,1096245,524288,1503,"mxfp4_gluon_cpp_kernel(gluon_globals)",256,131072,0,236,0,112,"SQC_ICACHE_REQ",344178688.000000,470203517853688,470203524929677
57,57,"Agent 2",1,1096245,1096245,524288,1503,"mxfp4_gluon_cpp_kernel(gluon_globals)",256,131072,0,236,0,112,"SQ_INSTS",939122688.000000,470203517853688,470203524929677
57,57,"Agent 2",1,1096245,1096245,524288,1503,"mxfp4_gluon_cpp_kernel(gluon_globals)",256,131072,0,236,0,112,"SQ_INSTS_SALU",128204800.000000,470203517853688,470203524929677
57,57,"Agent 2",1,1096245,1096245,524288,1503,"mxfp4_gluon_cpp_kernel(gluon_globals)",256,131072,0,236,0,112,"SQ_INSTS_SMEM",98304.000000,470203517853688,470203524929677
57,57,"Agent 2",1,1096245,1096245,524288,1503,"mxfp4_gluon_cpp_kernel(gluon_globals)",256,131072,0,236,0,112,"SQ_INSTS_VALU",551264256.000000,470203517853688,470203524929677
57,57,"Agent 2",1,1096245,1096245,524288,1503,"mxfp4_gluon_cpp_kernel(gluon_globals)",256,131072,0,236,0,112,"SQ_INSTS_VMEM",82739200.000000,470203517853688,470203524929677
58,58,"Agent 2",1,1096245,1096245,16777216,771,"void at::native::vectorized_elementwise_kernel<8, at::native::FillFunctor<c10::BFloat16>, std::array<char*, 1ul> >(int, at::native::FillFunctor<c10::BFloat16>, std::array<char*, 1ul>)",256,0,0,4,0,16,"SQC_ICACHE_HITS",1041502.000000,470203525041879,470203525076839
58,58,"Agent 2",1,1096245,1096245,16777216,771,"void at::native::vectorized_elementwise_kernel<8, at::native::FillFunctor<c10::BFloat16>, std::array<char*, 1ul> >(int, at::native::FillFunctor<c10::BFloat16>, std::array<char*, 1ul>)",256,0,0,4,0,16,"SQC_ICACHE_REQ",1048576.000000,470203525041879,470203525076839
58,58,"Agent 2",1,1096245,1096245,16777216,771,"void at::native::vectorized_elementwise_kernel<8, at::native::FillFunctor<c10::BFloat16>, std::array<char*, 1ul> >(int, at::native::FillFunctor<c10::BFloat16>, std::array<char*, 1ul>)",256,0,0,4,0,16,"SQ_INSTS",5767168.000000,470203525041879,470203525076839
58,58,"Agent 2",1,1096245,1096245,16777216,771,"void at::native::vectorized_elementwise_kernel<8, at::native::FillFunctor<c10::BFloat16>, std::array<char*, 1ul> >(int, at::native::FillFunctor<c10::BFloat16>, std::array<char*, 1ul>)",256,0,0,4,0,16,"SQ_INSTS_SALU",2883584.000000,470203525041879,470203525076839
58,58,"Agent 2",1,1096245,1096245,16777216,771,"void at::native::vectorized_elementwise_kernel<8, at::native::FillFunctor<c10::BFloat16>, std::array<char*, 1ul> >(int, at::native::FillFunctor<c10::BFloat16>, std::array<char*, 1ul>)",256,0,0,4,0,16,"SQ_INSTS_SMEM",262144.000000,470203525041879,470203525076839
58,58,"Agent 2",1,1096245,1096245,16777216,771,"void at::native::vectorized_elementwise_kernel<8, at::native::FillFunctor<c10::BFloat16>, std::array<char*, 1ul> >(int, at::native::FillFunctor<c10::BFloat16>, std::array<char*, 1ul>)",256,0,0,4,0,16,"SQ_INSTS_VALU",1310720.000000,470203525041879,470203525076839
58,58,"Agent 2",1,1096245,1096245,16777216,771,"void at::native::vectorized_elementwise_kernel<8, at::native::FillFunctor<c10::BFloat16>, std::array<char*, 1ul> >(int, at::native::FillFunctor<c10::BFloat16>, std::array<char*, 1ul>)",256,0,0,4,0,16,"SQ_INSTS_VMEM",262144.000000,470203525041879,470203525076839
59,59,"Agent 2",1,1096245,1096245,524288,1503,"mxfp4_gluon_cpp_kernel(gluon_globals)",256,131072,0,236,0,112,"SQC_ICACHE_HITS",343389462.000000,470203525183054,470203532222368
59,59,"Agent 2",1,1096245,1096245,524288,1503,"mxfp4_gluon_cpp_kernel(gluon_globals)",256,131072,0,236,0,112,"SQC_ICACHE_REQ",344178688.000000,470203525183054,470203532222368
59,59,"Agent 2",1,1096245,1096245,524288,1503,"mxfp4_gluon_cpp_kernel(gluon_globals)",256,131072,0,236,0,112,"SQ_INSTS",939122688.000000,470203525183054,470203532222368
59,59,"Agent 2",1,1096245,1096245,524288,1503,"mxfp4_gluon_cpp_kernel(gluon_globals)",256,131072,0,236,0,112,"SQ_INSTS_SALU",128204800.000000,470203525183054,470203532222368
59,59,"Agent 2",1,1096245,1096245,524288,1503,"mxfp4_gluon_cpp_kernel(gluon_globals)",256,131072,0,236,0,112,"SQ_INSTS_SMEM",98304.000000,470203525183054,470203532222368
59,59,"Agent 2",1,1096245,1096245,524288,1503,"mxfp4_gluon_cpp_kernel(gluon_globals)",256,131072,0,236,0,112,"SQ_INSTS_VALU",551264256.000000,470203525183054,470203532222368
59,59,"Agent 2",1,1096245,1096245,524288,1503,"mxfp4_gluon_cpp_kernel(gluon_globals)",256,131072,0,236,0,112,"SQ_INSTS_VMEM",82739200.000000,470203525183054,470203532222368
60,60,"Agent 2",1,1096245,1096245,16777216,771,"void at::native::vectorized_elementwise_kernel<8, at::native::FillFunctor<c10::BFloat16>, std::array<char*, 1ul> >(int, at::native::FillFunctor<c10::BFloat16>, std::array<char*, 1ul>)",256,0,0,4,0,16,"SQC_ICACHE_HITS",1041456.000000,470203532337968,470203532372248
60,60,"Agent 2",1,1096245,1096245,16777216,771,"void at::native::vectorized_elementwise_kernel<8, at::native::FillFunctor<c10::BFloat16>, std::array<char*, 1ul> >(int, at::native::FillFunctor<c10::BFloat16>, std::array<char*, 1ul>)",256,0,0,4,0,16,"SQC_ICACHE_REQ",1048576.000000,470203532337968,470203532372248
60,60,"Agent 2",1,1096245,1096245,16777216,771,"void at::native::vectorized_elementwise_kernel<8, at::native::FillFunctor<c10::BFloat16>, std::array<char*, 1ul> >(int, at::native::FillFunctor<c10::BFloat16>, std::array<char*, 1ul>)",256,0,0,4,0,16,"SQ_INSTS",5767168.000000,470203532337968,470203532372248
60,60,"Agent 2",1,1096245,1096245,16777216,771,"void at::native::vectorized_elementwise_kernel<8, at::native::FillFunctor<c10::BFloat16>, std::array<char*, 1ul> >(int, at::native::FillFunctor<c10::BFloat16>, std::array<char*, 1ul>)",256,0,0,4,0,16,"SQ_INSTS_SALU",2883584.000000,470203532337968,470203532372248
60,60,"Agent 2",1,1096245,1096245,16777216,771,"void at::native::vectorized_elementwise_kernel<8, at::native::FillFunctor<c10::BFloat16>, std::array<char*, 1ul> >(int, at::native::FillFunctor<c10::BFloat16>, std::array<char*, 1ul>)",256,0,0,4,0,16,"SQ_INSTS_SMEM",262144.000000,470203532337968,470203532372248
60,60,"Agent 2",1,1096245,1096245,16777216,771,"void at::native::vectorized_elementwise_kernel<8, at::native::FillFunctor<c10::BFloat16>, std::array<char*, 1ul> >(int, at::native::FillFunctor<c10::BFloat16>, std::array<char*, 1ul>)",256,0,0,4,0,16,"SQ_INSTS_VALU",1310720.000000,470203532337968,470203532372248
60,60,"Agent 2",1,1096245,1096245,16777216,771,"void at::native::vectorized_elementwise_kernel<8, at::native::FillFunctor<c10::BFloat16>, std::array<char*, 1ul> >(int, at::native::FillFunctor<c10::BFloat16>, std::array<char*, 1ul>)",256,0,0,4,0,16,"SQ_INSTS_VMEM",262144.000000,470203532337968,470203532372248
61,61,"Agent 2",1,1096245,1096245,524288,1503,"mxfp4_gluon_cpp_kernel(gluon_globals)",256,131072,0,236,0,112,"SQC_ICACHE_HITS",343393319.000000,470203532477129,470203539549803
61,61,"Agent 2",1,1096245,1096245,524288,1503,"mxfp4_gluon_cpp_kernel(gluon_globals)",256,131072,0,236,0,112,"SQC_ICACHE_REQ",344178688.000000,470203532477129,470203539549803
61,61,"Agent 2",1,1096245,1096245,524288,1503,"mxfp4_gluon_cpp_kernel(gluon_globals)",256,131072,0,236,0,112,"SQ_INSTS",939122688.000000,470203532477129,470203539549803
61,61,"Agent 2",1,1096245,1096245,524288,1503,"mxfp4_gluon_cpp_kernel(gluon_globals)",256,131072,0,236,0,112,"SQ_INSTS_SALU",128204800.000000,470203532477129,470203539549803
61,61,"Agent 2",1,1096245,1096245,524288,1503,"mxfp4_gluon_cpp_kernel(gluon_globals)",256,131072,0,236,0,112,"SQ_INSTS_SMEM",98304.000000,470203532477129,470203539549803
61,61,"Agent 2",1,1096245,1096245,524288,1503,"mxfp4_gluon_cpp_kernel(gluon_globals)",256,131072,0,236,0,112,"SQ_INSTS_VALU",551264256.000000,470203532477129,470203539549803
61,61,"Agent 2",1,1096245,1096245,524288,1503,"mxfp4_gluon_cpp_kernel(gluon_globals)",256,131072,0,236,0,112,"SQ_INSTS_VMEM",82739200.000000,470203532477129,470203539549803
62,62,"Agent 2",1,1096245,1096245,16777216,771,"void at::native::vectorized_elementwise_kernel<8, at::native::FillFunctor<c10::BFloat16>, std::array<char*, 1ul> >(int, at::native::FillFunctor<c10::BFloat16>, std::array<char*, 1ul>)",256,0,0,4,0,16,"SQC_ICACHE_HITS",1041741.000000,470203539657804,470203539692205
62,62,"Agent 2",1,1096245,1096245,16777216,771,"void at::native::vectorized_elementwise_kernel<8, at::native::FillFunctor<c10::BFloat16>, std::array<char*, 1ul> >(int, at::native::FillFunctor<c10::BFloat16>, std::array<char*, 1ul>)",256,0,0,4,0,16,"SQC_ICACHE_REQ",1048576.000000,470203539657804,470203539692205
62,62,"Agent 2",1,1096245,1096245,16777216,771,"void at::native::vectorized_elementwise_kernel<8, at::native::FillFunctor<c10::BFloat16>, std::array<char*, 1ul> >(int, at::native::FillFunctor<c10::BFloat16>, std::array<char*, 1ul>)",256,0,0,4,0,16,"SQ_INSTS",5767168.000000,470203539657804,470203539692205
62,62,"Agent 2",1,1096245,1096245,16777216,771,"void at::native::vectorized_elementwise_kernel<8, at::native::FillFunctor<c10::BFloat16>, std::array<char*, 1ul> >(int, at::native::FillFunctor<c10::BFloat16>, std::array<char*, 1ul>)",256,0,0,4,0,16,"SQ_INSTS_SALU",2883584.000000,470203539657804,470203539692205
62,62,"Agent 2",1,1096245,1096245,16777216,771,"void at::native::vectorized_elementwise_kernel<8, at::native::FillFunctor<c10::BFloat16>, std::array<char*, 1ul> >(int, at::native::FillFunctor<c10::BFloat16>, std::array<char*, 1ul>)",256,0,0,4,0,16,"SQ_INSTS_SMEM",262144.000000,470203539657804,470203539692205
62,62,"Agent 2",1,1096245,1096245,16777216,771,"void at::native::vectorized_elementwise_kernel<8, at::native::FillFunctor<c10::BFloat16>, std::array<char*, 1ul> >(int, at::native::FillFunctor<c10::BFloat16>, std::array<char*, 1ul>)",256,0,0,4,0,16,"SQ_INSTS_VALU",1310720.000000,470203539657804,470203539692205
62,62,"Agent 2",1,1096245,1096245,16777216,771,"void at::native::vectorized_elementwise_kernel<8, at::native::FillFunctor<c10::BFloat16>, std::array<char*, 1ul> >(int, at::native::FillFunctor<c10::BFloat16>, std::array<char*, 1ul>)",256,0,0,4,0,16,"SQ_INSTS_VMEM",262144.000000,470203539657804,470203539692205
63,63,"Agent 2",1,1096245,1096245,524288,1503,"mxfp4_gluon_cpp_kernel(gluon_globals)",256,131072,0,236,0,112,"SQC_ICACHE_HITS",343393600.000000,470203539794566,470203546910560
63,63,"Agent 2",1,1096245,1096245,524288,1503,"mxfp4_gluon_cpp_kernel(gluon_globals)",256,131072,0,236,0,112,"SQC_ICACHE_REQ",344178688.000000,470203539794566,470203546910560
63,63,"Agent 2",1,1096245,1096245,524288,1503,"mxfp4_gluon_cpp_kernel(gluon_globals)",256,131072,0,236,0,112,"SQ_INSTS",939122688.000000,470203539794566,470203546910560
63,63,"Agent 2",1,1096245,1096245,524288,1503,"mxfp4_gluon_cpp_kernel(gluon_globals)",256,131072,0,236,0,112,"SQ_INSTS_SALU",128204800.000000,470203539794566,470203546910560
63,63,"Agent 2",1,1096245,1096245,524288,1503,"mxfp4_gluon_cpp_kernel(gluon_globals)",256,131072,0,236,0,112,"SQ_INSTS_SMEM",98304.000000,470203539794566,470203546910560
63,63,"Agent 2",1,1096245,1096245,524288,1503,"mxfp4_gluon_cpp_kernel(gluon_globals)",256,131072,0,236,0,112,"SQ_INSTS_VALU",551264256.000000,470203539794566,470203546910560
63,63,"Agent 2",1,1096245,1096245,524288,1503,"mxfp4_gluon_cpp_kernel(gluon_globals)",256,131072,0,236,0,112,"SQ_INSTS_VMEM",82739200.000000,470203539794566,470203546910560
64,64,"Agent 2",1,1096245,1096245,16777216,771,"void at::native::vectorized_elementwise_kernel<8, at::native::FillFunctor<c10::BFloat16>, std::array<char*, 1ul> >(int, at::native::FillFunctor<c10::BFloat16>, std::array<char*, 1ul>)",256,0,0,4,0,16,"SQC_ICACHE_HITS",1041674.000000,470203546999561,470203547032802
64,64,"Agent 2",1,1096245,1096245,16777216,771,"void at::native::vectorized_elementwise_kernel<8, at::native::FillFunctor<c10::BFloat16>, std::array<char*, 1ul> >(int, at::native::FillFunctor<c10::BFloat16>, std::array<char*, 1ul>)",256,0,0,4,0,16,"SQC_ICACHE_REQ",1048576.000000,470203546999561,470203547032802
64,64,"Agent 2",1,1096245,1096245,16777216,771,"void at::native::vectorized_elementwise_kernel<8, at::native::FillFunctor<c10::BFloat16>, std::array<char*, 1ul> >(int, at::native::FillFunctor<c10::BFloat16>, std::array<char*, 1ul>)",256,0,0,4,0,16,"SQ_INSTS",5767168.000000,470203546999561,470203547032802
64,64,"Agent 2",1,1096245,1096245,16777216,771,"void at::native::vectorized_elementwise_kernel<8, at::native::FillFunctor<c10::BFloat16>, std::array<char*, 1ul> >(int, at::native::FillFunctor<c10::BFloat16>, std::array<char*, 1ul>)",256,0,0,4,0,16,"SQ_INSTS_SALU",2883584.000000,470203546999561,470203547032802
64,64,"Agent 2",1,1096245,1096245,16777216,771,"void at::native::vectorized_elementwise_kernel<8, at::native::FillFunctor<c10::BFloat16>, std::array<char*, 1ul> >(int, at::native::FillFunctor<c10::BFloat16>, std::array<char*, 1ul>)",256,0,0,4,0,16,"SQ_INSTS_SMEM",262144.000000,470203546999561,470203547032802
64,64,"Agent 2",1,1096245,1096245,16777216,771,"void at::native::vectorized_elementwise_kernel<8, at::native::FillFunctor<c10::BFloat16>, std::array<char*, 1ul> >(int, at::native::FillFunctor<c10::BFloat16>, std::array<char*, 1ul>)",256,0,0,4,0,16,"SQ_INSTS_VALU",1310720.000000,470203546999561,470203547032802
64,64,"Agent 2",1,1096245,1096245,16777216,771,"void at::native::vectorized_elementwise_kernel<8, at::native::FillFunctor<c10::BFloat16>, std::array<char*, 1ul> >(int, at::native::FillFunctor<c10::BFloat16>, std::array<char*, 1ul>)",256,0,0,4,0,16,"SQ_INSTS_VMEM",262144.000000,470203546999561,470203547032802
65,65,"Agent 2",1,1096245,1096245,524288,1503,"mxfp4_gluon_cpp_kernel(gluon_globals)",256,131072,0,236,0,112,"SQC_ICACHE_HITS",343396090.000000,470203547134723,470203554250437
65,65,"Agent 2",1,1096245,1096245,524288,1503,"mxfp4_gluon_cpp_kernel(gluon_globals)",256,131072,0,236,0,112,"SQC_ICACHE_REQ",344178688.000000,470203547134723,470203554250437
65,65,"Agent 2",1,1096245,1096245,524288,1503,"mxfp4_gluon_cpp_kernel(gluon_globals)",256,131072,0,236,0,112,"SQ_INSTS",939122688.000000,470203547134723,470203554250437
65,65,"Agent 2",1,1096245,1096245,524288,1503,"mxfp4_gluon_cpp_kernel(gluon_globals)",256,131072,0,236,0,112,"SQ_INSTS_SALU",128204800.000000,470203547134723,470203554250437
65,65,"Agent 2",1,1096245,1096245,524288,1503,"mxfp4_gluon_cpp_kernel(gluon_globals)",256,131072,0,236,0,112,"SQ_INSTS_SMEM",98304.000000,470203547134723,470203554250437
65,65,"Agent 2",1,1096245,1096245,524288,1503,"mxfp4_gluon_cpp_kernel(gluon_globals)",256,131072,0,236,0,112,"SQ_INSTS_VALU",551264256.000000,470203547134723,470203554250437
65,65,"Agent 2",1,1096245,1096245,524288,1503,"mxfp4_gluon_cpp_kernel(gluon_globals)",256,131072,0,236,0,112,"SQ_INSTS_VMEM",82739200.000000,470203547134723,470203554250437
66,66,"Agent 2",1,1096245,1096245,16777216,771,"void at::native::vectorized_elementwise_kernel<8, at::native::FillFunctor<c10::BFloat16>, std::array<char*, 1ul> >(int, at::native::FillFunctor<c10::BFloat16>, std::array<char*, 1ul>)",256,0,0,4,0,16,"SQC_ICACHE_HITS",1041578.000000,470203554363959,470203554397319
66,66,"Agent 2",1,1096245,1096245,16777216,771,"void at::native::vectorized_elementwise_kernel<8, at::native::FillFunctor<c10::BFloat16>, std::array<char*, 1ul> >(int, at::native::FillFunctor<c10::BFloat16>, std::array<char*, 1ul>)",256,0,0,4,0,16,"SQC_ICACHE_REQ",1048576.000000,470203554363959,470203554397319
66,66,"Agent 2",1,1096245,1096245,16777216,771,"void at::native::vectorized_elementwise_kernel<8, at::native::FillFunctor<c10::BFloat16>, std::array<char*, 1ul> >(int, at::native::FillFunctor<c10::BFloat16>, std::array<char*, 1ul>)",256,0,0,4,0,16,"SQ_INSTS",5767168.000000,470203554363959,470203554397319
66,66,"Agent 2",1,1096245,1096245,16777216,771,"void at::native::vectorized_elementwise_kernel<8, at::native::FillFunctor<c10::BFloat16>, std::array<char*, 1ul> >(int, at::native::FillFunctor<c10::BFloat16>, std::array<char*, 1ul>)",256,0,0,4,0,16,"SQ_INSTS_SALU",2883584.000000,470203554363959,470203554397319
66,66,"Agent 2",1,1096245,1096245,16777216,771,"void at::native::vectorized_elementwise_kernel<8, at::native::FillFunctor<c10::BFloat16>, std::array<char*, 1ul> >(int, at::native::FillFunctor<c10::BFloat16>, std::array<char*, 1ul>)",256,0,0,4,0,16,"SQ_INSTS_SMEM",262144.000000,470203554363959,470203554397319
66,66,"Agent 2",1,1096245,1096245,16777216,771,"void at::native::vectorized_elementwise_kernel<8, at::native::FillFunctor<c10::BFloat16>, std::array<char*, 1ul> >(int, at::native::FillFunctor<c10::BFloat16>, std::array<char*, 1ul>)",256,0,0,4,0,16,"SQ_INSTS_VALU",1310720.000000,470203554363959,470203554397319
66,66,"Agent 2",1,1096245,1096245,16777216,771,"void at::native::vectorized_elementwise_kernel<8, at::native::FillFunctor<c10::BFloat16>, std::array<char*, 1ul> >(int, at::native::FillFunctor<c10::BFloat16>, std::array<char*, 1ul>)",256,0,0,4,0,16,"SQ_INSTS_VMEM",262144.000000,470203554363959,470203554397319
67,67,"Agent 2",1,1096245,1096245,524288,1503,"mxfp4_gluon_cpp_kernel(gluon_globals)",256,131072,0,236,0,112,"SQC_ICACHE_HITS",343394900.000000,470203554499960,470203561605914
67,67,"Agent 2",1,1096245,1096245,524288,1503,"mxfp4_gluon_cpp_kernel(gluon_globals)",256,131072,0,236,0,112,"SQC_ICACHE_REQ",344178688.000000,470203554499960,470203561605914
67,67,"Agent 2",1,1096245,1096245,524288,1503,"mxfp4_gluon_cpp_kernel(gluon_globals)",256,131072,0,236,0,112,"SQ_INSTS",939122688.000000,470203554499960,470203561605914
67,67,"Agent 2",1,1096245,1096245,524288,1503,"mxfp4_gluon_cpp_kernel(gluon_globals)",256,131072,0,236,0,112,"SQ_INSTS_SALU",128204800.000000,470203554499960,470203561605914
67,67,"Agent 2",1,1096245,1096245,524288,1503,"mxfp4_gluon_cpp_kernel(gluon_globals)",256,131072,0,236,0,112,"SQ_INSTS_SMEM",98304.000000,470203554499960,470203561605914
67,67,"Agent 2",1,1096245,1096245,524288,1503,"mxfp4_gluon_cpp_kernel(gluon_globals)",256,131072,0,236,0,112,"SQ_INSTS_VALU",551264256.000000,470203554499960,470203561605914
67,67,"Agent 2",1,1096245,1096245,524288,1503,"mxfp4_gluon_cpp_kernel(gluon_globals)",256,131072,0,236,0,112,"SQ_INSTS_VMEM",82739200.000000,470203554499960,470203561605914
68,68,"Agent 2",1,1096245,1096245,16777216,771,"void at::native::vectorized_elementwise_kernel<8, at::native::FillFunctor<c10::BFloat16>, std::array<char*, 1ul> >(int, at::native::FillFunctor<c10::BFloat16>, std::array<char*, 1ul>)",256,0,0,4,0,16,"SQC_ICACHE_HITS",1041797.000000,470203561711836,470203561746356
68,68,"Agent 2",1,1096245,1096245,16777216,771,"void at::native::vectorized_elementwise_kernel<8, at::native::FillFunctor<c10::BFloat16>, std::array<char*, 1ul> >(int, at::native::FillFunctor<c10::BFloat16>, std::array<char*, 1ul>)",256,0,0,4,0,16,"SQC_ICACHE_REQ",1048576.000000,470203561711836,470203561746356
68,68,"Agent 2",1,1096245,1096245,16777216,771,"void at::native::vectorized_elementwise_kernel<8, at::native::FillFunctor<c10::BFloat16>, std::array<char*, 1ul> >(int, at::native::FillFunctor<c10::BFloat16>, std::array<char*, 1ul>)",256,0,0,4,0,16,"SQ_INSTS",5767168.000000,470203561711836,470203561746356
68,68,"Agent 2",1,1096245,1096245,16777216,771,"void at::native::vectorized_elementwise_kernel<8, at::native::FillFunctor<c10::BFloat16>, std::array<char*, 1ul> >(int, at::native::FillFunctor<c10::BFloat16>, std::array<char*, 1ul>)",256,0,0,4,0,16,"SQ_INSTS_SALU",2883584.000000,470203561711836,470203561746356
68,68,"Agent 2",1,1096245,1096245,16777216,771,"void at::native::vectorized_elementwise_kernel<8, at::native::FillFunctor<c10::BFloat16>, std::array<char*, 1ul> >(int, at::native::FillFunctor<c10::BFloat16>, std::array<char*, 1ul>)",256,0,0,4,0,16,"SQ_INSTS_SMEM",262144.000000,470203561711836,470203561746356
68,68,"Agent 2",1,1096245,1096245,16777216,771,"void at::native::vectorized_elementwise_kernel<8, at::native::FillFunctor<c10::BFloat16>, std::array<char*, 1ul> >(int, at::native::FillFunctor<c10::BFloat16>, std::array<char*, 1ul>)",256,0,0,4,0,16,"SQ_INSTS_VALU",1310720.000000,470203561711836,470203561746356
68,68,"Agent 2",1,1096245,1096245,16777216,771,"void at::native::vectorized_elementwise_kernel<8, at::native::FillFunctor<c10::BFloat16>, std::array<char*, 1ul> >(int, at::native::FillFunctor<c10::BFloat16>, std::array<char*, 1ul>)",256,0,0,4,0,16,"SQ_INSTS_VMEM",262144.000000,470203561711836,470203561746356
69,69,"Agent 2",1,1096245,1096245,524288,1503,"mxfp4_gluon_cpp_kernel(gluon_globals)",256,131072,0,236,0,112,"SQC_ICACHE_HITS",343390696.000000,470203561851437,470203568957591
69,69,"Agent 2",1,1096245,1096245,524288,1503,"mxfp4_gluon_cpp_kernel(gluon_globals)",256,131072,0,236,0,112,"SQC_ICACHE_REQ",344178688.000000,470203561851437,470203568957591
69,69,"Agent 2",1,1096245,1096245,524288,1503,"mxfp4_gluon_cpp_kernel(gluon_globals)",256,131072,0,236,0,112,"SQ_INSTS",939122688.000000,470203561851437,470203568957591
69,69,"Agent 2",1,1096245,1096245,524288,1503,"mxfp4_gluon_cpp_kernel(gluon_globals)",256,131072,0,236,0,112,"SQ_INSTS_SALU",128204800.000000,470203561851437,470203568957591
69,69,"Agent 2",1,1096245,1096245,524288,1503,"mxfp4_gluon_cpp_kernel(gluon_globals)",256,131072,0,236,0,112,"SQ_INSTS_SMEM",98304.000000,470203561851437,470203568957591
69,69,"Agent 2",1,1096245,1096245,524288,1503,"mxfp4_gluon_cpp_kernel(gluon_globals)",256,131072,0,236,0,112,"SQ_INSTS_VALU",551264256.000000,470203561851437,470203568957591
69,69,"Agent 2",1,1096245,1096245,524288,1503,"mxfp4_gluon_cpp_kernel(gluon_globals)",256,131072,0,236,0,112,"SQ_INSTS_VMEM",82739200.000000,470203561851437,470203568957591
70,70,"Agent 2",1,1096245,1096245,16777216,771,"void at::native::vectorized_elementwise_kernel<8, at::native::FillFunctor<c10::BFloat16>, std::array<char*, 1ul> >(int, at::native::FillFunctor<c10::BFloat16>, std::array<char*, 1ul>)",256,0,0,4,0,16,"SQC_ICACHE_HITS",1041463.000000,470203569065793,470203569100353
70,70,"Agent 2",1,1096245,1096245,16777216,771,"void at::native::vectorized_elementwise_kernel<8, at::native::FillFunctor<c10::BFloat16>, std::array<char*, 1ul> >(int, at::native::FillFunctor<c10::BFloat16>, std::array<char*, 1ul>)",256,0,0,4,0,16,"SQC_ICACHE_REQ",1048576.000000,470203569065793,470203569100353
70,70,"Agent 2",1,1096245,1096245,16777216,771,"void at::native::vectorized_elementwise_kernel<8, at::native::FillFunctor<c10::BFloat16>, std::array<char*, 1ul> >(int, at::native::FillFunctor<c10::BFloat16>, std::array<char*, 1ul>)",256,0,0,4,0,16,"SQ_INSTS",5767168.000000,470203569065793,470203569100353
70,70,"Agent 2",1,1096245,1096245,16777216,771,"void at::native::vectorized_elementwise_kernel<8, at::native::FillFunctor<c10::BFloat16>, std::array<char*, 1ul> >(int, at::native::FillFunctor<c10::BFloat16>, std::array<char*, 1ul>)",256,0,0,4,0,16,"SQ_INSTS_SALU",2883584.000000,470203569065793,470203569100353
70,70,"Agent 2",1,1096245,1096245,16777216,771,"void at::native::vectorized_elementwise_kernel<8, at::native::FillFunctor<c10::BFloat16>, std::array<char*, 1ul> >(int, at::native::FillFunctor<c10::BFloat16>, std::array<char*, 1ul>)",256,0,0,4,0,16,"SQ_INSTS_SMEM",262144.000000,470203569065793,470203569100353
70,70,"Agent 2",1,1096245,1096245,16777216,771,"void at::native::vectorized_elementwise_kernel<8, at::native::FillFunctor<c10::BFloat16>, std::array<char*, 1ul> >(int, at::native::FillFunctor<c10::BFloat16>, std::array<char*, 1ul>)",256,0,0,4,0,16,"SQ_INSTS_VALU",1310720.000000,470203569065793,470203569100353
70,70,"Agent 2",1,1096245,1096245,16777216,771,"void at::native::vectorized_elementwise_kernel<8, at::native::FillFunctor<c10::BFloat16>, std::array<char*, 1ul> >(int, at::native::FillFunctor<c10::BFloat16>, std::array<char*, 1ul>)",256,0,0,4,0,16,"SQ_INSTS_VMEM",262144.000000,470203569065793,470203569100353
71,71,"Agent 2",1,1096245,1096245,524288,1503,"mxfp4_gluon_cpp_kernel(gluon_globals)",256,131072,0,236,0,112,"SQC_ICACHE_HITS",343391601.000000,470203569207354,470203576276348
71,71,"Agent 2",1,1096245,1096245,524288,1503,"mxfp4_gluon_cpp_kernel(gluon_globals)",256,131072,0,236,0,112,"SQC_ICACHE_REQ",344178688.000000,470203569207354,470203576276348
71,71,"Agent 2",1,1096245,1096245,524288,1503,"mxfp4_gluon_cpp_kernel(gluon_globals)",256,131072,0,236,0,112,"SQ_INSTS",939122688.000000,470203569207354,470203576276348
71,71,"Agent 2",1,1096245,1096245,524288,1503,"mxfp4_gluon_cpp_kernel(gluon_globals)",256,131072,0,236,0,112,"SQ_INSTS_SALU",128204800.000000,470203569207354,470203576276348
71,71,"Agent 2",1,1096245,1096245,524288,1503,"mxfp4_gluon_cpp_kernel(gluon_globals)",256,131072,0,236,0,112,"SQ_INSTS_SMEM",98304.000000,470203569207354,470203576276348
71,71,"Agent 2",1,1096245,1096245,524288,1503,"mxfp4_gluon_cpp_kernel(gluon_globals)",256,131072,0,236,0,112,"SQ_INSTS_VALU",551264256.000000,470203569207354,470203576276348
71,71,"Agent 2",1,1096245,1096245,524288,1503,"mxfp4_gluon_cpp_kernel(gluon_globals)",256,131072,0,236,0,112,"SQ_INSTS_VMEM",82739200.000000,470203569207354,470203576276348
72,72,"Agent 2",1,1096245,1096245,16777216,771,"void at::native::vectorized_elementwise_kernel<8, at::native::FillFunctor<c10::BFloat16>, std::array<char*, 1ul> >(int, at::native::FillFunctor<c10::BFloat16>, std::array<char*, 1ul>)",256,0,0,4,0,16,"SQC_ICACHE_HITS",1041699.000000,470203576384629,470203576419110
72,72,"Agent 2",1,1096245,1096245,16777216,771,"void at::native::vectorized_elementwise_kernel<8, at::native::FillFunctor<c10::BFloat16>, std::array<char*, 1ul> >(int, at::native::FillFunctor<c10::BFloat16>, std::array<char*, 1ul>)",256,0,0,4,0,16,"SQC_ICACHE_REQ",1048576.000000,470203576384629,470203576419110
72,72,"Agent 2",1,1096245,1096245,16777216,771,"void at::native::vectorized_elementwise_kernel<8, at::native::FillFunctor<c10::BFloat16>, std::array<char*, 1ul> >(int, at::native::FillFunctor<c10::BFloat16>, std::array<char*, 1ul>)",256,0,0,4,0,16,"SQ_INSTS",5767168.000000,470203576384629,470203576419110
72,72,"Agent 2",1,1096245,1096245,16777216,771,"void at::native::vectorized_elementwise_kernel<8, at::native::FillFunctor<c10::BFloat16>, std::array<char*, 1ul> >(int, at::native::FillFunctor<c10::BFloat16>, std::array<char*, 1ul>)",256,0,0,4,0,16,"SQ_INSTS_SALU",2883584.000000,470203576384629,470203576419110
72,72,"Agent 2",1,1096245,1096245,16777216,771,"void at::native::vectorized_elementwise_kernel<8, at::native::FillFunctor<c10::BFloat16>, std::array<char*, 1ul> >(int, at::native::FillFunctor<c10::BFloat16>, std::array<char*, 1ul>)",256,0,0,4,0,16,"SQ_INSTS_SMEM",262144.000000,470203576384629,470203576419110
72,72,"Agent 2",1,1096245,1096245,16777216,771,"void at::native::vectorized_elementwise_kernel<8, at::native::FillFunctor<c10::BFloat16>, std::array<char*, 1ul> >(int, at::native::FillFunctor<c10::BFloat16>, std::array<char*, 1ul>)",256,0,0,4,0,16,"SQ_INSTS_VALU",1310720.000000,470203576384629,470203576419110
72,72,"Agent 2",1,1096245,1096245,16777216,771,"void at::native::vectorized_elementwise_kernel<8, at::native::FillFunctor<c10::BFloat16>, std::array<char*, 1ul> >(int, at::native::FillFunctor<c10::BFloat16>, std::array<char*, 1ul>)",256,0,0,4,0,16,"SQ_INSTS_VMEM",262144.000000,470203576384629,470203576419110
73,73,"Agent 2",1,1096245,1096245,524288,1503,"mxfp4_gluon_cpp_kernel(gluon_globals)",256,131072,0,236,0,112,"SQC_ICACHE_HITS",343392247.000000,470203576528431,470203583590505
73,73,"Agent 2",1,1096245,1096245,524288,1503,"mxfp4_gluon_cpp_kernel(gluon_globals)",256,131072,0,236,0,112,"SQC_ICACHE_REQ",344178688.000000,470203576528431,470203583590505
73,73,"Agent 2",1,1096245,1096245,524288,1503,"mxfp4_gluon_cpp_kernel(gluon_globals)",256,131072,0,236,0,112,"SQ_INSTS",939122688.000000,470203576528431,470203583590505
73,73,"Agent 2",1,1096245,1096245,524288,1503,"mxfp4_gluon_cpp_kernel(gluon_globals)",256,131072,0,236,0,112,"SQ_INSTS_SALU",128204800.000000,470203576528431,470203583590505
73,73,"Agent 2",1,1096245,1096245,524288,1503,"mxfp4_gluon_cpp_kernel(gluon_globals)",256,131072,0,236,0,112,"SQ_INSTS_SMEM",98304.000000,470203576528431,470203583590505
73,73,"Agent 2",1,1096245,1096245,524288,1503,"mxfp4_gluon_cpp_kernel(gluon_globals)",256,131072,0,236,0,112,"SQ_INSTS_VALU",551264256.000000,470203576528431,470203583590505
73,73,"Agent 2",1,1096245,1096245,524288,1503,"mxfp4_gluon_cpp_kernel(gluon_globals)",256,131072,0,236,0,112,"SQ_INSTS_VMEM",82739200.000000,470203576528431,470203583590505
74,74,"Agent 2",1,1096245,1096245,16777216,771,"void at::native::vectorized_elementwise_kernel<8, at::native::FillFunctor<c10::BFloat16>, std::array<char*, 1ul> >(int, at::native::FillFunctor<c10::BFloat16>, std::array<char*, 1ul>)",256,0,0,4,0,16,"SQC_ICACHE_HITS",1040616.000000,470203583700106,470203583733666
74,74,"Agent 2",1,1096245,1096245,16777216,771,"void at::native::vectorized_elementwise_kernel<8, at::native::FillFunctor<c10::BFloat16>, std::array<char*, 1ul> >(int, at::native::FillFunctor<c10::BFloat16>, std::array<char*, 1ul>)",256,0,0,4,0,16,"SQC_ICACHE_REQ",1048576.000000,470203583700106,470203583733666
74,74,"Agent 2",1,1096245,1096245,16777216,771,"void at::native::vectorized_elementwise_kernel<8, at::native::FillFunctor<c10::BFloat16>, std::array<char*, 1ul> >(int, at::native::FillFunctor<c10::BFloat16>, std::array<char*, 1ul>)",256,0,0,4,0,16,"SQ_INSTS",5767168.000000,470203583700106,470203583733666
74,74,"Agent 2",1,1096245,1096245,16777216,771,"void at::native::vectorized_elementwise_kernel<8, at::native::FillFunctor<c10::BFloat16>, std::array<char*, 1ul> >(int, at::native::FillFunctor<c10::BFloat16>, std::array<char*, 1ul>)",256,0,0,4,0,16,"SQ_INSTS_SALU",2883584.000000,470203583700106,470203583733666
74,74,"Agent 2",1,1096245,1096245,16777216,771,"void at::native::vectorized_elementwise_kernel<8, at::native::FillFunctor<c10::BFloat16>, std::array<char*, 1ul> >(int, at::native::FillFunctor<c10::BFloat16>, std::array<char*, 1ul>)",256,0,0,4,0,16,"SQ_INSTS_SMEM",262144.000000,470203583700106,470203583733666
74,74,"Agent 2",1,1096245,1096245,16777216,771,"void at::native::vectorized_elementwise_kernel<8, at::native::FillFunctor<c10::BFloat16>, std::array<char*, 1ul> >(int, at::native::FillFunctor<c10::BFloat16>, std::array<char*, 1ul>)",256,0,0,4,0,16,"SQ_INSTS_VALU",1310720.000000,470203583700106,470203583733666
74,74,"Agent 2",1,1096245,1096245,16777216,771,"void at::native::vectorized_elementwise_kernel<8, at::native::FillFunctor<c10::BFloat16>, std::array<char*, 1ul> >(int, at::native::FillFunctor<c10::BFloat16>, std::array<char*, 1ul>)",256,0,0,4,0,16,"SQ_INSTS_VMEM",262144.000000,470203583700106,470203583733666
75,75,"Agent 2",1,1096245,1096245,524288,1503,"mxfp4_gluon_cpp_kernel(gluon_globals)",256,131072,0,236,0,112,"SQC_ICACHE_HITS",343391323.000000,470203583832747,470203590931262
75,75,"Agent 2",1,1096245,1096245,524288,1503,"mxfp4_gluon_cpp_kernel(gluon_globals)",256,131072,0,236,0,112,"SQC_ICACHE_REQ",344178688.000000,470203583832747,470203590931262
75,75,"Agent 2",1,1096245,1096245,524288,1503,"mxfp4_gluon_cpp_kernel(gluon_globals)",256,131072,0,236,0,112,"SQ_INSTS",939122688.000000,470203583832747,470203590931262
75,75,"Agent 2",1,1096245,1096245,524288,1503,"mxfp4_gluon_cpp_kernel(gluon_globals)",256,131072,0,236,0,112,"SQ_INSTS_SALU",128204800.000000,470203583832747,470203590931262
75,75,"Agent 2",1,1096245,1096245,524288,1503,"mxfp4_gluon_cpp_kernel(gluon_globals)",256,131072,0,236,0,112,"SQ_INSTS_SMEM",98304.000000,470203583832747,470203590931262
75,75,"Agent 2",1,1096245,1096245,524288,1503,"mxfp4_gluon_cpp_kernel(gluon_globals)",256,131072,0,236,0,112,"SQ_INSTS_VALU",551264256.000000,470203583832747,470203590931262
75,75,"Agent 2",1,1096245,1096245,524288,1503,"mxfp4_gluon_cpp_kernel(gluon_globals)",256,131072,0,236,0,112,"SQ_INSTS_VMEM",82739200.000000,470203583832747,470203590931262
76,76,"Agent 2",1,1096245,1096245,16777216,771,"void at::native::vectorized_elementwise_kernel<8, at::native::FillFunctor<c10::BFloat16>, std::array<char*, 1ul> >(int, at::native::FillFunctor<c10::BFloat16>, std::array<char*, 1ul>)",256,0,0,4,0,16,"SQC_ICACHE_HITS",1041786.000000,470203591031543,470203591066103
76,76,"Agent 2",1,1096245,1096245,16777216,771,"void at::native::vectorized_elementwise_kernel<8, at::native::FillFunctor<c10::BFloat16>, std::array<char*, 1ul> >(int, at::native::FillFunctor<c10::BFloat16>, std::array<char*, 1ul>)",256,0,0,4,0,16,"SQC_ICACHE_REQ",1048576.000000,470203591031543,470203591066103
76,76,"Agent 2",1,1096245,1096245,16777216,771,"void at::native::vectorized_elementwise_kernel<8, at::native::FillFunctor<c10::BFloat16>, std::array<char*, 1ul> >(int, at::native::FillFunctor<c10::BFloat16>, std::array<char*, 1ul>)",256,0,0,4,0,16,"SQ_INSTS",5767168.000000,470203591031543,470203591066103
76,76,"Agent 2",1,1096245,1096245,16777216,771,"void at::native::vectorized_elementwise_kernel<8, at::native::FillFunctor<c10::BFloat16>, std::array<char*, 1ul> >(int, at::native::FillFunctor<c10::BFloat16>, std::array<char*, 1ul>)",256,0,0,4,0,16,"SQ_INSTS_SALU",2883584.000000,470203591031543,470203591066103
76,76,"Agent 2",1,1096245,1096245,16777216,771,"void at::native::vectorized_elementwise_kernel<8, at::native::FillFunctor<c10::BFloat16>, std::array<char*, 1ul> >(int, at::native::FillFunctor<c10::BFloat16>, std::array<char*, 1ul>)",256,0,0,4,0,16,"SQ_INSTS_SMEM",262144.000000,470203591031543,470203591066103
76,76,"Agent 2",1,1096245,1096245,16777216,771,"void at::native::vectorized_elementwise_kernel<8, at::native::FillFunctor<c10::BFloat16>, std::array<char*, 1ul> >(int, at::native::FillFunctor<c10::BFloat16>, std::array<char*, 1ul>)",256,0,0,4,0,16,"SQ_INSTS_VALU",1310720.000000,470203591031543,470203591066103
76,76,"Agent 2",1,1096245,1096245,16777216,771,"void at::native::vectorized_elementwise_kernel<8, at::native::FillFunctor<c10::BFloat16>, std::array<char*, 1ul> >(int, at::native::FillFunctor<c10::BFloat16>, std::array<char*, 1ul>)",256,0,0,4,0,16,"SQ_INSTS_VMEM",262144.000000,470203591031543,470203591066103
77,77,"Agent 2",1,1096245,1096245,524288,1503,"mxfp4_gluon_cpp_kernel(gluon_globals)",256,131072,0,236,0,112,"SQC_ICACHE_HITS",343387578.000000,470203591166316,470203598218147
77,77,"Agent 2",1,1096245,1096245,524288,1503,"mxfp4_gluon_cpp_kernel(gluon_globals)",256,131072,0,236,0,112,"SQC_ICACHE_REQ",344178688.000000,470203591166316,470203598218147
77,77,"Agent 2",1,1096245,1096245,524288,1503,"mxfp4_gluon_cpp_kernel(gluon_globals)",256,131072,0,236,0,112,"SQ_INSTS",939122688.000000,470203591166316,470203598218147
77,77,"Agent 2",1,1096245,1096245,524288,1503,"mxfp4_gluon_cpp_kernel(gluon_globals)",256,131072,0,236,0,112,"SQ_INSTS_SALU",128204800.000000,470203591166316,470203598218147
77,77,"Agent 2",1,1096245,1096245,524288,1503,"mxfp4_gluon_cpp_kernel(gluon_globals)",256,131072,0,236,0,112,"SQ_INSTS_SMEM",98304.000000,470203591166316,470203598218147
77,77,"Agent 2",1,1096245,1096245,524288,1503,"mxfp4_gluon_cpp_kernel(gluon_globals)",256,131072,0,236,0,112,"SQ_INSTS_VALU",551264256.000000,470203591166316,470203598218147
77,77,"Agent 2",1,1096245,1096245,524288,1503,"mxfp4_gluon_cpp_kernel(gluon_globals)",256,131072,0,236,0,112,"SQ_INSTS_VMEM",82739200.000000,470203591166316,470203598218147
78,78,"Agent 2",1,1096245,1096245,16777216,771,"void at::native::vectorized_elementwise_kernel<8, at::native::FillFunctor<c10::BFloat16>, std::array<char*, 1ul> >(int, at::native::FillFunctor<c10::BFloat16>, std::array<char*, 1ul>)",256,0,0,4,0,16,"SQC_ICACHE_HITS",1041652.000000,470203598326267,470203598359547
78,78,"Agent 2",1,1096245,1096245,16777216,771,"void at::native::vectorized_elementwise_kernel<8, at::native::FillFunctor<c10::BFloat16>, std::array<char*, 1ul> >(int, at::native::FillFunctor<c10::BFloat16>, std::array<char*, 1ul>)",256,0,0,4,0,16,"SQC_ICACHE_REQ",1048576.000000,470203598326267,470203598359547
78,78,"Agent 2",1,1096245,1096245,16777216,771,"void at::native::vectorized_elementwise_kernel<8, at::native::FillFunctor<c10::BFloat16>, std::array<char*, 1ul> >(int, at::native::FillFunctor<c10::BFloat16>, std::array<char*, 1ul>)",256,0,0,4,0,16,"SQ_INSTS",5767168.000000,470203598326267,470203598359547
78,78,"Agent 2",1,1096245,1096245,16777216,771,"void at::native::vectorized_elementwise_kernel<8, at::native::FillFunctor<c10::BFloat16>, std::array<char*, 1ul> >(int, at::native::FillFunctor<c10::BFloat16>, std::array<char*, 1ul>)",256,0,0,4,0,16,"SQ_INSTS_SALU",2883584.000000,470203598326267,470203598359547
78,78,"Agent 2",1,1096245,1096245,16777216,771,"void at::native::vectorized_elementwise_kernel<8, at::native::FillFunctor<c10::BFloat16>, std::array<char*, 1ul> >(int, at::native::FillFunctor<c10::BFloat16>, std::array<char*, 1ul>)",256,0,0,4,0,16,"SQ_INSTS_SMEM",262144.000000,470203598326267,470203598359547
78,78,"Agent 2",1,1096245,1096245,16777216,771,"void at::native::vectorized_elementwise_kernel<8, at::native::FillFunctor<c10::BFloat16>, std::array<char*, 1ul> >(int, at::native::FillFunctor<c10::BFloat16>, std::array<char*, 1ul>)",256,0,0,4,0,16,"SQ_INSTS_VALU",1310720.000000,470203598326267,470203598359547
78,78,"Agent 2",1,1096245,1096245,16777216,771,"void at::native::vectorized_elementwise_kernel<8, at::native::FillFunctor<c10::BFloat16>, std::array<char*, 1ul> >(int, at::native::FillFunctor<c10::BFloat16>, std::array<char*, 1ul>)",256,0,0,4,0,16,"SQ_INSTS_VMEM",262144.000000,470203598326267,470203598359547
79,79,"Agent 2",1,1096245,1096245,524288,1503,"mxfp4_gluon_cpp_kernel(gluon_globals)",256,131072,0,236,0,112,"SQC_ICACHE_HITS",343388116.000000,470203598457108,470203605522219
79,79,"Agent 2",1,1096245,1096245,524288,1503,"mxfp4_gluon_cpp_kernel(gluon_globals)",256,131072,0,236,0,112,"SQC_ICACHE_REQ",344178688.000000,470203598457108,470203605522219
79,79,"Agent 2",1,1096245,1096245,524288,1503,"mxfp4_gluon_cpp_kernel(gluon_globals)",256,131072,0,236,0,112,"SQ_INSTS",939122688.000000,470203598457108,470203605522219
79,79,"Agent 2",1,1096245,1096245,524288,1503,"mxfp4_gluon_cpp_kernel(gluon_globals)",256,131072,0,236,0,112,"SQ_INSTS_SALU",128204800.000000,470203598457108,470203605522219
79,79,"Agent 2",1,1096245,1096245,524288,1503,"mxfp4_gluon_cpp_kernel(gluon_globals)",256,131072,0,236,0,112,"SQ_INSTS_SMEM",98304.000000,470203598457108,470203605522219
79,79,"Agent 2",1,1096245,1096245,524288,1503,"mxfp4_gluon_cpp_kernel(gluon_globals)",256,131072,0,236,0,112,"SQ_INSTS_VALU",551264256.000000,470203598457108,470203605522219
79,79,"Agent 2",1,1096245,1096245,524288,1503,"mxfp4_gluon_cpp_kernel(gluon_globals)",256,131072,0,236,0,112,"SQ_INSTS_VMEM",82739200.000000,470203598457108,470203605522219
80,80,"Agent 2",1,1096245,1096245,16777216,771,"void at::native::vectorized_elementwise_kernel<8, at::native::FillFunctor<c10::BFloat16>, std::array<char*, 1ul> >(int, at::native::FillFunctor<c10::BFloat16>, std::array<char*, 1ul>)",256,0,0,4,0,16,"SQC_ICACHE_HITS",1041596.000000,470203605624340,470203605657740
80,80,"Agent 2",1,1096245,1096245,16777216,771,"void at::native::vectorized_elementwise_kernel<8, at::native::FillFunctor<c10::BFloat16>, std::array<char*, 1ul> >(int, at::native::FillFunctor<c10::BFloat16>, std::array<char*, 1ul>)",256,0,0,4,0,16,"SQC_ICACHE_REQ",1048576.000000,470203605624340,470203605657740
80,80,"Agent 2",1,1096245,1096245,16777216,771,"void at::native::vectorized_elementwise_kernel<8, at::native::FillFunctor<c10::BFloat16>, std::array<char*, 1ul> >(int, at::native::FillFunctor<c10::BFloat16>, std::array<char*, 1ul>)",256,0,0,4,0,16,"SQ_INSTS",5767168.000000,470203605624340,470203605657740
80,80,"Agent 2",1,1096245,1096245,16777216,771,"void at::native::vectorized_elementwise_kernel<8, at::native::FillFunctor<c10::BFloat16>, std::array<char*, 1ul> >(int, at::native::FillFunctor<c10::BFloat16>, std::array<char*, 1ul>)",256,0,0,4,0,16,"SQ_INSTS_SALU",2883584.000000,470203605624340,470203605657740
80,80,"Agent 2",1,1096245,1096245,16777216,771,"void at::native::vectorized_elementwise_kernel<8, at::native::FillFunctor<c10::BFloat16>, std::array<char*, 1ul> >(int, at::native::FillFunctor<c10::BFloat16>, std::array<char*, 1ul>)",256,0,0,4,0,16,"SQ_INSTS_SMEM",262144.000000,470203605624340,470203605657740
80,80,"Agent 2",1,1096245,1096245,16777216,771,"void at::native::vectorized_elementwise_kernel<8, at::native::FillFunctor<c10::BFloat16>, std::array<char*, 1ul> >(int, at::native::FillFunctor<c10::BFloat16>, std::array<char*, 1ul>)",256,0,0,4,0,16,"SQ_INSTS_VALU",1310720.000000,470203605624340,470203605657740
80,80,"Agent 2",1,1096245,1096245,16777216,771,"void at::native::vectorized_elementwise_kernel<8, at::native::FillFunctor<c10::BFloat16>, std::array<char*, 1ul> >(int, at::native::FillFunctor<c10::BFloat16>, std::array<char*, 1ul>)",256,0,0,4,0,16,"SQ_INSTS_VMEM",262144.000000,470203605624340,470203605657740
81,81,"Agent 2",1,1096245,1096245,524288,1503,"mxfp4_gluon_cpp_kernel(gluon_globals)",256,131072,0,236,0,112,"SQC_ICACHE_HITS",343390483.000000,470203605761101,470203612842212
81,81,"Agent 2",1,1096245,1096245,524288,1503,"mxfp4_gluon_cpp_kernel(gluon_globals)",256,131072,0,236,0,112,"SQC_ICACHE_REQ",344178688.000000,470203605761101,470203612842212
81,81,"Agent 2",1,1096245,1096245,524288,1503,"mxfp4_gluon_cpp_kernel(gluon_globals)",256,131072,0,236,0,112,"SQ_INSTS",939122688.000000,470203605761101,470203612842212
81,81,"Agent 2",1,1096245,1096245,524288,1503,"mxfp4_gluon_cpp_kernel(gluon_globals)",256,131072,0,236,0,112,"SQ_INSTS_SALU",128204800.000000,470203605761101,470203612842212
81,81,"Agent 2",1,1096245,1096245,524288,1503,"mxfp4_gluon_cpp_kernel(gluon_globals)",256,131072,0,236,0,112,"SQ_INSTS_SMEM",98304.000000,470203605761101,470203612842212
81,81,"Agent 2",1,1096245,1096245,524288,1503,"mxfp4_gluon_cpp_kernel(gluon_globals)",256,131072,0,236,0,112,"SQ_INSTS_VALU",551264256.000000,470203605761101,470203612842212
81,81,"Agent 2",1,1096245,1096245,524288,1503,"mxfp4_gluon_cpp_kernel(gluon_globals)",256,131072,0,236,0,112,"SQ_INSTS_VMEM",82739200.000000,470203605761101,470203612842212
82,82,"Agent 2",1,1096245,1096245,16777216,771,"void at::native::vectorized_elementwise_kernel<8, at::native::FillFunctor<c10::BFloat16>, std::array<char*, 1ul> >(int, at::native::FillFunctor<c10::BFloat16>, std::array<char*, 1ul>)",256,0,0,4,0,16,"SQC_ICACHE_HITS",1041535.000000,470203612946333,470203612980774
82,82,"Agent 2",1,1096245,1096245,16777216,771,"void at::native::vectorized_elementwise_kernel<8, at::native::FillFunctor<c10::BFloat16>, std::array<char*, 1ul> >(int, at::native::FillFunctor<c10::BFloat16>, std::array<char*, 1ul>)",256,0,0,4,0,16,"SQC_ICACHE_REQ",1048576.000000,470203612946333,470203612980774
82,82,"Agent 2",1,1096245,1096245,16777216,771,"void at::native::vectorized_elementwise_kernel<8, at::native::FillFunctor<c10::BFloat16>, std::array<char*, 1ul> >(int, at::native::FillFunctor<c10::BFloat16>, std::array<char*, 1ul>)",256,0,0,4,0,16,"SQ_INSTS",5767168.000000,470203612946333,470203612980774
82,82,"Agent 2",1,1096245,1096245,16777216,771,"void at::native::vectorized_elementwise_kernel<8, at::native::FillFunctor<c10::BFloat16>, std::array<char*, 1ul> >(int, at::native::FillFunctor<c10::BFloat16>, std::array<char*, 1ul>)",256,0,0,4,0,16,"SQ_INSTS_SALU",2883584.000000,470203612946333,470203612980774
82,82,"Agent 2",1,1096245,1096245,16777216,771,"void at::native::vectorized_elementwise_kernel<8, at::native::FillFunctor<c10::BFloat16>, std::array<char*, 1ul> >(int, at::native::FillFunctor<c10::BFloat16>, std::array<char*, 1ul>)",256,0,0,4,0,16,"SQ_INSTS_SMEM",262144.000000,470203612946333,470203612980774
82,82,"Agent 2",1,1096245,1096245,16777216,771,"void at::native::vectorized_elementwise_kernel<8, at::native::FillFunctor<c10::BFloat16>, std::array<char*, 1ul> >(int, at::native::FillFunctor<c10::BFloat16>, std::array<char*, 1ul>)",256,0,0,4,0,16,"SQ_INSTS_VALU",1310720.000000,470203612946333,470203612980774
82,82,"Agent 2",1,1096245,1096245,16777216,771,"void at::native::vectorized_elementwise_kernel<8, at::native::FillFunctor<c10::BFloat16>, std::array<char*, 1ul> >(int, at::native::FillFunctor<c10::BFloat16>, std::array<char*, 1ul>)",256,0,0,4,0,16,"SQ_INSTS_VMEM",262144.000000,470203612946333,470203612980774
83,83,"Agent 2",1,1096245,1096245,524288,1503,"mxfp4_gluon_cpp_kernel(gluon_globals)",256,131072,0,236,0,112,"SQC_ICACHE_HITS",343381735.000000,470203613079735,470203620180526
83,83,"Agent 2",1,1096245,1096245,524288,1503,"mxfp4_gluon_cpp_kernel(gluon_globals)",256,131072,0,236,0,112,"SQC_ICACHE_REQ",344178688.000000,470203613079735,470203620180526
83,83,"Agent 2",1,1096245,1096245,524288,1503,"mxfp4_gluon_cpp_kernel(gluon_globals)",256,131072,0,236,0,112,"SQ_INSTS",939122688.000000,470203613079735,470203620180526
83,83,"Agent 2",1,1096245,1096245,524288,1503,"mxfp4_gluon_cpp_kernel(gluon_globals)",256,131072,0,236,0,112,"SQ_INSTS_SALU",128204800.000000,470203613079735,470203620180526
83,83,"Agent 2",1,1096245,1096245,524288,1503,"mxfp4_gluon_cpp_kernel(gluon_globals)",256,131072,0,236,0,112,"SQ_INSTS_SMEM",98304.000000,470203613079735,470203620180526
83,83,"Agent 2",1,1096245,1096245,524288,1503,"mxfp4_gluon_cpp_kernel(gluon_globals)",256,131072,0,236,0,112,"SQ_INSTS_VALU",551264256.000000,470203613079735,470203620180526
83,83,"Agent 2",1,1096245,1096245,524288,1503,"mxfp4_gluon_cpp_kernel(gluon_globals)",256,131072,0,236,0,112,"SQ_INSTS_VMEM",82739200.000000,470203613079735,470203620180526
84,84,"Agent 2",1,1096245,1096245,16777216,771,"void at::native::vectorized_elementwise_kernel<8, at::native::FillFunctor<c10::BFloat16>, std::array<char*, 1ul> >(int, at::native::FillFunctor<c10::BFloat16>, std::array<char*, 1ul>)",256,0,0,4,0,16,"SQC_ICACHE_HITS",1041464.000000,470203620282007,470203620317487
84,84,"Agent 2",1,1096245,1096245,16777216,771,"void at::native::vectorized_elementwise_kernel<8, at::native::FillFunctor<c10::BFloat16>, std::array<char*, 1ul> >(int, at::native::FillFunctor<c10::BFloat16>, std::array<char*, 1ul>)",256,0,0,4,0,16,"SQC_ICACHE_REQ",1048576.000000,470203620282007,470203620317487
84,84,"Agent 2",1,1096245,1096245,16777216,771,"void at::native::vectorized_elementwise_kernel<8, at::native::FillFunctor<c10::BFloat16>, std::array<char*, 1ul> >(int, at::native::FillFunctor<c10::BFloat16>, std::array<char*, 1ul>)",256,0,0,4,0,16,"SQ_INSTS",5767168.000000,470203620282007,470203620317487
84,84,"Agent 2",1,1096245,1096245,16777216,771,"void at::native::vectorized_elementwise_kernel<8, at::native::FillFunctor<c10::BFloat16>, std::array<char*, 1ul> >(int, at::native::FillFunctor<c10::BFloat16>, std::array<char*, 1ul>)",256,0,0,4,0,16,"SQ_INSTS_SALU",2883584.000000,470203620282007,470203620317487
84,84,"Agent 2",1,1096245,1096245,16777216,771,"void at::native::vectorized_elementwise_kernel<8, at::native::FillFunctor<c10::BFloat16>, std::array<char*, 1ul> >(int, at::native::FillFunctor<c10::BFloat16>, std::array<char*, 1ul>)",256,0,0,4,0,16,"SQ_INSTS_SMEM",262144.000000,470203620282007,470203620317487
84,84,"Agent 2",1,1096245,1096245,16777216,771,"void at::native::vectorized_elementwise_kernel<8, at::native::FillFunctor<c10::BFloat16>, std::array<char*, 1ul> >(int, at::native::FillFunctor<c10::BFloat16>, std::array<char*, 1ul>)",256,0,0,4,0,16,"SQ_INSTS_VALU",1310720.000000,470203620282007,470203620317487
84,84,"Agent 2",1,1096245,1096245,16777216,771,"void at::native::vectorized_elementwise_kernel<8, at::native::FillFunctor<c10::BFloat16>, std::array<char*, 1ul> >(int, at::native::FillFunctor<c10::BFloat16>, std::array<char*, 1ul>)",256,0,0,4,0,16,"SQ_INSTS_VMEM",262144.000000,470203620282007,470203620317487
85,85,"Agent 2",1,1096245,1096245,524288,1503,"mxfp4_gluon_cpp_kernel(gluon_globals)",256,131072,0,236,0,112,"SQC_ICACHE_HITS",343388489.000000,470203620421608,470203627492639
85,85,"Agent 2",1,1096245,1096245,524288,1503,"mxfp4_gluon_cpp_kernel(gluon_globals)",256,131072,0,236,0,112,"SQC_ICACHE_REQ",344178688.000000,470203620421608,470203627492639
85,85,"Agent 2",1,1096245,1096245,524288,1503,"mxfp4_gluon_cpp_kernel(gluon_globals)",256,131072,0,236,0,112,"SQ_INSTS",939122688.000000,470203620421608,470203627492639
85,85,"Agent 2",1,1096245,1096245,524288,1503,"mxfp4_gluon_cpp_kernel(gluon_globals)",256,131072,0,236,0,112,"SQ_INSTS_SALU",128204800.000000,470203620421608,470203627492639
85,85,"Agent 2",1,1096245,1096245,524288,1503,"mxfp4_gluon_cpp_kernel(gluon_globals)",256,131072,0,236,0,112,"SQ_INSTS_SMEM",98304.000000,470203620421608,470203627492639
85,85,"Agent 2",1,1096245,1096245,524288,1503,"mxfp4_gluon_cpp_kernel(gluon_globals)",256,131072,0,236,0,112,"SQ_INSTS_VALU",551264256.000000,470203620421608,470203627492639
85,85,"Agent 2",1,1096245,1096245,524288,1503,"mxfp4_gluon_cpp_kernel(gluon_globals)",256,131072,0,236,0,112,"SQ_INSTS_VMEM",82739200.000000,470203620421608,470203627492639
