"Correlation_Id","Dispatch_Id","Agent_Id","Queue_Id","Process_Id","Thread_Id","Grid_Size","Kernel_Id","Kernel_Name","Workgroup_Size","LDS_Block_Size","Scratch_Size","VGPR_Count","Accum_VGPR_Count","SGPR_Count","Counter_Name","Counter_Value","Start_Timestamp","End_Timestamp"
1,1,"Agent 2",1,1041369,1041369,524288,58,"void at::native::(anonymous namespace)::distribution_elementwise_grid_stride_kernel<unsigned int, 4, at::native::templates::cuda::random_from_to_kernel<at::CUDAGeneratorImpl*>(at::TensorIteratorBase&, unsigned long, long, at::CUDAGeneratorImpl*)::{lambda()#1}::operator()() const::{lambda()#1}::operator()() const::{lambda(hiprandStatePhilox4_32_10*)#2}, at::native::(anonymous namespace)::distribution_nullary_kernel<unsigned char, unsigned int, HIP_vector_type<unsigned int, 4u>, at::CUDAGeneratorImpl*, at::native::templates::cuda::random_from_to_kernel<at::CUDAGeneratorImpl*>(at::TensorIteratorBase&, unsigned long, long, at::CUDAGeneratorImpl*)::{lambda()#1}::operator()() const::{lambda()#1}::operator()() const::{lambda(hiprandStatePhilox4_32_10*)#2}, at::native::templates::cuda::random_from_to_kernel<at::CUDAGeneratorImpl*>(at::TensorIteratorBase&, unsigned long, long, at::CUDAGeneratorImpl*)::{lambda()#1}::operator()() const::{lambda()#1}::operator()() const::{lambda(unsigned int)#1}>(at::TensorIteratorBase&, at::CUDAGeneratorImpl*, at::native::templates::cuda::random_from_to_kernel<at::CUDAGeneratorImpl*>(at::TensorIteratorBase&, unsigned long, long, at::CUDAGeneratorImpl*)::{lambda()#1}::operator()() const::{lambda()#1}::operator()() const::{lambda(hiprandStatePhilox4_32_10*)#2} const&, at::native::templates::cuda::random_from_to_kernel<at::CUDAGeneratorImpl*>(at::TensorIteratorBase&, unsigned long, long, at::CUDAGeneratorImpl*)::{lambda()#1}::operator()() const::{lambda()#1}::operator()() const::{lambda(unsigned int)#1})::{lambda(int, unsigned int)#1}>(long, at::PhiloxCudaState, at::native::templates::cuda::random_from_to_kernel<at::CUDAGeneratorImpl*>(at::TensorIteratorBase&, unsigned long, long, at::CUDAGeneratorImpl*)::{lambda()#1}::operator()() const::{lambda()#1}::operator()() const::{lambda(hiprandStatePhilox4_32_10*)#2}, at::native::(anonymous namespace)::distribution_nullary_kernel<unsigned char, unsigned int, HIP_vector_type<unsigned int, 4u>, at::CUDAGeneratorImpl*, at::native::templates::cuda::random_from_to_kernel<at::CUDAGeneratorImpl*>(at::TensorIteratorBase&, unsigned long, long, at::CUDAGeneratorImpl*)::{lambda()#1}::operator()() const::{lambda()#1}::operator()() const::{lambda(hiprandStatePhilox4_32_10*)#2}, at::native::templates::cuda::random_from_to_kernel<at::CUDAGeneratorImpl*>(at::TensorIteratorBase&, unsigned long, long, at::CUDAGeneratorImpl*)::{lambda()#1}::operator()() const::{lambda()#1}::operator()() const::{lambda(unsigned int)#1}>(at::TensorIteratorBase&, at::CUDAGeneratorImpl*, at::native::templates::cuda::random_from_to_kernel<at::CUDAGeneratorImpl*>(at::TensorIteratorBase&, unsigned long, long, at::CUDAGeneratorImpl*)::{lambda()#1}::operator()() const::{lambda()#1}::operator()() const::{lambda(hiprandStatePhilox4_32_10*)#2} const&, at::native::templates::cuda::random_from_to_kernel<at::CUDAGeneratorImpl*>(at::TensorIteratorBase&, unsigned long, long, at::CUDAGeneratorImpl*)::{lambda()#1}::operator()() const::{lambda()#1}::operator()() const::{lambda(unsigned int)#1})::{lambda(int, unsigned int)#1})",256,0,0,32,0,48,"SQ_INSTS",249683968.000000,462161282569916,462161282910919
1,1,"Agent 2",1,1041369,1041369,524288,58,"void at::native::(anonymous namespace)::distribution_elementwise_grid_stride_kernel<unsigned int, 4, at::native::templates::cuda::random_from_to_kernel<at::CUDAGeneratorImpl*>(at::TensorIteratorBase&, unsigned long, long, at::CUDAGeneratorImpl*)::{lambda()#1}::operator()() const::{lambda()#1}::operator()() const::{lambda(hiprandStatePhilox4_32_10*)#2}, at::native::(anonymous namespace)::distribution_nullary_kernel<unsigned char, unsigned int, HIP_vector_type<unsigned int, 4u>, at::CUDAGeneratorImpl*, at::native::templates::cuda::random_from_to_kernel<at::CUDAGeneratorImpl*>(at::TensorIteratorBase&, unsigned long, long, at::CUDAGeneratorImpl*)::{lambda()#1}::operator()() const::{lambda()#1}::operator()() const::{lambda(hiprandStatePhilox4_32_10*)#2}, at::native::templates::cuda::random_from_to_kernel<at::CUDAGeneratorImpl*>(at::TensorIteratorBase&, unsigned long, long, at::CUDAGeneratorImpl*)::{lambda()#1}::operator()() const::{lambda()#1}::operator()() const::{lambda(unsigned int)#1}>(at::TensorIteratorBase&, at::CUDAGeneratorImpl*, at::native::templates::cuda::random_from_to_kernel<at::CUDAGeneratorImpl*>(at::TensorIteratorBase&, unsigned long, long, at::CUDAGeneratorImpl*)::{lambda()#1}::operator()() const::{lambda()#1}::operator()() const::{lambda(hiprandStatePhilox4_32_10*)#2} const&, at::native::templates::cuda::random_from_to_kernel<at::CUDAGeneratorImpl*>(at::TensorIteratorBase&, unsigned long, long, at::CUDAGeneratorImpl*)::{lambda()#1}::operator()() const::{lambda()#1}::operator()() const::{lambda(unsigned int)#1})::{lambda(int, unsigned int)#1}>(long, at::PhiloxCudaState, at::native::templates::cuda::random_from_to_kernel<at::CUDAGeneratorImpl*>(at::TensorIteratorBase&, unsigned long, long, at::CUDAGeneratorImpl*)::{lambda()#1}::operator()() const::{lambda()#1}::operator()() const::{lambda(hiprandStatePhilox4_32_10*)#2}, at::native::(anonymous namespace)::distribution_nullary_kernel<unsigned char, unsigned int, HIP_vector_type<unsigned int, 4u>, at::CUDAGeneratorImpl*, at::native::templates::cuda::random_from_to_kernel<at::CUDAGeneratorImpl*>(at::TensorIteratorBase&, unsigned long, long, at::CUDAGeneratorImpl*)::{lambda()#1}::operator()() const::{lambda()#1}::operator()() const::{lambda(hiprandStatePhilox4_32_10*)#2}, at::native::templates::cuda::random_from_to_kernel<at::CUDAGeneratorImpl*>(at::TensorIteratorBase&, unsigned long, long, at::CUDAGeneratorImpl*)::{lambda()#1}::operator()() const::{lambda()#1}::operator()() const::{lambda(unsigned int)#1}>(at::TensorIteratorBase&, at::CUDAGeneratorImpl*, at::native::templates::cuda::random_from_to_kernel<at::CUDAGeneratorImpl*>(at::TensorIteratorBase&, unsigned long, long, at::CUDAGeneratorImpl*)::{lambda()#1}::operator()() const::{lambda()#1}::operator()() const::{lambda(hiprandStatePhilox4_32_10*)#2} const&, at::native::templates::cuda::random_from_to_kernel<at::CUDAGeneratorImpl*>(at::TensorIteratorBase&, unsigned long, long, at::CUDAGeneratorImpl*)::{lambda()#1}::operator()() const::{lambda()#1}::operator()() const::{lambda(unsigned int)#1})::{lambda(int, unsigned int)#1})",256,0,0,32,0,48,"SQ_INSTS_SALU",30466048.000000,462161282569916,462161282910919
1,1,"Agent 2",1,1041369,1041369,524288,58,"void at::native::(anonymous namespace)::distribution_elementwise_grid_stride_kernel<unsigned int, 4, at::native::templates::cuda::random_from_to_kernel<at::CUDAGeneratorImpl*>(at::TensorIteratorBase&, unsigned long, long, at::CUDAGeneratorImpl*)::{lambda()#1}::operator()() const::{lambda()#1}::operator()() const::{lambda(hiprandStatePhilox4_32_10*)#2}, at::native::(anonymous namespace)::distribution_nullary_kernel<unsigned char, unsigned int, HIP_vector_type<unsigned int, 4u>, at::CUDAGeneratorImpl*, at::native::templates::cuda::random_from_to_kernel<at::CUDAGeneratorImpl*>(at::TensorIteratorBase&, unsigned long, long, at::CUDAGeneratorImpl*)::{lambda()#1}::operator()() const::{lambda()#1}::operator()() const::{lambda(hiprandStatePhilox4_32_10*)#2}, at::native::templates::cuda::random_from_to_kernel<at::CUDAGeneratorImpl*>(at::TensorIteratorBase&, unsigned long, long, at::CUDAGeneratorImpl*)::{lambda()#1}::operator()() const::{lambda()#1}::operator()() const::{lambda(unsigned int)#1}>(at::TensorIteratorBase&, at::CUDAGeneratorImpl*, at::native::templates::cuda::random_from_to_kernel<at::CUDAGeneratorImpl*>(at::TensorIteratorBase&, unsigned long, long, at::CUDAGeneratorImpl*)::{lambda()#1}::operator()() const::{lambda()#1}::operator()() const::{lambda(hiprandStatePhilox4_32_10*)#2} const&, at::native::templates::cuda::random_from_to_kernel<at::CUDAGeneratorImpl*>(at::TensorIteratorBase&, unsigned long, long, at::CUDAGeneratorImpl*)::{lambda()#1}::operator()() const::{lambda()#1}::operator()() const::{lambda(unsigned int)#1})::{lambda(int, unsigned int)#1}>(long, at::PhiloxCudaState, at::native::templates::cuda::random_from_to_kernel<at::CUDAGeneratorImpl*>(at::TensorIteratorBase&, unsigned long, long, at::CUDAGeneratorImpl*)::{lambda()#1}::operator()() const::{lambda()#1}::operator()() const::{lambda(hiprandStatePhilox4_32_10*)#2}, at::native::(anonymous namespace)::distribution_nullary_kernel<unsigned char, unsigned int, HIP_vector_type<unsigned int, 4u>, at::CUDAGeneratorImpl*, at::native::templates::cuda::random_from_to_kernel<at::CUDAGeneratorImpl*>(at::TensorIteratorBase&, unsigned long, long, at::CUDAGeneratorImpl*)::{lambda()#1}::operator()() const::{lambda()#1}::operator()() const::{lambda(hiprandStatePhilox4_32_10*)#2}, at::native::templates::cuda::random_from_to_kernel<at::CUDAGeneratorImpl*>(at::TensorIteratorBase&, unsigned long, long, at::CUDAGeneratorImpl*)::{lambda()#1}::operator()() const::{lambda()#1}::operator()() const::{lambda(unsigned int)#1}>(at::TensorIteratorBase&, at::CUDAGeneratorImpl*, at::native::templates::cuda::random_from_to_kernel<at::CUDAGeneratorImpl*>(at::TensorIteratorBase&, unsigned long, long, at::CUDAGeneratorImpl*)::{lambda()#1}::operator()() const::{lambda()#1}::operator()() const::{lambda(hiprandStatePhilox4_32_10*)#2} const&, at::native::templates::cuda::random_from_to_kernel<at::CUDAGeneratorImpl*>(at::TensorIteratorBase&, unsigned long, long, at::CUDAGeneratorImpl*)::{lambda()#1}::operator()() const::{lambda()#1}::operator()() const::{lambda(unsigned int)#1})::{lambda(int, unsigned int)#1})",256,0,0,32,0,48,"SQ_INSTS_SMEM",65536.000000,462161282569916,462161282910919
1,1,"Agent 2",1,1041369,1041369,524288,58,"void at::native::(anonymous namespace)::distribution_elementwise_grid_stride_kernel<unsigned int, 4, at::native::templates::cuda::random_from_to_kernel<at::CUDAGeneratorImpl*>(at::TensorIteratorBase&, unsigned long, long, at::CUDAGeneratorImpl*)::{lambda()#1}::operator()() const::{lambda()#1}::operator()() const::{lambda(hiprandStatePhilox4_32_10*)#2}, at::native::(anonymous namespace)::distribution_nullary_kernel<unsigned char, unsigned int, HIP_vector_type<unsigned int, 4u>, at::CUDAGeneratorImpl*, at::native::templates::cuda::random_from_to_kernel<at::CUDAGeneratorImpl*>(at::TensorIteratorBase&, unsigned long, long, at::CUDAGeneratorImpl*)::{lambda()#1}::operator()() const::{lambda()#1}::operator()() const::{lambda(hiprandStatePhilox4_32_10*)#2}, at::native::templates::cuda::random_from_to_kernel<at::CUDAGeneratorImpl*>(at::TensorIteratorBase&, unsigned long, long, at::CUDAGeneratorImpl*)::{lambda()#1}::operator()() const::{lambda()#1}::operator()() const::{lambda(unsigned int)#1}>(at::TensorIteratorBase&, at::CUDAGeneratorImpl*, at::native::templates::cuda::random_from_to_kernel<at::CUDAGeneratorImpl*>(at::TensorIteratorBase&, unsigned long, long, at::CUDAGeneratorImpl*)::{lambda()#1}::operator()() const::{lambda()#1}::operator()() const::{lambda(hiprandStatePhilox4_32_10*)#2} const&, at::native::templates::cuda::random_from_to_kernel<at::CUDAGeneratorImpl*>(at::TensorIteratorBase&, unsigned long, long, at::CUDAGeneratorImpl*)::{lambda()#1}::operator()() const::{lambda()#1}::operator()() const::{lambda(unsigned int)#1})::{lambda(int, unsigned int)#1}>(long, at::PhiloxCudaState, at::native::templates::cuda::random_from_to_kernel<at::CUDAGeneratorImpl*>(at::TensorIteratorBase&, unsigned long, long, at::CUDAGeneratorImpl*)::{lambda()#1}::operator()() const::{lambda()#1}::operator()() const::{lambda(hiprandStatePhilox4_32_10*)#2}, at::native::(anonymous namespace)::distribution_nullary_kernel<unsigned char, unsigned int, HIP_vector_type<unsigned int, 4u>, at::CUDAGeneratorImpl*, at::native::templates::cuda::random_from_to_kernel<at::CUDAGeneratorImpl*>(at::TensorIteratorBase&, unsigned long, long, at::CUDAGeneratorImpl*)::{lambda()#1}::operator()() const::{lambda()#1}::operator()() const::{lambda(hiprandStatePhilox4_32_10*)#2}, at::native::templates::cuda::random_from_to_kernel<at::CUDAGeneratorImpl*>(at::TensorIteratorBase&, unsigned long, long, at::CUDAGeneratorImpl*)::{lambda()#1}::operator()() const::{lambda()#1}::operator()() const::{lambda(unsigned int)#1}>(at::TensorIteratorBase&, at::CUDAGeneratorImpl*, at::native::templates::cuda::random_from_to_kernel<at::CUDAGeneratorImpl*>(at::TensorIteratorBase&, unsigned long, long, at::CUDAGeneratorImpl*)::{lambda()#1}::operator()() const::{lambda()#1}::operator()() const::{lambda(hiprandStatePhilox4_32_10*)#2} const&, at::native::templates::cuda::random_from_to_kernel<at::CUDAGeneratorImpl*>(at::TensorIteratorBase&, unsigned long, long, at::CUDAGeneratorImpl*)::{lambda()#1}::operator()() const::{lambda()#1}::operator()() const::{lambda(unsigned int)#1})::{lambda(int, unsigned int)#1})",256,0,0,32,0,48,"SQ_INSTS_VALU",186105856.000000,462161282569916,462161282910919
1,1,"Agent 2",1,1041369,1041369,524288,58,"void at::native::(anonymous namespace)::distribution_elementwise_grid_stride_kernel<unsigned int, 4, at::native::templates::cuda::random_from_to_kernel<at::CUDAGeneratorImpl*>(at::TensorIteratorBase&, unsigned long, long, at::CUDAGeneratorImpl*)::{lambda()#1}::operator()() const::{lambda()#1}::operator()() const::{lambda(hiprandStatePhilox4_32_10*)#2}, at::native::(anonymous namespace)::distribution_nullary_kernel<unsigned char, unsigned int, HIP_vector_type<unsigned int, 4u>, at::CUDAGeneratorImpl*, at::native::templates::cuda::random_from_to_kernel<at::CUDAGeneratorImpl*>(at::TensorIteratorBase&, unsigned long, long, at::CUDAGeneratorImpl*)::{lambda()#1}::operator()() const::{lambda()#1}::operator()() const::{lambda(hiprandStatePhilox4_32_10*)#2}, at::native::templates::cuda::random_from_to_kernel<at::CUDAGeneratorImpl*>(at::TensorIteratorBase&, unsigned long, long, at::CUDAGeneratorImpl*)::{lambda()#1}::operator()() const::{lambda()#1}::operator()() const::{lambda(unsigned int)#1}>(at::TensorIteratorBase&, at::CUDAGeneratorImpl*, at::native::templates::cuda::random_from_to_kernel<at::CUDAGeneratorImpl*>(at::TensorIteratorBase&, unsigned long, long, at::CUDAGeneratorImpl*)::{lambda()#1}::operator()() const::{lambda()#1}::operator()() const::{lambda(hiprandStatePhilox4_32_10*)#2} const&, at::native::templates::cuda::random_from_to_kernel<at::CUDAGeneratorImpl*>(at::TensorIteratorBase&, unsigned long, long, at::CUDAGeneratorImpl*)::{lambda()#1}::operator()() const::{lambda()#1}::operator()() const::{lambda(unsigned int)#1})::{lambda(int, unsigned int)#1}>(long, at::PhiloxCudaState, at::native::templates::cuda::random_from_to_kernel<at::CUDAGeneratorImpl*>(at::TensorIteratorBase&, unsigned long, long, at::CUDAGeneratorImpl*)::{lambda()#1}::operator()() const::{lambda()#1}::operator()() const::{lambda(hiprandStatePhilox4_32_10*)#2}, at::native::(anonymous namespace)::distribution_nullary_kernel<unsigned char, unsigned int, HIP_vector_type<unsigned int, 4u>, at::CUDAGeneratorImpl*, at::native::templates::cuda::random_from_to_kernel<at::CUDAGeneratorImpl*>(at::TensorIteratorBase&, unsigned long, long, at::CUDAGeneratorImpl*)::{lambda()#1}::operator()() const::{lambda()#1}::operator()() const::{lambda(hiprandStatePhilox4_32_10*)#2}, at::native::templates::cuda::random_from_to_kernel<at::CUDAGeneratorImpl*>(at::TensorIteratorBase&, unsigned long, long, at::CUDAGeneratorImpl*)::{lambda()#1}::operator()() const::{lambda()#1}::operator()() const::{lambda(unsigned int)#1}>(at::TensorIteratorBase&, at::CUDAGeneratorImpl*, at::native::templates::cuda::random_from_to_kernel<at::CUDAGeneratorImpl*>(at::TensorIteratorBase&, unsigned long, long, at::CUDAGeneratorImpl*)::{lambda()#1}::operator()() const::{lambda()#1}::operator()() const::{lambda(hiprandStatePhilox4_32_10*)#2} const&, at::native::templates::cuda::random_from_to_kernel<at::CUDAGeneratorImpl*>(at::TensorIteratorBase&, unsigned long, long, at::CUDAGeneratorImpl*)::{lambda()#1}::operator()() const::{lambda()#1}::operator()() const::{lambda(unsigned int)#1})::{lambda(int, unsigned int)#1})",256,0,0,32,0,48,"SQ_INSTS_VMEM",4104192.000000,462161282569916,462161282910919
2,2,"Agent 2",1,1041369,1041369,524288,58,"void at::native::(anonymous namespace)::distribution_elementwise_grid_stride_kernel<unsigned int, 4, at::native::templates::cuda::random_from_to_kernel<at::CUDAGeneratorImpl*>(at::TensorIteratorBase&, unsigned long, long, at::CUDAGeneratorImpl*)::{lambda()#1}::operator()() const::{lambda()#1}::operator()() const::{lambda(hiprandStatePhilox4_32_10*)#2}, at::native::(anonymous namespace)::distribution_nullary_kernel<unsigned char, unsigned int, HIP_vector_type<unsigned int, 4u>, at::CUDAGeneratorImpl*, at::native::templates::cuda::random_from_to_kernel<at::CUDAGeneratorImpl*>(at::TensorIteratorBase&, unsigned long, long, at::CUDAGeneratorImpl*)::{lambda()#1}::operator()() const::{lambda()#1}::operator()() const::{lambda(hiprandStatePhilox4_32_10*)#2}, at::native::templates::cuda::random_from_to_kernel<at::CUDAGeneratorImpl*>(at::TensorIteratorBase&, unsigned long, long, at::CUDAGeneratorImpl*)::{lambda()#1}::operator()() const::{lambda()#1}::operator()() const::{lambda(unsigned int)#1}>(at::TensorIteratorBase&, at::CUDAGeneratorImpl*, at::native::templates::cuda::random_from_to_kernel<at::CUDAGeneratorImpl*>(at::TensorIteratorBase&, unsigned long, long, at::CUDAGeneratorImpl*)::{lambda()#1}::operator()() const::{lambda()#1}::operator()() const::{lambda(hiprandStatePhilox4_32_10*)#2} const&, at::native::templates::cuda::random_from_to_kernel<at::CUDAGeneratorImpl*>(at::TensorIteratorBase&, unsigned long, long, at::CUDAGeneratorImpl*)::{lambda()#1}::operator()() const::{lambda()#1}::operator()() const::{lambda(unsigned int)#1})::{lambda(int, unsigned int)#1}>(long, at::PhiloxCudaState, at::native::templates::cuda::random_from_to_kernel<at::CUDAGeneratorImpl*>(at::TensorIteratorBase&, unsigned long, long, at::CUDAGeneratorImpl*)::{lambda()#1}::operator()() const::{lambda()#1}::operator()() const::{lambda(hiprandStatePhilox4_32_10*)#2}, at::native::(anonymous namespace)::distribution_nullary_kernel<unsigned char, unsigned int, HIP_vector_type<unsigned int, 4u>, at::CUDAGeneratorImpl*, at::native::templates::cuda::random_from_to_kernel<at::CUDAGeneratorImpl*>(at::TensorIteratorBase&, unsigned long, long, at::CUDAGeneratorImpl*)::{lambda()#1}::operator()() const::{lambda()#1}::operator()() const::{lambda(hiprandStatePhilox4_32_10*)#2}, at::native::templates::cuda::random_from_to_kernel<at::CUDAGeneratorImpl*>(at::TensorIteratorBase&, unsigned long, long, at::CUDAGeneratorImpl*)::{lambda()#1}::operator()() const::{lambda()#1}::operator()() const::{lambda(unsigned int)#1}>(at::TensorIteratorBase&, at::CUDAGeneratorImpl*, at::native::templates::cuda::random_from_to_kernel<at::CUDAGeneratorImpl*>(at::TensorIteratorBase&, unsigned long, long, at::CUDAGeneratorImpl*)::{lambda()#1}::operator()() const::{lambda()#1}::operator()() const::{lambda(hiprandStatePhilox4_32_10*)#2} const&, at::native::templates::cuda::random_from_to_kernel<at::CUDAGeneratorImpl*>(at::TensorIteratorBase&, unsigned long, long, at::CUDAGeneratorImpl*)::{lambda()#1}::operator()() const::{lambda()#1}::operator()() const::{lambda(unsigned int)#1})::{lambda(int, unsigned int)#1})",256,0,0,32,0,48,"SQ_INSTS",249683968.000000,462161283027159,462161283367722
2,2,"Agent 2",1,1041369,1041369,524288,58,"void at::native::(anonymous namespace)::distribution_elementwise_grid_stride_kernel<unsigned int, 4, at::native::templates::cuda::random_from_to_kernel<at::CUDAGeneratorImpl*>(at::TensorIteratorBase&, unsigned long, long, at::CUDAGeneratorImpl*)::{lambda()#1}::operator()() const::{lambda()#1}::operator()() const::{lambda(hiprandStatePhilox4_32_10*)#2}, at::native::(anonymous namespace)::distribution_nullary_kernel<unsigned char, unsigned int, HIP_vector_type<unsigned int, 4u>, at::CUDAGeneratorImpl*, at::native::templates::cuda::random_from_to_kernel<at::CUDAGeneratorImpl*>(at::TensorIteratorBase&, unsigned long, long, at::CUDAGeneratorImpl*)::{lambda()#1}::operator()() const::{lambda()#1}::operator()() const::{lambda(hiprandStatePhilox4_32_10*)#2}, at::native::templates::cuda::random_from_to_kernel<at::CUDAGeneratorImpl*>(at::TensorIteratorBase&, unsigned long, long, at::CUDAGeneratorImpl*)::{lambda()#1}::operator()() const::{lambda()#1}::operator()() const::{lambda(unsigned int)#1}>(at::TensorIteratorBase&, at::CUDAGeneratorImpl*, at::native::templates::cuda::random_from_to_kernel<at::CUDAGeneratorImpl*>(at::TensorIteratorBase&, unsigned long, long, at::CUDAGeneratorImpl*)::{lambda()#1}::operator()() const::{lambda()#1}::operator()() const::{lambda(hiprandStatePhilox4_32_10*)#2} const&, at::native::templates::cuda::random_from_to_kernel<at::CUDAGeneratorImpl*>(at::TensorIteratorBase&, unsigned long, long, at::CUDAGeneratorImpl*)::{lambda()#1}::operator()() const::{lambda()#1}::operator()() const::{lambda(unsigned int)#1})::{lambda(int, unsigned int)#1}>(long, at::PhiloxCudaState, at::native::templates::cuda::random_from_to_kernel<at::CUDAGeneratorImpl*>(at::TensorIteratorBase&, unsigned long, long, at::CUDAGeneratorImpl*)::{lambda()#1}::operator()() const::{lambda()#1}::operator()() const::{lambda(hiprandStatePhilox4_32_10*)#2}, at::native::(anonymous namespace)::distribution_nullary_kernel<unsigned char, unsigned int, HIP_vector_type<unsigned int, 4u>, at::CUDAGeneratorImpl*, at::native::templates::cuda::random_from_to_kernel<at::CUDAGeneratorImpl*>(at::TensorIteratorBase&, unsigned long, long, at::CUDAGeneratorImpl*)::{lambda()#1}::operator()() const::{lambda()#1}::operator()() const::{lambda(hiprandStatePhilox4_32_10*)#2}, at::native::templates::cuda::random_from_to_kernel<at::CUDAGeneratorImpl*>(at::TensorIteratorBase&, unsigned long, long, at::CUDAGeneratorImpl*)::{lambda()#1}::operator()() const::{lambda()#1}::operator()() const::{lambda(unsigned int)#1}>(at::TensorIteratorBase&, at::CUDAGeneratorImpl*, at::native::templates::cuda::random_from_to_kernel<at::CUDAGeneratorImpl*>(at::TensorIteratorBase&, unsigned long, long, at::CUDAGeneratorImpl*)::{lambda()#1}::operator()() const::{lambda()#1}::operator()() const::{lambda(hiprandStatePhilox4_32_10*)#2} const&, at::native::templates::cuda::random_from_to_kernel<at::CUDAGeneratorImpl*>(at::TensorIteratorBase&, unsigned long, long, at::CUDAGeneratorImpl*)::{lambda()#1}::operator()() const::{lambda()#1}::operator()() const::{lambda(unsigned int)#1})::{lambda(int, unsigned int)#1})",256,0,0,32,0,48,"SQ_INSTS_SALU",30466048.000000,462161283027159,462161283367722
2,2,"Agent 2",1,1041369,1041369,524288,58,"void at::native::(anonymous namespace)::distribution_elementwise_grid_stride_kernel<unsigned int, 4, at::native::templates::cuda::random_from_to_kernel<at::CUDAGeneratorImpl*>(at::TensorIteratorBase&, unsigned long, long, at::CUDAGeneratorImpl*)::{lambda()#1}::operator()() const::{lambda()#1}::operator()() const::{lambda(hiprandStatePhilox4_32_10*)#2}, at::native::(anonymous namespace)::distribution_nullary_kernel<unsigned char, unsigned int, HIP_vector_type<unsigned int, 4u>, at::CUDAGeneratorImpl*, at::native::templates::cuda::random_from_to_kernel<at::CUDAGeneratorImpl*>(at::TensorIteratorBase&, unsigned long, long, at::CUDAGeneratorImpl*)::{lambda()#1}::operator()() const::{lambda()#1}::operator()() const::{lambda(hiprandStatePhilox4_32_10*)#2}, at::native::templates::cuda::random_from_to_kernel<at::CUDAGeneratorImpl*>(at::TensorIteratorBase&, unsigned long, long, at::CUDAGeneratorImpl*)::{lambda()#1}::operator()() const::{lambda()#1}::operator()() const::{lambda(unsigned int)#1}>(at::TensorIteratorBase&, at::CUDAGeneratorImpl*, at::native::templates::cuda::random_from_to_kernel<at::CUDAGeneratorImpl*>(at::TensorIteratorBase&, unsigned long, long, at::CUDAGeneratorImpl*)::{lambda()#1}::operator()() const::{lambda()#1}::operator()() const::{lambda(hiprandStatePhilox4_32_10*)#2} const&, at::native::templates::cuda::random_from_to_kernel<at::CUDAGeneratorImpl*>(at::TensorIteratorBase&, unsigned long, long, at::CUDAGeneratorImpl*)::{lambda()#1}::operator()() const::{lambda()#1}::operator()() const::{lambda(unsigned int)#1})::{lambda(int, unsigned int)#1}>(long, at::PhiloxCudaState, at::native::templates::cuda::random_from_to_kernel<at::CUDAGeneratorImpl*>(at::TensorIteratorBase&, unsigned long, long, at::CUDAGeneratorImpl*)::{lambda()#1}::operator()() const::{lambda()#1}::operator()() const::{lambda(hiprandStatePhilox4_32_10*)#2}, at::native::(anonymous namespace)::distribution_nullary_kernel<unsigned char, unsigned int, HIP_vector_type<unsigned int, 4u>, at::CUDAGeneratorImpl*, at::native::templates::cuda::random_from_to_kernel<at::CUDAGeneratorImpl*>(at::TensorIteratorBase&, unsigned long, long, at::CUDAGeneratorImpl*)::{lambda()#1}::operator()() const::{lambda()#1}::operator()() const::{lambda(hiprandStatePhilox4_32_10*)#2}, at::native::templates::cuda::random_from_to_kernel<at::CUDAGeneratorImpl*>(at::TensorIteratorBase&, unsigned long, long, at::CUDAGeneratorImpl*)::{lambda()#1}::operator()() const::{lambda()#1}::operator()() const::{lambda(unsigned int)#1}>(at::TensorIteratorBase&, at::CUDAGeneratorImpl*, at::native::templates::cuda::random_from_to_kernel<at::CUDAGeneratorImpl*>(at::TensorIteratorBase&, unsigned long, long, at::CUDAGeneratorImpl*)::{lambda()#1}::operator()() const::{lambda()#1}::operator()() const::{lambda(hiprandStatePhilox4_32_10*)#2} const&, at::native::templates::cuda::random_from_to_kernel<at::CUDAGeneratorImpl*>(at::TensorIteratorBase&, unsigned long, long, at::CUDAGeneratorImpl*)::{lambda()#1}::operator()() const::{lambda()#1}::operator()() const::{lambda(unsigned int)#1})::{lambda(int, unsigned int)#1})",256,0,0,32,0,48,"SQ_INSTS_SMEM",65536.000000,462161283027159,462161283367722
2,2,"Agent 2",1,1041369,1041369,524288,58,"void at::native::(anonymous namespace)::distribution_elementwise_grid_stride_kernel<unsigned int, 4, at::native::templates::cuda::random_from_to_kernel<at::CUDAGeneratorImpl*>(at::TensorIteratorBase&, unsigned long, long, at::CUDAGeneratorImpl*)::{lambda()#1}::operator()() const::{lambda()#1}::operator()() const::{lambda(hiprandStatePhilox4_32_10*)#2}, at::native::(anonymous namespace)::distribution_nullary_kernel<unsigned char, unsigned int, HIP_vector_type<unsigned int, 4u>, at::CUDAGeneratorImpl*, at::native::templates::cuda::random_from_to_kernel<at::CUDAGeneratorImpl*>(at::TensorIteratorBase&, unsigned long, long, at::CUDAGeneratorImpl*)::{lambda()#1}::operator()() const::{lambda()#1}::operator()() const::{lambda(hiprandStatePhilox4_32_10*)#2}, at::native::templates::cuda::random_from_to_kernel<at::CUDAGeneratorImpl*>(at::TensorIteratorBase&, unsigned long, long, at::CUDAGeneratorImpl*)::{lambda()#1}::operator()() const::{lambda()#1}::operator()() const::{lambda(unsigned int)#1}>(at::TensorIteratorBase&, at::CUDAGeneratorImpl*, at::native::templates::cuda::random_from_to_kernel<at::CUDAGeneratorImpl*>(at::TensorIteratorBase&, unsigned long, long, at::CUDAGeneratorImpl*)::{lambda()#1}::operator()() const::{lambda()#1}::operator()() const::{lambda(hiprandStatePhilox4_32_10*)#2} const&, at::native::templates::cuda::random_from_to_kernel<at::CUDAGeneratorImpl*>(at::TensorIteratorBase&, unsigned long, long, at::CUDAGeneratorImpl*)::{lambda()#1}::operator()() const::{lambda()#1}::operator()() const::{lambda(unsigned int)#1})::{lambda(int, unsigned int)#1}>(long, at::PhiloxCudaState, at::native::templates::cuda::random_from_to_kernel<at::CUDAGeneratorImpl*>(at::TensorIteratorBase&, unsigned long, long, at::CUDAGeneratorImpl*)::{lambda()#1}::operator()() const::{lambda()#1}::operator()() const::{lambda(hiprandStatePhilox4_32_10*)#2}, at::native::(anonymous namespace)::distribution_nullary_kernel<unsigned char, unsigned int, HIP_vector_type<unsigned int, 4u>, at::CUDAGeneratorImpl*, at::native::templates::cuda::random_from_to_kernel<at::CUDAGeneratorImpl*>(at::TensorIteratorBase&, unsigned long, long, at::CUDAGeneratorImpl*)::{lambda()#1}::operator()() const::{lambda()#1}::operator()() const::{lambda(hiprandStatePhilox4_32_10*)#2}, at::native::templates::cuda::random_from_to_kernel<at::CUDAGeneratorImpl*>(at::TensorIteratorBase&, unsigned long, long, at::CUDAGeneratorImpl*)::{lambda()#1}::operator()() const::{lambda()#1}::operator()() const::{lambda(unsigned int)#1}>(at::TensorIteratorBase&, at::CUDAGeneratorImpl*, at::native::templates::cuda::random_from_to_kernel<at::CUDAGeneratorImpl*>(at::TensorIteratorBase&, unsigned long, long, at::CUDAGeneratorImpl*)::{lambda()#1}::operator()() const::{lambda()#1}::operator()() const::{lambda(hiprandStatePhilox4_32_10*)#2} const&, at::native::templates::cuda::random_from_to_kernel<at::CUDAGeneratorImpl*>(at::TensorIteratorBase&, unsigned long, long, at::CUDAGeneratorImpl*)::{lambda()#1}::operator()() const::{lambda()#1}::operator()() const::{lambda(unsigned int)#1})::{lambda(int, unsigned int)#1})",256,0,0,32,0,48,"SQ_INSTS_VALU",186105856.000000,462161283027159,462161283367722
2,2,"Agent 2",1,1041369,1041369,524288,58,"void at::native::(anonymous namespace)::distribution_elementwise_grid_stride_kernel<unsigned int, 4, at::native::templates::cuda::random_from_to_kernel<at::CUDAGeneratorImpl*>(at::TensorIteratorBase&, unsigned long, long, at::CUDAGeneratorImpl*)::{lambda()#1}::operator()() const::{lambda()#1}::operator()() const::{lambda(hiprandStatePhilox4_32_10*)#2}, at::native::(anonymous namespace)::distribution_nullary_kernel<unsigned char, unsigned int, HIP_vector_type<unsigned int, 4u>, at::CUDAGeneratorImpl*, at::native::templates::cuda::random_from_to_kernel<at::CUDAGeneratorImpl*>(at::TensorIteratorBase&, unsigned long, long, at::CUDAGeneratorImpl*)::{lambda()#1}::operator()() const::{lambda()#1}::operator()() const::{lambda(hiprandStatePhilox4_32_10*)#2}, at::native::templates::cuda::random_from_to_kernel<at::CUDAGeneratorImpl*>(at::TensorIteratorBase&, unsigned long, long, at::CUDAGeneratorImpl*)::{lambda()#1}::operator()() const::{lambda()#1}::operator()() const::{lambda(unsigned int)#1}>(at::TensorIteratorBase&, at::CUDAGeneratorImpl*, at::native::templates::cuda::random_from_to_kernel<at::CUDAGeneratorImpl*>(at::TensorIteratorBase&, unsigned long, long, at::CUDAGeneratorImpl*)::{lambda()#1}::operator()() const::{lambda()#1}::operator()() const::{lambda(hiprandStatePhilox4_32_10*)#2} const&, at::native::templates::cuda::random_from_to_kernel<at::CUDAGeneratorImpl*>(at::TensorIteratorBase&, unsigned long, long, at::CUDAGeneratorImpl*)::{lambda()#1}::operator()() const::{lambda()#1}::operator()() const::{lambda(unsigned int)#1})::{lambda(int, unsigned int)#1}>(long, at::PhiloxCudaState, at::native::templates::cuda::random_from_to_kernel<at::CUDAGeneratorImpl*>(at::TensorIteratorBase&, unsigned long, long, at::CUDAGeneratorImpl*)::{lambda()#1}::operator()() const::{lambda()#1}::operator()() const::{lambda(hiprandStatePhilox4_32_10*)#2}, at::native::(anonymous namespace)::distribution_nullary_kernel<unsigned char, unsigned int, HIP_vector_type<unsigned int, 4u>, at::CUDAGeneratorImpl*, at::native::templates::cuda::random_from_to_kernel<at::CUDAGeneratorImpl*>(at::TensorIteratorBase&, unsigned long, long, at::CUDAGeneratorImpl*)::{lambda()#1}::operator()() const::{lambda()#1}::operator()() const::{lambda(hiprandStatePhilox4_32_10*)#2}, at::native::templates::cuda::random_from_to_kernel<at::CUDAGeneratorImpl*>(at::TensorIteratorBase&, unsigned long, long, at::CUDAGeneratorImpl*)::{lambda()#1}::operator()() const::{lambda()#1}::operator()() const::{lambda(unsigned int)#1}>(at::TensorIteratorBase&, at::CUDAGeneratorImpl*, at::native::templates::cuda::random_from_to_kernel<at::CUDAGeneratorImpl*>(at::TensorIteratorBase&, unsigned long, long, at::CUDAGeneratorImpl*)::{lambda()#1}::operator()() const::{lambda()#1}::operator()() const::{lambda(hiprandStatePhilox4_32_10*)#2} const&, at::native::templates::cuda::random_from_to_kernel<at::CUDAGeneratorImpl*>(at::TensorIteratorBase&, unsigned long, long, at::CUDAGeneratorImpl*)::{lambda()#1}::operator()() const::{lambda()#1}::operator()() const::{lambda(unsigned int)#1})::{lambda(int, unsigned int)#1})",256,0,0,32,0,48,"SQ_INSTS_VMEM",4104192.000000,462161283027159,462161283367722
3,3,"Agent 2",1,1041369,1041369,16416768,224,"void at::native::vectorized_elementwise_kernel<16, at::native::BUnaryFunctor<unsigned char, unsigned char, unsigned char, at::native::lshift_kernel_cuda(at::TensorIteratorBase&)::{lambda()#1}::operator()() const::{lambda()#1}::operator()() const::{lambda(unsigned char, unsigned char)#1}>, std::array<char*, 2ul> >(int, at::native::BUnaryFunctor<unsigned char, unsigned char, unsigned char, at::native::lshift_kernel_cuda(at::TensorIteratorBase&)::{lambda()#1}::operator()() const::{lambda()#1}::operator()() const::{lambda(unsigned char, unsigned char)#1}>, std::array<char*, 2ul>)",256,0,0,12,0,32,"SQ_INSTS",21547008.000000,462161310988367,462161311076887
3,3,"Agent 2",1,1041369,1041369,16416768,224,"void at::native::vectorized_elementwise_kernel<16, at::native::BUnaryFunctor<unsigned char, unsigned char, unsigned char, at::native::lshift_kernel_cuda(at::TensorIteratorBase&)::{lambda()#1}::operator()() const::{lambda()#1}::operator()() const::{lambda(unsigned char, unsigned char)#1}>, std::array<char*, 2ul> >(int, at::native::BUnaryFunctor<unsigned char, unsigned char, unsigned char, at::native::lshift_kernel_cuda(at::TensorIteratorBase&)::{lambda()#1}::operator()() const::{lambda()#1}::operator()() const::{lambda(unsigned char, unsigned char)#1}>, std::array<char*, 2ul>)",256,0,0,12,0,32,"SQ_INSTS_SALU",3334656.000000,462161310988367,462161311076887
3,3,"Agent 2",1,1041369,1041369,16416768,224,"void at::native::vectorized_elementwise_kernel<16, at::native::BUnaryFunctor<unsigned char, unsigned char, unsigned char, at::native::lshift_kernel_cuda(at::TensorIteratorBase&)::{lambda()#1}::operator()() const::{lambda()#1}::operator()() const::{lambda(unsigned char, unsigned char)#1}>, std::array<char*, 2ul> >(int, at::native::BUnaryFunctor<unsigned char, unsigned char, unsigned char, at::native::lshift_kernel_cuda(at::TensorIteratorBase&)::{lambda()#1}::operator()() const::{lambda()#1}::operator()() const::{lambda(unsigned char, unsigned char)#1}>, std::array<char*, 2ul>)",256,0,0,12,0,32,"SQ_INSTS_SMEM",513024.000000,462161310988367,462161311076887
3,3,"Agent 2",1,1041369,1041369,16416768,224,"void at::native::vectorized_elementwise_kernel<16, at::native::BUnaryFunctor<unsigned char, unsigned char, unsigned char, at::native::lshift_kernel_cuda(at::TensorIteratorBase&)::{lambda()#1}::operator()() const::{lambda()#1}::operator()() const::{lambda(unsigned char, unsigned char)#1}>, std::array<char*, 2ul> >(int, at::native::BUnaryFunctor<unsigned char, unsigned char, unsigned char, at::native::lshift_kernel_cuda(at::TensorIteratorBase&)::{lambda()#1}::operator()() const::{lambda()#1}::operator()() const::{lambda(unsigned char, unsigned char)#1}>, std::array<char*, 2ul>)",256,0,0,12,0,32,"SQ_INSTS_VALU",15390720.000000,462161310988367,462161311076887
3,3,"Agent 2",1,1041369,1041369,16416768,224,"void at::native::vectorized_elementwise_kernel<16, at::native::BUnaryFunctor<unsigned char, unsigned char, unsigned char, at::native::lshift_kernel_cuda(at::TensorIteratorBase&)::{lambda()#1}::operator()() const::{lambda()#1}::operator()() const::{lambda(unsigned char, unsigned char)#1}>, std::array<char*, 2ul> >(int, at::native::BUnaryFunctor<unsigned char, unsigned char, unsigned char, at::native::lshift_kernel_cuda(at::TensorIteratorBase&)::{lambda()#1}::operator()() const::{lambda()#1}::operator()() const::{lambda(unsigned char, unsigned char)#1}>, std::array<char*, 2ul>)",256,0,0,12,0,32,"SQ_INSTS_VMEM",769536.000000,462161310988367,462161311076887
4,4,"Agent 2",1,1041369,1041369,16416768,398,"void at::native::vectorized_elementwise_kernel<16, at::native::BinaryFunctor<unsigned char, unsigned char, unsigned char, at::native::BitwiseOrFunctor<unsigned char> >, std::array<char*, 3ul> >(int, at::native::BinaryFunctor<unsigned char, unsigned char, unsigned char, at::native::BitwiseOrFunctor<unsigned char> >, std::array<char*, 3ul>)",256,0,0,20,0,32,"SQ_INSTS",7438848.000000,462161338770053,462161338908894
4,4,"Agent 2",1,1041369,1041369,16416768,398,"void at::native::vectorized_elementwise_kernel<16, at::native::BinaryFunctor<unsigned char, unsigned char, unsigned char, at::native::BitwiseOrFunctor<unsigned char> >, std::array<char*, 3ul> >(int, at::native::BinaryFunctor<unsigned char, unsigned char, unsigned char, at::native::BitwiseOrFunctor<unsigned char> >, std::array<char*, 3ul>)",256,0,0,20,0,32,"SQ_INSTS_SALU",3334656.000000,462161338770053,462161338908894
4,4,"Agent 2",1,1041369,1041369,16416768,398,"void at::native::vectorized_elementwise_kernel<16, at::native::BinaryFunctor<unsigned char, unsigned char, unsigned char, at::native::BitwiseOrFunctor<unsigned char> >, std::array<char*, 3ul> >(int, at::native::BinaryFunctor<unsigned char, unsigned char, unsigned char, at::native::BitwiseOrFunctor<unsigned char> >, std::array<char*, 3ul>)",256,0,0,20,0,32,"SQ_INSTS_SMEM",769536.000000,462161338770053,462161338908894
4,4,"Agent 2",1,1041369,1041369,16416768,398,"void at::native::vectorized_elementwise_kernel<16, at::native::BinaryFunctor<unsigned char, unsigned char, unsigned char, at::native::BitwiseOrFunctor<unsigned char> >, std::array<char*, 3ul> >(int, at::native::BinaryFunctor<unsigned char, unsigned char, unsigned char, at::native::BitwiseOrFunctor<unsigned char> >, std::array<char*, 3ul>)",256,0,0,20,0,32,"SQ_INSTS_VALU",1282560.000000,462161338770053,462161338908894
4,4,"Agent 2",1,1041369,1041369,16416768,398,"void at::native::vectorized_elementwise_kernel<16, at::native::BinaryFunctor<unsigned char, unsigned char, unsigned char, at::native::BitwiseOrFunctor<unsigned char> >, std::array<char*, 3ul> >(int, at::native::BinaryFunctor<unsigned char, unsigned char, unsigned char, at::native::BitwiseOrFunctor<unsigned char> >, std::array<char*, 3ul>)",256,0,0,20,0,32,"SQ_INSTS_VMEM",769536.000000,462161338770053,462161338908894
5,5,"Agent 2",1,1041369,1041369,524288,58,"void at::native::(anonymous namespace)::distribution_elementwise_grid_stride_kernel<unsigned int, 4, at::native::templates::cuda::random_from_to_kernel<at::CUDAGeneratorImpl*>(at::TensorIteratorBase&, unsigned long, long, at::CUDAGeneratorImpl*)::{lambda()#1}::operator()() const::{lambda()#1}::operator()() const::{lambda(hiprandStatePhilox4_32_10*)#2}, at::native::(anonymous namespace)::distribution_nullary_kernel<unsigned char, unsigned int, HIP_vector_type<unsigned int, 4u>, at::CUDAGeneratorImpl*, at::native::templates::cuda::random_from_to_kernel<at::CUDAGeneratorImpl*>(at::TensorIteratorBase&, unsigned long, long, at::CUDAGeneratorImpl*)::{lambda()#1}::operator()() const::{lambda()#1}::operator()() const::{lambda(hiprandStatePhilox4_32_10*)#2}, at::native::templates::cuda::random_from_to_kernel<at::CUDAGeneratorImpl*>(at::TensorIteratorBase&, unsigned long, long, at::CUDAGeneratorImpl*)::{lambda()#1}::operator()() const::{lambda()#1}::operator()() const::{lambda(unsigned int)#1}>(at::TensorIteratorBase&, at::CUDAGeneratorImpl*, at::native::templates::cuda::random_from_to_kernel<at::CUDAGeneratorImpl*>(at::TensorIteratorBase&, unsigned long, long, at::CUDAGeneratorImpl*)::{lambda()#1}::operator()() const::{lambda()#1}::operator()() const::{lambda(hiprandStatePhilox4_32_10*)#2} const&, at::native::templates::cuda::random_from_to_kernel<at::CUDAGeneratorImpl*>(at::TensorIteratorBase&, unsigned long, long, at::CUDAGeneratorImpl*)::{lambda()#1}::operator()() const::{lambda()#1}::operator()() const::{lambda(unsigned int)#1})::{lambda(int, unsigned int)#1}>(long, at::PhiloxCudaState, at::native::templates::cuda::random_from_to_kernel<at::CUDAGeneratorImpl*>(at::TensorIteratorBase&, unsigned long, long, at::CUDAGeneratorImpl*)::{lambda()#1}::operator()() const::{lambda()#1}::operator()() const::{lambda(hiprandStatePhilox4_32_10*)#2}, at::native::(anonymous namespace)::distribution_nullary_kernel<unsigned char, unsigned int, HIP_vector_type<unsigned int, 4u>, at::CUDAGeneratorImpl*, at::native::templates::cuda::random_from_to_kernel<at::CUDAGeneratorImpl*>(at::TensorIteratorBase&, unsigned long, long, at::CUDAGeneratorImpl*)::{lambda()#1}::operator()() const::{lambda()#1}::operator()() const::{lambda(hiprandStatePhilox4_32_10*)#2}, at::native::templates::cuda::random_from_to_kernel<at::CUDAGeneratorImpl*>(at::TensorIteratorBase&, unsigned long, long, at::CUDAGeneratorImpl*)::{lambda()#1}::operator()() const::{lambda()#1}::operator()() const::{lambda(unsigned int)#1}>(at::TensorIteratorBase&, at::CUDAGeneratorImpl*, at::native::templates::cuda::random_from_to_kernel<at::CUDAGeneratorImpl*>(at::TensorIteratorBase&, unsigned long, long, at::CUDAGeneratorImpl*)::{lambda()#1}::operator()() const::{lambda()#1}::operator()() const::{lambda(hiprandStatePhilox4_32_10*)#2} const&, at::native::templates::cuda::random_from_to_kernel<at::CUDAGeneratorImpl*>(at::TensorIteratorBase&, unsigned long, long, at::CUDAGeneratorImpl*)::{lambda()#1}::operator()() const::{lambda()#1}::operator()() const::{lambda(unsigned int)#1})::{lambda(int, unsigned int)#1})",256,0,0,32,0,48,"SQ_INSTS",1979891712.000000,462161339024975,462161341757681
5,5,"Agent 2",1,1041369,1041369,524288,58,"void at::native::(anonymous namespace)::distribution_elementwise_grid_stride_kernel<unsigned int, 4, at::native::templates::cuda::random_from_to_kernel<at::CUDAGeneratorImpl*>(at::TensorIteratorBase&, unsigned long, long, at::CUDAGeneratorImpl*)::{lambda()#1}::operator()() const::{lambda()#1}::operator()() const::{lambda(hiprandStatePhilox4_32_10*)#2}, at::native::(anonymous namespace)::distribution_nullary_kernel<unsigned char, unsigned int, HIP_vector_type<unsigned int, 4u>, at::CUDAGeneratorImpl*, at::native::templates::cuda::random_from_to_kernel<at::CUDAGeneratorImpl*>(at::TensorIteratorBase&, unsigned long, long, at::CUDAGeneratorImpl*)::{lambda()#1}::operator()() const::{lambda()#1}::operator()() const::{lambda(hiprandStatePhilox4_32_10*)#2}, at::native::templates::cuda::random_from_to_kernel<at::CUDAGeneratorImpl*>(at::TensorIteratorBase&, unsigned long, long, at::CUDAGeneratorImpl*)::{lambda()#1}::operator()() const::{lambda()#1}::operator()() const::{lambda(unsigned int)#1}>(at::TensorIteratorBase&, at::CUDAGeneratorImpl*, at::native::templates::cuda::random_from_to_kernel<at::CUDAGeneratorImpl*>(at::TensorIteratorBase&, unsigned long, long, at::CUDAGeneratorImpl*)::{lambda()#1}::operator()() const::{lambda()#1}::operator()() const::{lambda(hiprandStatePhilox4_32_10*)#2} const&, at::native::templates::cuda::random_from_to_kernel<at::CUDAGeneratorImpl*>(at::TensorIteratorBase&, unsigned long, long, at::CUDAGeneratorImpl*)::{lambda()#1}::operator()() const::{lambda()#1}::operator()() const::{lambda(unsigned int)#1})::{lambda(int, unsigned int)#1}>(long, at::PhiloxCudaState, at::native::templates::cuda::random_from_to_kernel<at::CUDAGeneratorImpl*>(at::TensorIteratorBase&, unsigned long, long, at::CUDAGeneratorImpl*)::{lambda()#1}::operator()() const::{lambda()#1}::operator()() const::{lambda(hiprandStatePhilox4_32_10*)#2}, at::native::(anonymous namespace)::distribution_nullary_kernel<unsigned char, unsigned int, HIP_vector_type<unsigned int, 4u>, at::CUDAGeneratorImpl*, at::native::templates::cuda::random_from_to_kernel<at::CUDAGeneratorImpl*>(at::TensorIteratorBase&, unsigned long, long, at::CUDAGeneratorImpl*)::{lambda()#1}::operator()() const::{lambda()#1}::operator()() const::{lambda(hiprandStatePhilox4_32_10*)#2}, at::native::templates::cuda::random_from_to_kernel<at::CUDAGeneratorImpl*>(at::TensorIteratorBase&, unsigned long, long, at::CUDAGeneratorImpl*)::{lambda()#1}::operator()() const::{lambda()#1}::operator()() const::{lambda(unsigned int)#1}>(at::TensorIteratorBase&, at::CUDAGeneratorImpl*, at::native::templates::cuda::random_from_to_kernel<at::CUDAGeneratorImpl*>(at::TensorIteratorBase&, unsigned long, long, at::CUDAGeneratorImpl*)::{lambda()#1}::operator()() const::{lambda()#1}::operator()() const::{lambda(hiprandStatePhilox4_32_10*)#2} const&, at::native::templates::cuda::random_from_to_kernel<at::CUDAGeneratorImpl*>(at::TensorIteratorBase&, unsigned long, long, at::CUDAGeneratorImpl*)::{lambda()#1}::operator()() const::{lambda()#1}::operator()() const::{lambda(unsigned int)#1})::{lambda(int, unsigned int)#1})",256,0,0,32,0,48,"SQ_INSTS_SALU",238649344.000000,462161339024975,462161341757681
5,5,"Agent 2",1,1041369,1041369,524288,58,"void at::native::(anonymous namespace)::distribution_elementwise_grid_stride_kernel<unsigned int, 4, at::native::templates::cuda::random_from_to_kernel<at::CUDAGeneratorImpl*>(at::TensorIteratorBase&, unsigned long, long, at::CUDAGeneratorImpl*)::{lambda()#1}::operator()() const::{lambda()#1}::operator()() const::{lambda(hiprandStatePhilox4_32_10*)#2}, at::native::(anonymous namespace)::distribution_nullary_kernel<unsigned char, unsigned int, HIP_vector_type<unsigned int, 4u>, at::CUDAGeneratorImpl*, at::native::templates::cuda::random_from_to_kernel<at::CUDAGeneratorImpl*>(at::TensorIteratorBase&, unsigned long, long, at::CUDAGeneratorImpl*)::{lambda()#1}::operator()() const::{lambda()#1}::operator()() const::{lambda(hiprandStatePhilox4_32_10*)#2}, at::native::templates::cuda::random_from_to_kernel<at::CUDAGeneratorImpl*>(at::TensorIteratorBase&, unsigned long, long, at::CUDAGeneratorImpl*)::{lambda()#1}::operator()() const::{lambda()#1}::operator()() const::{lambda(unsigned int)#1}>(at::TensorIteratorBase&, at::CUDAGeneratorImpl*, at::native::templates::cuda::random_from_to_kernel<at::CUDAGeneratorImpl*>(at::TensorIteratorBase&, unsigned long, long, at::CUDAGeneratorImpl*)::{lambda()#1}::operator()() const::{lambda()#1}::operator()() const::{lambda(hiprandStatePhilox4_32_10*)#2} const&, at::native::templates::cuda::random_from_to_kernel<at::CUDAGeneratorImpl*>(at::TensorIteratorBase&, unsigned long, long, at::CUDAGeneratorImpl*)::{lambda()#1}::operator()() const::{lambda()#1}::operator()() const::{lambda(unsigned int)#1})::{lambda(int, unsigned int)#1}>(long, at::PhiloxCudaState, at::native::templates::cuda::random_from_to_kernel<at::CUDAGeneratorImpl*>(at::TensorIteratorBase&, unsigned long, long, at::CUDAGeneratorImpl*)::{lambda()#1}::operator()() const::{lambda()#1}::operator()() const::{lambda(hiprandStatePhilox4_32_10*)#2}, at::native::(anonymous namespace)::distribution_nullary_kernel<unsigned char, unsigned int, HIP_vector_type<unsigned int, 4u>, at::CUDAGeneratorImpl*, at::native::templates::cuda::random_from_to_kernel<at::CUDAGeneratorImpl*>(at::TensorIteratorBase&, unsigned long, long, at::CUDAGeneratorImpl*)::{lambda()#1}::operator()() const::{lambda()#1}::operator()() const::{lambda(hiprandStatePhilox4_32_10*)#2}, at::native::templates::cuda::random_from_to_kernel<at::CUDAGeneratorImpl*>(at::TensorIteratorBase&, unsigned long, long, at::CUDAGeneratorImpl*)::{lambda()#1}::operator()() const::{lambda()#1}::operator()() const::{lambda(unsigned int)#1}>(at::TensorIteratorBase&, at::CUDAGeneratorImpl*, at::native::templates::cuda::random_from_to_kernel<at::CUDAGeneratorImpl*>(at::TensorIteratorBase&, unsigned long, long, at::CUDAGeneratorImpl*)::{lambda()#1}::operator()() const::{lambda()#1}::operator()() const::{lambda(hiprandStatePhilox4_32_10*)#2} const&, at::native::templates::cuda::random_from_to_kernel<at::CUDAGeneratorImpl*>(at::TensorIteratorBase&, unsigned long, long, at::CUDAGeneratorImpl*)::{lambda()#1}::operator()() const::{lambda()#1}::operator()() const::{lambda(unsigned int)#1})::{lambda(int, unsigned int)#1})",256,0,0,32,0,48,"SQ_INSTS_SMEM",65536.000000,462161339024975,462161341757681
5,5,"Agent 2",1,1041369,1041369,524288,58,"void at::native::(anonymous namespace)::distribution_elementwise_grid_stride_kernel<unsigned int, 4, at::native::templates::cuda::random_from_to_kernel<at::CUDAGeneratorImpl*>(at::TensorIteratorBase&, unsigned long, long, at::CUDAGeneratorImpl*)::{lambda()#1}::operator()() const::{lambda()#1}::operator()() const::{lambda(hiprandStatePhilox4_32_10*)#2}, at::native::(anonymous namespace)::distribution_nullary_kernel<unsigned char, unsigned int, HIP_vector_type<unsigned int, 4u>, at::CUDAGeneratorImpl*, at::native::templates::cuda::random_from_to_kernel<at::CUDAGeneratorImpl*>(at::TensorIteratorBase&, unsigned long, long, at::CUDAGeneratorImpl*)::{lambda()#1}::operator()() const::{lambda()#1}::operator()() const::{lambda(hiprandStatePhilox4_32_10*)#2}, at::native::templates::cuda::random_from_to_kernel<at::CUDAGeneratorImpl*>(at::TensorIteratorBase&, unsigned long, long, at::CUDAGeneratorImpl*)::{lambda()#1}::operator()() const::{lambda()#1}::operator()() const::{lambda(unsigned int)#1}>(at::TensorIteratorBase&, at::CUDAGeneratorImpl*, at::native::templates::cuda::random_from_to_kernel<at::CUDAGeneratorImpl*>(at::TensorIteratorBase&, unsigned long, long, at::CUDAGeneratorImpl*)::{lambda()#1}::operator()() const::{lambda()#1}::operator()() const::{lambda(hiprandStatePhilox4_32_10*)#2} const&, at::native::templates::cuda::random_from_to_kernel<at::CUDAGeneratorImpl*>(at::TensorIteratorBase&, unsigned long, long, at::CUDAGeneratorImpl*)::{lambda()#1}::operator()() const::{lambda()#1}::operator()() const::{lambda(unsigned int)#1})::{lambda(int, unsigned int)#1}>(long, at::PhiloxCudaState, at::native::templates::cuda::random_from_to_kernel<at::CUDAGeneratorImpl*>(at::TensorIteratorBase&, unsigned long, long, at::CUDAGeneratorImpl*)::{lambda()#1}::operator()() const::{lambda()#1}::operator()() const::{lambda(hiprandStatePhilox4_32_10*)#2}, at::native::(anonymous namespace)::distribution_nullary_kernel<unsigned char, unsigned int, HIP_vector_type<unsigned int, 4u>, at::CUDAGeneratorImpl*, at::native::templates::cuda::random_from_to_kernel<at::CUDAGeneratorImpl*>(at::TensorIteratorBase&, unsigned long, long, at::CUDAGeneratorImpl*)::{lambda()#1}::operator()() const::{lambda()#1}::operator()() const::{lambda(hiprandStatePhilox4_32_10*)#2}, at::native::templates::cuda::random_from_to_kernel<at::CUDAGeneratorImpl*>(at::TensorIteratorBase&, unsigned long, long, at::CUDAGeneratorImpl*)::{lambda()#1}::operator()() const::{lambda()#1}::operator()() const::{lambda(unsigned int)#1}>(at::TensorIteratorBase&, at::CUDAGeneratorImpl*, at::native::templates::cuda::random_from_to_kernel<at::CUDAGeneratorImpl*>(at::TensorIteratorBase&, unsigned long, long, at::CUDAGeneratorImpl*)::{lambda()#1}::operator()() const::{lambda()#1}::operator()() const::{lambda(hiprandStatePhilox4_32_10*)#2} const&, at::native::templates::cuda::random_from_to_kernel<at::CUDAGeneratorImpl*>(at::TensorIteratorBase&, unsigned long, long, at::CUDAGeneratorImpl*)::{lambda()#1}::operator()() const::{lambda()#1}::operator()() const::{lambda(unsigned int)#1})::{lambda(int, unsigned int)#1})",256,0,0,32,0,48,"SQ_INSTS_VALU",1478361088.000000,462161339024975,462161341757681
5,5,"Agent 2",1,1041369,1041369,524288,58,"void at::native::(anonymous namespace)::distribution_elementwise_grid_stride_kernel<unsigned int, 4, at::native::templates::cuda::random_from_to_kernel<at::CUDAGeneratorImpl*>(at::TensorIteratorBase&, unsigned long, long, at::CUDAGeneratorImpl*)::{lambda()#1}::operator()() const::{lambda()#1}::operator()() const::{lambda(hiprandStatePhilox4_32_10*)#2}, at::native::(anonymous namespace)::distribution_nullary_kernel<unsigned char, unsigned int, HIP_vector_type<unsigned int, 4u>, at::CUDAGeneratorImpl*, at::native::templates::cuda::random_from_to_kernel<at::CUDAGeneratorImpl*>(at::TensorIteratorBase&, unsigned long, long, at::CUDAGeneratorImpl*)::{lambda()#1}::operator()() const::{lambda()#1}::operator()() const::{lambda(hiprandStatePhilox4_32_10*)#2}, at::native::templates::cuda::random_from_to_kernel<at::CUDAGeneratorImpl*>(at::TensorIteratorBase&, unsigned long, long, at::CUDAGeneratorImpl*)::{lambda()#1}::operator()() const::{lambda()#1}::operator()() const::{lambda(unsigned int)#1}>(at::TensorIteratorBase&, at::CUDAGeneratorImpl*, at::native::templates::cuda::random_from_to_kernel<at::CUDAGeneratorImpl*>(at::TensorIteratorBase&, unsigned long, long, at::CUDAGeneratorImpl*)::{lambda()#1}::operator()() const::{lambda()#1}::operator()() const::{lambda(hiprandStatePhilox4_32_10*)#2} const&, at::native::templates::cuda::random_from_to_kernel<at::CUDAGeneratorImpl*>(at::TensorIteratorBase&, unsigned long, long, at::CUDAGeneratorImpl*)::{lambda()#1}::operator()() const::{lambda()#1}::operator()() const::{lambda(unsigned int)#1})::{lambda(int, unsigned int)#1}>(long, at::PhiloxCudaState, at::native::templates::cuda::random_from_to_kernel<at::CUDAGeneratorImpl*>(at::TensorIteratorBase&, unsigned long, long, at::CUDAGeneratorImpl*)::{lambda()#1}::operator()() const::{lambda()#1}::operator()() const::{lambda(hiprandStatePhilox4_32_10*)#2}, at::native::(anonymous namespace)::distribution_nullary_kernel<unsigned char, unsigned int, HIP_vector_type<unsigned int, 4u>, at::CUDAGeneratorImpl*, at::native::templates::cuda::random_from_to_kernel<at::CUDAGeneratorImpl*>(at::TensorIteratorBase&, unsigned long, long, at::CUDAGeneratorImpl*)::{lambda()#1}::operator()() const::{lambda()#1}::operator()() const::{lambda(hiprandStatePhilox4_32_10*)#2}, at::native::templates::cuda::random_from_to_kernel<at::CUDAGeneratorImpl*>(at::TensorIteratorBase&, unsigned long, long, at::CUDAGeneratorImpl*)::{lambda()#1}::operator()() const::{lambda()#1}::operator()() const::{lambda(unsigned int)#1}>(at::TensorIteratorBase&, at::CUDAGeneratorImpl*, at::native::templates::cuda::random_from_to_kernel<at::CUDAGeneratorImpl*>(at::TensorIteratorBase&, unsigned long, long, at::CUDAGeneratorImpl*)::{lambda()#1}::operator()() const::{lambda()#1}::operator()() const::{lambda(hiprandStatePhilox4_32_10*)#2} const&, at::native::templates::cuda::random_from_to_kernel<at::CUDAGeneratorImpl*>(at::TensorIteratorBase&, unsigned long, long, at::CUDAGeneratorImpl*)::{lambda()#1}::operator()() const::{lambda()#1}::operator()() const::{lambda(unsigned int)#1})::{lambda(int, unsigned int)#1})",256,0,0,32,0,48,"SQ_INSTS_VMEM",32833536.000000,462161339024975,462161341757681
6,6,"Agent 2",1,1041369,1041369,524288,58,"void at::native::(anonymous namespace)::distribution_elementwise_grid_stride_kernel<unsigned int, 4, at::native::templates::cuda::random_from_to_kernel<at::CUDAGeneratorImpl*>(at::TensorIteratorBase&, unsigned long, long, at::CUDAGeneratorImpl*)::{lambda()#1}::operator()() const::{lambda()#1}::operator()() const::{lambda(hiprandStatePhilox4_32_10*)#2}, at::native::(anonymous namespace)::distribution_nullary_kernel<unsigned char, unsigned int, HIP_vector_type<unsigned int, 4u>, at::CUDAGeneratorImpl*, at::native::templates::cuda::random_from_to_kernel<at::CUDAGeneratorImpl*>(at::TensorIteratorBase&, unsigned long, long, at::CUDAGeneratorImpl*)::{lambda()#1}::operator()() const::{lambda()#1}::operator()() const::{lambda(hiprandStatePhilox4_32_10*)#2}, at::native::templates::cuda::random_from_to_kernel<at::CUDAGeneratorImpl*>(at::TensorIteratorBase&, unsigned long, long, at::CUDAGeneratorImpl*)::{lambda()#1}::operator()() const::{lambda()#1}::operator()() const::{lambda(unsigned int)#1}>(at::TensorIteratorBase&, at::CUDAGeneratorImpl*, at::native::templates::cuda::random_from_to_kernel<at::CUDAGeneratorImpl*>(at::TensorIteratorBase&, unsigned long, long, at::CUDAGeneratorImpl*)::{lambda()#1}::operator()() const::{lambda()#1}::operator()() const::{lambda(hiprandStatePhilox4_32_10*)#2} const&, at::native::templates::cuda::random_from_to_kernel<at::CUDAGeneratorImpl*>(at::TensorIteratorBase&, unsigned long, long, at::CUDAGeneratorImpl*)::{lambda()#1}::operator()() const::{lambda()#1}::operator()() const::{lambda(unsigned int)#1})::{lambda(int, unsigned int)#1}>(long, at::PhiloxCudaState, at::native::templates::cuda::random_from_to_kernel<at::CUDAGeneratorImpl*>(at::TensorIteratorBase&, unsigned long, long, at::CUDAGeneratorImpl*)::{lambda()#1}::operator()() const::{lambda()#1}::operator()() const::{lambda(hiprandStatePhilox4_32_10*)#2}, at::native::(anonymous namespace)::distribution_nullary_kernel<unsigned char, unsigned int, HIP_vector_type<unsigned int, 4u>, at::CUDAGeneratorImpl*, at::native::templates::cuda::random_from_to_kernel<at::CUDAGeneratorImpl*>(at::TensorIteratorBase&, unsigned long, long, at::CUDAGeneratorImpl*)::{lambda()#1}::operator()() const::{lambda()#1}::operator()() const::{lambda(hiprandStatePhilox4_32_10*)#2}, at::native::templates::cuda::random_from_to_kernel<at::CUDAGeneratorImpl*>(at::TensorIteratorBase&, unsigned long, long, at::CUDAGeneratorImpl*)::{lambda()#1}::operator()() const::{lambda()#1}::operator()() const::{lambda(unsigned int)#1}>(at::TensorIteratorBase&, at::CUDAGeneratorImpl*, at::native::templates::cuda::random_from_to_kernel<at::CUDAGeneratorImpl*>(at::TensorIteratorBase&, unsigned long, long, at::CUDAGeneratorImpl*)::{lambda()#1}::operator()() const::{lambda()#1}::operator()() const::{lambda(hiprandStatePhilox4_32_10*)#2} const&, at::native::templates::cuda::random_from_to_kernel<at::CUDAGeneratorImpl*>(at::TensorIteratorBase&, unsigned long, long, at::CUDAGeneratorImpl*)::{lambda()#1}::operator()() const::{lambda()#1}::operator()() const::{lambda(unsigned int)#1})::{lambda(int, unsigned int)#1})",256,0,0,32,0,48,"SQ_INSTS",1979891712.000000,462161341847842,462161344530108
6,6,"Agent 2",1,1041369,1041369,524288,58,"void at::native::(anonymous namespace)::distribution_elementwise_grid_stride_kernel<unsigned int, 4, at::native::templates::cuda::random_from_to_kernel<at::CUDAGeneratorImpl*>(at::TensorIteratorBase&, unsigned long, long, at::CUDAGeneratorImpl*)::{lambda()#1}::operator()() const::{lambda()#1}::operator()() const::{lambda(hiprandStatePhilox4_32_10*)#2}, at::native::(anonymous namespace)::distribution_nullary_kernel<unsigned char, unsigned int, HIP_vector_type<unsigned int, 4u>, at::CUDAGeneratorImpl*, at::native::templates::cuda::random_from_to_kernel<at::CUDAGeneratorImpl*>(at::TensorIteratorBase&, unsigned long, long, at::CUDAGeneratorImpl*)::{lambda()#1}::operator()() const::{lambda()#1}::operator()() const::{lambda(hiprandStatePhilox4_32_10*)#2}, at::native::templates::cuda::random_from_to_kernel<at::CUDAGeneratorImpl*>(at::TensorIteratorBase&, unsigned long, long, at::CUDAGeneratorImpl*)::{lambda()#1}::operator()() const::{lambda()#1}::operator()() const::{lambda(unsigned int)#1}>(at::TensorIteratorBase&, at::CUDAGeneratorImpl*, at::native::templates::cuda::random_from_to_kernel<at::CUDAGeneratorImpl*>(at::TensorIteratorBase&, unsigned long, long, at::CUDAGeneratorImpl*)::{lambda()#1}::operator()() const::{lambda()#1}::operator()() const::{lambda(hiprandStatePhilox4_32_10*)#2} const&, at::native::templates::cuda::random_from_to_kernel<at::CUDAGeneratorImpl*>(at::TensorIteratorBase&, unsigned long, long, at::CUDAGeneratorImpl*)::{lambda()#1}::operator()() const::{lambda()#1}::operator()() const::{lambda(unsigned int)#1})::{lambda(int, unsigned int)#1}>(long, at::PhiloxCudaState, at::native::templates::cuda::random_from_to_kernel<at::CUDAGeneratorImpl*>(at::TensorIteratorBase&, unsigned long, long, at::CUDAGeneratorImpl*)::{lambda()#1}::operator()() const::{lambda()#1}::operator()() const::{lambda(hiprandStatePhilox4_32_10*)#2}, at::native::(anonymous namespace)::distribution_nullary_kernel<unsigned char, unsigned int, HIP_vector_type<unsigned int, 4u>, at::CUDAGeneratorImpl*, at::native::templates::cuda::random_from_to_kernel<at::CUDAGeneratorImpl*>(at::TensorIteratorBase&, unsigned long, long, at::CUDAGeneratorImpl*)::{lambda()#1}::operator()() const::{lambda()#1}::operator()() const::{lambda(hiprandStatePhilox4_32_10*)#2}, at::native::templates::cuda::random_from_to_kernel<at::CUDAGeneratorImpl*>(at::TensorIteratorBase&, unsigned long, long, at::CUDAGeneratorImpl*)::{lambda()#1}::operator()() const::{lambda()#1}::operator()() const::{lambda(unsigned int)#1}>(at::TensorIteratorBase&, at::CUDAGeneratorImpl*, at::native::templates::cuda::random_from_to_kernel<at::CUDAGeneratorImpl*>(at::TensorIteratorBase&, unsigned long, long, at::CUDAGeneratorImpl*)::{lambda()#1}::operator()() const::{lambda()#1}::operator()() const::{lambda(hiprandStatePhilox4_32_10*)#2} const&, at::native::templates::cuda::random_from_to_kernel<at::CUDAGeneratorImpl*>(at::TensorIteratorBase&, unsigned long, long, at::CUDAGeneratorImpl*)::{lambda()#1}::operator()() const::{lambda()#1}::operator()() const::{lambda(unsigned int)#1})::{lambda(int, unsigned int)#1})",256,0,0,32,0,48,"SQ_INSTS_SALU",238649344.000000,462161341847842,462161344530108
6,6,"Agent 2",1,1041369,1041369,524288,58,"void at::native::(anonymous namespace)::distribution_elementwise_grid_stride_kernel<unsigned int, 4, at::native::templates::cuda::random_from_to_kernel<at::CUDAGeneratorImpl*>(at::TensorIteratorBase&, unsigned long, long, at::CUDAGeneratorImpl*)::{lambda()#1}::operator()() const::{lambda()#1}::operator()() const::{lambda(hiprandStatePhilox4_32_10*)#2}, at::native::(anonymous namespace)::distribution_nullary_kernel<unsigned char, unsigned int, HIP_vector_type<unsigned int, 4u>, at::CUDAGeneratorImpl*, at::native::templates::cuda::random_from_to_kernel<at::CUDAGeneratorImpl*>(at::TensorIteratorBase&, unsigned long, long, at::CUDAGeneratorImpl*)::{lambda()#1}::operator()() const::{lambda()#1}::operator()() const::{lambda(hiprandStatePhilox4_32_10*)#2}, at::native::templates::cuda::random_from_to_kernel<at::CUDAGeneratorImpl*>(at::TensorIteratorBase&, unsigned long, long, at::CUDAGeneratorImpl*)::{lambda()#1}::operator()() const::{lambda()#1}::operator()() const::{lambda(unsigned int)#1}>(at::TensorIteratorBase&, at::CUDAGeneratorImpl*, at::native::templates::cuda::random_from_to_kernel<at::CUDAGeneratorImpl*>(at::TensorIteratorBase&, unsigned long, long, at::CUDAGeneratorImpl*)::{lambda()#1}::operator()() const::{lambda()#1}::operator()() const::{lambda(hiprandStatePhilox4_32_10*)#2} const&, at::native::templates::cuda::random_from_to_kernel<at::CUDAGeneratorImpl*>(at::TensorIteratorBase&, unsigned long, long, at::CUDAGeneratorImpl*)::{lambda()#1}::operator()() const::{lambda()#1}::operator()() const::{lambda(unsigned int)#1})::{lambda(int, unsigned int)#1}>(long, at::PhiloxCudaState, at::native::templates::cuda::random_from_to_kernel<at::CUDAGeneratorImpl*>(at::TensorIteratorBase&, unsigned long, long, at::CUDAGeneratorImpl*)::{lambda()#1}::operator()() const::{lambda()#1}::operator()() const::{lambda(hiprandStatePhilox4_32_10*)#2}, at::native::(anonymous namespace)::distribution_nullary_kernel<unsigned char, unsigned int, HIP_vector_type<unsigned int, 4u>, at::CUDAGeneratorImpl*, at::native::templates::cuda::random_from_to_kernel<at::CUDAGeneratorImpl*>(at::TensorIteratorBase&, unsigned long, long, at::CUDAGeneratorImpl*)::{lambda()#1}::operator()() const::{lambda()#1}::operator()() const::{lambda(hiprandStatePhilox4_32_10*)#2}, at::native::templates::cuda::random_from_to_kernel<at::CUDAGeneratorImpl*>(at::TensorIteratorBase&, unsigned long, long, at::CUDAGeneratorImpl*)::{lambda()#1}::operator()() const::{lambda()#1}::operator()() const::{lambda(unsigned int)#1}>(at::TensorIteratorBase&, at::CUDAGeneratorImpl*, at::native::templates::cuda::random_from_to_kernel<at::CUDAGeneratorImpl*>(at::TensorIteratorBase&, unsigned long, long, at::CUDAGeneratorImpl*)::{lambda()#1}::operator()() const::{lambda()#1}::operator()() const::{lambda(hiprandStatePhilox4_32_10*)#2} const&, at::native::templates::cuda::random_from_to_kernel<at::CUDAGeneratorImpl*>(at::TensorIteratorBase&, unsigned long, long, at::CUDAGeneratorImpl*)::{lambda()#1}::operator()() const::{lambda()#1}::operator()() const::{lambda(unsigned int)#1})::{lambda(int, unsigned int)#1})",256,0,0,32,0,48,"SQ_INSTS_SMEM",65536.000000,462161341847842,462161344530108
6,6,"Agent 2",1,1041369,1041369,524288,58,"void at::native::(anonymous namespace)::distribution_elementwise_grid_stride_kernel<unsigned int, 4, at::native::templates::cuda::random_from_to_kernel<at::CUDAGeneratorImpl*>(at::TensorIteratorBase&, unsigned long, long, at::CUDAGeneratorImpl*)::{lambda()#1}::operator()() const::{lambda()#1}::operator()() const::{lambda(hiprandStatePhilox4_32_10*)#2}, at::native::(anonymous namespace)::distribution_nullary_kernel<unsigned char, unsigned int, HIP_vector_type<unsigned int, 4u>, at::CUDAGeneratorImpl*, at::native::templates::cuda::random_from_to_kernel<at::CUDAGeneratorImpl*>(at::TensorIteratorBase&, unsigned long, long, at::CUDAGeneratorImpl*)::{lambda()#1}::operator()() const::{lambda()#1}::operator()() const::{lambda(hiprandStatePhilox4_32_10*)#2}, at::native::templates::cuda::random_from_to_kernel<at::CUDAGeneratorImpl*>(at::TensorIteratorBase&, unsigned long, long, at::CUDAGeneratorImpl*)::{lambda()#1}::operator()() const::{lambda()#1}::operator()() const::{lambda(unsigned int)#1}>(at::TensorIteratorBase&, at::CUDAGeneratorImpl*, at::native::templates::cuda::random_from_to_kernel<at::CUDAGeneratorImpl*>(at::TensorIteratorBase&, unsigned long, long, at::CUDAGeneratorImpl*)::{lambda()#1}::operator()() const::{lambda()#1}::operator()() const::{lambda(hiprandStatePhilox4_32_10*)#2} const&, at::native::templates::cuda::random_from_to_kernel<at::CUDAGeneratorImpl*>(at::TensorIteratorBase&, unsigned long, long, at::CUDAGeneratorImpl*)::{lambda()#1}::operator()() const::{lambda()#1}::operator()() const::{lambda(unsigned int)#1})::{lambda(int, unsigned int)#1}>(long, at::PhiloxCudaState, at::native::templates::cuda::random_from_to_kernel<at::CUDAGeneratorImpl*>(at::TensorIteratorBase&, unsigned long, long, at::CUDAGeneratorImpl*)::{lambda()#1}::operator()() const::{lambda()#1}::operator()() const::{lambda(hiprandStatePhilox4_32_10*)#2}, at::native::(anonymous namespace)::distribution_nullary_kernel<unsigned char, unsigned int, HIP_vector_type<unsigned int, 4u>, at::CUDAGeneratorImpl*, at::native::templates::cuda::random_from_to_kernel<at::CUDAGeneratorImpl*>(at::TensorIteratorBase&, unsigned long, long, at::CUDAGeneratorImpl*)::{lambda()#1}::operator()() const::{lambda()#1}::operator()() const::{lambda(hiprandStatePhilox4_32_10*)#2}, at::native::templates::cuda::random_from_to_kernel<at::CUDAGeneratorImpl*>(at::TensorIteratorBase&, unsigned long, long, at::CUDAGeneratorImpl*)::{lambda()#1}::operator()() const::{lambda()#1}::operator()() const::{lambda(unsigned int)#1}>(at::TensorIteratorBase&, at::CUDAGeneratorImpl*, at::native::templates::cuda::random_from_to_kernel<at::CUDAGeneratorImpl*>(at::TensorIteratorBase&, unsigned long, long, at::CUDAGeneratorImpl*)::{lambda()#1}::operator()() const::{lambda()#1}::operator()() const::{lambda(hiprandStatePhilox4_32_10*)#2} const&, at::native::templates::cuda::random_from_to_kernel<at::CUDAGeneratorImpl*>(at::TensorIteratorBase&, unsigned long, long, at::CUDAGeneratorImpl*)::{lambda()#1}::operator()() const::{lambda()#1}::operator()() const::{lambda(unsigned int)#1})::{lambda(int, unsigned int)#1})",256,0,0,32,0,48,"SQ_INSTS_VALU",1478361088.000000,462161341847842,462161344530108
6,6,"Agent 2",1,1041369,1041369,524288,58,"void at::native::(anonymous namespace)::distribution_elementwise_grid_stride_kernel<unsigned int, 4, at::native::templates::cuda::random_from_to_kernel<at::CUDAGeneratorImpl*>(at::TensorIteratorBase&, unsigned long, long, at::CUDAGeneratorImpl*)::{lambda()#1}::operator()() const::{lambda()#1}::operator()() const::{lambda(hiprandStatePhilox4_32_10*)#2}, at::native::(anonymous namespace)::distribution_nullary_kernel<unsigned char, unsigned int, HIP_vector_type<unsigned int, 4u>, at::CUDAGeneratorImpl*, at::native::templates::cuda::random_from_to_kernel<at::CUDAGeneratorImpl*>(at::TensorIteratorBase&, unsigned long, long, at::CUDAGeneratorImpl*)::{lambda()#1}::operator()() const::{lambda()#1}::operator()() const::{lambda(hiprandStatePhilox4_32_10*)#2}, at::native::templates::cuda::random_from_to_kernel<at::CUDAGeneratorImpl*>(at::TensorIteratorBase&, unsigned long, long, at::CUDAGeneratorImpl*)::{lambda()#1}::operator()() const::{lambda()#1}::operator()() const::{lambda(unsigned int)#1}>(at::TensorIteratorBase&, at::CUDAGeneratorImpl*, at::native::templates::cuda::random_from_to_kernel<at::CUDAGeneratorImpl*>(at::TensorIteratorBase&, unsigned long, long, at::CUDAGeneratorImpl*)::{lambda()#1}::operator()() const::{lambda()#1}::operator()() const::{lambda(hiprandStatePhilox4_32_10*)#2} const&, at::native::templates::cuda::random_from_to_kernel<at::CUDAGeneratorImpl*>(at::TensorIteratorBase&, unsigned long, long, at::CUDAGeneratorImpl*)::{lambda()#1}::operator()() const::{lambda()#1}::operator()() const::{lambda(unsigned int)#1})::{lambda(int, unsigned int)#1}>(long, at::PhiloxCudaState, at::native::templates::cuda::random_from_to_kernel<at::CUDAGeneratorImpl*>(at::TensorIteratorBase&, unsigned long, long, at::CUDAGeneratorImpl*)::{lambda()#1}::operator()() const::{lambda()#1}::operator()() const::{lambda(hiprandStatePhilox4_32_10*)#2}, at::native::(anonymous namespace)::distribution_nullary_kernel<unsigned char, unsigned int, HIP_vector_type<unsigned int, 4u>, at::CUDAGeneratorImpl*, at::native::templates::cuda::random_from_to_kernel<at::CUDAGeneratorImpl*>(at::TensorIteratorBase&, unsigned long, long, at::CUDAGeneratorImpl*)::{lambda()#1}::operator()() const::{lambda()#1}::operator()() const::{lambda(hiprandStatePhilox4_32_10*)#2}, at::native::templates::cuda::random_from_to_kernel<at::CUDAGeneratorImpl*>(at::TensorIteratorBase&, unsigned long, long, at::CUDAGeneratorImpl*)::{lambda()#1}::operator()() const::{lambda()#1}::operator()() const::{lambda(unsigned int)#1}>(at::TensorIteratorBase&, at::CUDAGeneratorImpl*, at::native::templates::cuda::random_from_to_kernel<at::CUDAGeneratorImpl*>(at::TensorIteratorBase&, unsigned long, long, at::CUDAGeneratorImpl*)::{lambda()#1}::operator()() const::{lambda()#1}::operator()() const::{lambda(hiprandStatePhilox4_32_10*)#2} const&, at::native::templates::cuda::random_from_to_kernel<at::CUDAGeneratorImpl*>(at::TensorIteratorBase&, unsigned long, long, at::CUDAGeneratorImpl*)::{lambda()#1}::operator()() const::{lambda()#1}::operator()() const::{lambda(unsigned int)#1})::{lambda(int, unsigned int)#1})",256,0,0,32,0,48,"SQ_INSTS_VMEM",32833536.000000,462161341847842,462161344530108
7,7,"Agent 2",1,1041369,1041369,131334144,224,"void at::native::vectorized_elementwise_kernel<16, at::native::BUnaryFunctor<unsigned char, unsigned char, unsigned char, at::native::lshift_kernel_cuda(at::TensorIteratorBase&)::{lambda()#1}::operator()() const::{lambda()#1}::operator()() const::{lambda(unsigned char, unsigned char)#1}>, std::array<char*, 2ul> >(int, at::native::BUnaryFunctor<unsigned char, unsigned char, unsigned char, at::native::lshift_kernel_cuda(at::TensorIteratorBase&)::{lambda()#1}::operator()() const::{lambda()#1}::operator()() const::{lambda(unsigned char, unsigned char)#1}>, std::array<char*, 2ul>)",256,0,0,12,0,32,"SQ_INSTS",172376064.000000,462161344611069,462161345308635
7,7,"Agent 2",1,1041369,1041369,131334144,224,"void at::native::vectorized_elementwise_kernel<16, at::native::BUnaryFunctor<unsigned char, unsigned char, unsigned char, at::native::lshift_kernel_cuda(at::TensorIteratorBase&)::{lambda()#1}::operator()() const::{lambda()#1}::operator()() const::{lambda(unsigned char, unsigned char)#1}>, std::array<char*, 2ul> >(int, at::native::BUnaryFunctor<unsigned char, unsigned char, unsigned char, at::native::lshift_kernel_cuda(at::TensorIteratorBase&)::{lambda()#1}::operator()() const::{lambda()#1}::operator()() const::{lambda(unsigned char, unsigned char)#1}>, std::array<char*, 2ul>)",256,0,0,12,0,32,"SQ_INSTS_SALU",26677248.000000,462161344611069,462161345308635
7,7,"Agent 2",1,1041369,1041369,131334144,224,"void at::native::vectorized_elementwise_kernel<16, at::native::BUnaryFunctor<unsigned char, unsigned char, unsigned char, at::native::lshift_kernel_cuda(at::TensorIteratorBase&)::{lambda()#1}::operator()() const::{lambda()#1}::operator()() const::{lambda(unsigned char, unsigned char)#1}>, std::array<char*, 2ul> >(int, at::native::BUnaryFunctor<unsigned char, unsigned char, unsigned char, at::native::lshift_kernel_cuda(at::TensorIteratorBase&)::{lambda()#1}::operator()() const::{lambda()#1}::operator()() const::{lambda(unsigned char, unsigned char)#1}>, std::array<char*, 2ul>)",256,0,0,12,0,32,"SQ_INSTS_SMEM",4104192.000000,462161344611069,462161345308635
7,7,"Agent 2",1,1041369,1041369,131334144,224,"void at::native::vectorized_elementwise_kernel<16, at::native::BUnaryFunctor<unsigned char, unsigned char, unsigned char, at::native::lshift_kernel_cuda(at::TensorIteratorBase&)::{lambda()#1}::operator()() const::{lambda()#1}::operator()() const::{lambda(unsigned char, unsigned char)#1}>, std::array<char*, 2ul> >(int, at::native::BUnaryFunctor<unsigned char, unsigned char, unsigned char, at::native::lshift_kernel_cuda(at::TensorIteratorBase&)::{lambda()#1}::operator()() const::{lambda()#1}::operator()() const::{lambda(unsigned char, unsigned char)#1}>, std::array<char*, 2ul>)",256,0,0,12,0,32,"SQ_INSTS_VALU",123125760.000000,462161344611069,462161345308635
7,7,"Agent 2",1,1041369,1041369,131334144,224,"void at::native::vectorized_elementwise_kernel<16, at::native::BUnaryFunctor<unsigned char, unsigned char, unsigned char, at::native::lshift_kernel_cuda(at::TensorIteratorBase&)::{lambda()#1}::operator()() const::{lambda()#1}::operator()() const::{lambda(unsigned char, unsigned char)#1}>, std::array<char*, 2ul> >(int, at::native::BUnaryFunctor<unsigned char, unsigned char, unsigned char, at::native::lshift_kernel_cuda(at::TensorIteratorBase&)::{lambda()#1}::operator()() const::{lambda()#1}::operator()() const::{lambda(unsigned char, unsigned char)#1}>, std::array<char*, 2ul>)",256,0,0,12,0,32,"SQ_INSTS_VMEM",6156288.000000,462161344611069,462161345308635
8,8,"Agent 2",1,1041369,1041369,131334144,398,"void at::native::vectorized_elementwise_kernel<16, at::native::BinaryFunctor<unsigned char, unsigned char, unsigned char, at::native::BitwiseOrFunctor<unsigned char> >, std::array<char*, 3ul> >(int, at::native::BinaryFunctor<unsigned char, unsigned char, unsigned char, at::native::BitwiseOrFunctor<unsigned char> >, std::array<char*, 3ul>)",256,0,0,20,0,32,"SQ_INSTS",59510784.000000,462161345367725,462161346444975
8,8,"Agent 2",1,1041369,1041369,131334144,398,"void at::native::vectorized_elementwise_kernel<16, at::native::BinaryFunctor<unsigned char, unsigned char, unsigned char, at::native::BitwiseOrFunctor<unsigned char> >, std::array<char*, 3ul> >(int, at::native::BinaryFunctor<unsigned char, unsigned char, unsigned char, at::native::BitwiseOrFunctor<unsigned char> >, std::array<char*, 3ul>)",256,0,0,20,0,32,"SQ_INSTS_SALU",26677248.000000,462161345367725,462161346444975
8,8,"Agent 2",1,1041369,1041369,131334144,398,"void at::native::vectorized_elementwise_kernel<16, at::native::BinaryFunctor<unsigned char, unsigned char, unsigned char, at::native::BitwiseOrFunctor<unsigned char> >, std::array<char*, 3ul> >(int, at::native::BinaryFunctor<unsigned char, unsigned char, unsigned char, at::native::BitwiseOrFunctor<unsigned char> >, std::array<char*, 3ul>)",256,0,0,20,0,32,"SQ_INSTS_SMEM",6156288.000000,462161345367725,462161346444975
8,8,"Agent 2",1,1041369,1041369,131334144,398,"void at::native::vectorized_elementwise_kernel<16, at::native::BinaryFunctor<unsigned char, unsigned char, unsigned char, at::native::BitwiseOrFunctor<unsigned char> >, std::array<char*, 3ul> >(int, at::native::BinaryFunctor<unsigned char, unsigned char, unsigned char, at::native::BitwiseOrFunctor<unsigned char> >, std::array<char*, 3ul>)",256,0,0,20,0,32,"SQ_INSTS_VALU",10260480.000000,462161345367725,462161346444975
8,8,"Agent 2",1,1041369,1041369,131334144,398,"void at::native::vectorized_elementwise_kernel<16, at::native::BinaryFunctor<unsigned char, unsigned char, unsigned char, at::native::BitwiseOrFunctor<unsigned char> >, std::array<char*, 3ul> >(int, at::native::BinaryFunctor<unsigned char, unsigned char, unsigned char, at::native::BitwiseOrFunctor<unsigned char> >, std::array<char*, 3ul>)",256,0,0,20,0,32,"SQ_INSTS_VMEM",6156288.000000,462161345367725,462161346444975
9,9,"Agent 2",1,1041369,1041369,524288,61,"void at::native::(anonymous namespace)::distribution_elementwise_grid_stride_kernel<unsigned int, 4, at::native::templates::cuda::random_from_to_kernel<at::CUDAGeneratorImpl*>(at::TensorIteratorBase&, unsigned long, long, at::CUDAGeneratorImpl*)::{lambda()#1}::operator()() const::{lambda()#2}::operator()() const::{lambda(hiprandStatePhilox4_32_10*)#2}, at::native::(anonymous namespace)::distribution_nullary_kernel<signed char, unsigned int, HIP_vector_type<unsigned int, 4u>, at::CUDAGeneratorImpl*, at::native::templates::cuda::random_from_to_kernel<at::CUDAGeneratorImpl*>(at::TensorIteratorBase&, unsigned long, long, at::CUDAGeneratorImpl*)::{lambda()#1}::operator()() const::{lambda()#2}::operator()() const::{lambda(hiprandStatePhilox4_32_10*)#2}, at::native::templates::cuda::random_from_to_kernel<at::CUDAGeneratorImpl*>(at::TensorIteratorBase&, unsigned long, long, at::CUDAGeneratorImpl*)::{lambda()#1}::operator()() const::{lambda()#2}::operator()() const::{lambda(unsigned int)#1}>(at::TensorIteratorBase&, at::CUDAGeneratorImpl*, at::native::templates::cuda::random_from_to_kernel<at::CUDAGeneratorImpl*>(at::TensorIteratorBase&, unsigned long, long, at::CUDAGeneratorImpl*)::{lambda()#1}::operator()() const::{lambda()#2}::operator()() const::{lambda(hiprandStatePhilox4_32_10*)#2} const&, at::native::templates::cuda::random_from_to_kernel<at::CUDAGeneratorImpl*>(at::TensorIteratorBase&, unsigned long, long, at::CUDAGeneratorImpl*)::{lambda()#1}::operator()() const::{lambda()#2}::operator()() const::{lambda(unsigned int)#1})::{lambda(int, unsigned int)#1}>(long, at::PhiloxCudaState, at::native::templates::cuda::random_from_to_kernel<at::CUDAGeneratorImpl*>(at::TensorIteratorBase&, unsigned long, long, at::CUDAGeneratorImpl*)::{lambda()#1}::operator()() const::{lambda()#2}::operator()() const::{lambda(hiprandStatePhilox4_32_10*)#2}, at::native::(anonymous namespace)::distribution_nullary_kernel<signed char, unsigned int, HIP_vector_type<unsigned int, 4u>, at::CUDAGeneratorImpl*, at::native::templates::cuda::random_from_to_kernel<at::CUDAGeneratorImpl*>(at::TensorIteratorBase&, unsigned long, long, at::CUDAGeneratorImpl*)::{lambda()#1}::operator()() const::{lambda()#2}::operator()() const::{lambda(hiprandStatePhilox4_32_10*)#2}, at::native::templates::cuda::random_from_to_kernel<at::CUDAGeneratorImpl*>(at::TensorIteratorBase&, unsigned long, long, at::CUDAGeneratorImpl*)::{lambda()#1}::operator()() const::{lambda()#2}::operator()() const::{lambda(unsigned int)#1}>(at::TensorIteratorBase&, at::CUDAGeneratorImpl*, at::native::templates::cuda::random_from_to_kernel<at::CUDAGeneratorImpl*>(at::TensorIteratorBase&, unsigned long, long, at::CUDAGeneratorImpl*)::{lambda()#1}::operator()() const::{lambda()#2}::operator()() const::{lambda(hiprandStatePhilox4_32_10*)#2} const&, at::native::templates::cuda::random_from_to_kernel<at::CUDAGeneratorImpl*>(at::TensorIteratorBase&, unsigned long, long, at::CUDAGeneratorImpl*)::{lambda()#1}::operator()() const::{lambda()#2}::operator()() const::{lambda(unsigned int)#1})::{lambda(int, unsigned int)#1})",256,0,0,32,0,48,"SQ_INSTS",17290752.000000,462161346507335,462161346534695
9,9,"Agent 2",1,1041369,1041369,524288,61,"void at::native::(anonymous namespace)::distribution_elementwise_grid_stride_kernel<unsigned int, 4, at::native::templates::cuda::random_from_to_kernel<at::CUDAGeneratorImpl*>(at::TensorIteratorBase&, unsigned long, long, at::CUDAGeneratorImpl*)::{lambda()#1}::operator()() const::{lambda()#2}::operator()() const::{lambda(hiprandStatePhilox4_32_10*)#2}, at::native::(anonymous namespace)::distribution_nullary_kernel<signed char, unsigned int, HIP_vector_type<unsigned int, 4u>, at::CUDAGeneratorImpl*, at::native::templates::cuda::random_from_to_kernel<at::CUDAGeneratorImpl*>(at::TensorIteratorBase&, unsigned long, long, at::CUDAGeneratorImpl*)::{lambda()#1}::operator()() const::{lambda()#2}::operator()() const::{lambda(hiprandStatePhilox4_32_10*)#2}, at::native::templates::cuda::random_from_to_kernel<at::CUDAGeneratorImpl*>(at::TensorIteratorBase&, unsigned long, long, at::CUDAGeneratorImpl*)::{lambda()#1}::operator()() const::{lambda()#2}::operator()() const::{lambda(unsigned int)#1}>(at::TensorIteratorBase&, at::CUDAGeneratorImpl*, at::native::templates::cuda::random_from_to_kernel<at::CUDAGeneratorImpl*>(at::TensorIteratorBase&, unsigned long, long, at::CUDAGeneratorImpl*)::{lambda()#1}::operator()() const::{lambda()#2}::operator()() const::{lambda(hiprandStatePhilox4_32_10*)#2} const&, at::native::templates::cuda::random_from_to_kernel<at::CUDAGeneratorImpl*>(at::TensorIteratorBase&, unsigned long, long, at::CUDAGeneratorImpl*)::{lambda()#1}::operator()() const::{lambda()#2}::operator()() const::{lambda(unsigned int)#1})::{lambda(int, unsigned int)#1}>(long, at::PhiloxCudaState, at::native::templates::cuda::random_from_to_kernel<at::CUDAGeneratorImpl*>(at::TensorIteratorBase&, unsigned long, long, at::CUDAGeneratorImpl*)::{lambda()#1}::operator()() const::{lambda()#2}::operator()() const::{lambda(hiprandStatePhilox4_32_10*)#2}, at::native::(anonymous namespace)::distribution_nullary_kernel<signed char, unsigned int, HIP_vector_type<unsigned int, 4u>, at::CUDAGeneratorImpl*, at::native::templates::cuda::random_from_to_kernel<at::CUDAGeneratorImpl*>(at::TensorIteratorBase&, unsigned long, long, at::CUDAGeneratorImpl*)::{lambda()#1}::operator()() const::{lambda()#2}::operator()() const::{lambda(hiprandStatePhilox4_32_10*)#2}, at::native::templates::cuda::random_from_to_kernel<at::CUDAGeneratorImpl*>(at::TensorIteratorBase&, unsigned long, long, at::CUDAGeneratorImpl*)::{lambda()#1}::operator()() const::{lambda()#2}::operator()() const::{lambda(unsigned int)#1}>(at::TensorIteratorBase&, at::CUDAGeneratorImpl*, at::native::templates::cuda::random_from_to_kernel<at::CUDAGeneratorImpl*>(at::TensorIteratorBase&, unsigned long, long, at::CUDAGeneratorImpl*)::{lambda()#1}::operator()() const::{lambda()#2}::operator()() const::{lambda(hiprandStatePhilox4_32_10*)#2} const&, at::native::templates::cuda::random_from_to_kernel<at::CUDAGeneratorImpl*>(at::TensorIteratorBase&, unsigned long, long, at::CUDAGeneratorImpl*)::{lambda()#1}::operator()() const::{lambda()#2}::operator()() const::{lambda(unsigned int)#1})::{lambda(int, unsigned int)#1})",256,0,0,32,0,48,"SQ_INSTS_SALU",2489856.000000,462161346507335,462161346534695
9,9,"Agent 2",1,1041369,1041369,524288,61,"void at::native::(anonymous namespace)::distribution_elementwise_grid_stride_kernel<unsigned int, 4, at::native::templates::cuda::random_from_to_kernel<at::CUDAGeneratorImpl*>(at::TensorIteratorBase&, unsigned long, long, at::CUDAGeneratorImpl*)::{lambda()#1}::operator()() const::{lambda()#2}::operator()() const::{lambda(hiprandStatePhilox4_32_10*)#2}, at::native::(anonymous namespace)::distribution_nullary_kernel<signed char, unsigned int, HIP_vector_type<unsigned int, 4u>, at::CUDAGeneratorImpl*, at::native::templates::cuda::random_from_to_kernel<at::CUDAGeneratorImpl*>(at::TensorIteratorBase&, unsigned long, long, at::CUDAGeneratorImpl*)::{lambda()#1}::operator()() const::{lambda()#2}::operator()() const::{lambda(hiprandStatePhilox4_32_10*)#2}, at::native::templates::cuda::random_from_to_kernel<at::CUDAGeneratorImpl*>(at::TensorIteratorBase&, unsigned long, long, at::CUDAGeneratorImpl*)::{lambda()#1}::operator()() const::{lambda()#2}::operator()() const::{lambda(unsigned int)#1}>(at::TensorIteratorBase&, at::CUDAGeneratorImpl*, at::native::templates::cuda::random_from_to_kernel<at::CUDAGeneratorImpl*>(at::TensorIteratorBase&, unsigned long, long, at::CUDAGeneratorImpl*)::{lambda()#1}::operator()() const::{lambda()#2}::operator()() const::{lambda(hiprandStatePhilox4_32_10*)#2} const&, at::native::templates::cuda::random_from_to_kernel<at::CUDAGeneratorImpl*>(at::TensorIteratorBase&, unsigned long, long, at::CUDAGeneratorImpl*)::{lambda()#1}::operator()() const::{lambda()#2}::operator()() const::{lambda(unsigned int)#1})::{lambda(int, unsigned int)#1}>(long, at::PhiloxCudaState, at::native::templates::cuda::random_from_to_kernel<at::CUDAGeneratorImpl*>(at::TensorIteratorBase&, unsigned long, long, at::CUDAGeneratorImpl*)::{lambda()#1}::operator()() const::{lambda()#2}::operator()() const::{lambda(hiprandStatePhilox4_32_10*)#2}, at::native::(anonymous namespace)::distribution_nullary_kernel<signed char, unsigned int, HIP_vector_type<unsigned int, 4u>, at::CUDAGeneratorImpl*, at::native::templates::cuda::random_from_to_kernel<at::CUDAGeneratorImpl*>(at::TensorIteratorBase&, unsigned long, long, at::CUDAGeneratorImpl*)::{lambda()#1}::operator()() const::{lambda()#2}::operator()() const::{lambda(hiprandStatePhilox4_32_10*)#2}, at::native::templates::cuda::random_from_to_kernel<at::CUDAGeneratorImpl*>(at::TensorIteratorBase&, unsigned long, long, at::CUDAGeneratorImpl*)::{lambda()#1}::operator()() const::{lambda()#2}::operator()() const::{lambda(unsigned int)#1}>(at::TensorIteratorBase&, at::CUDAGeneratorImpl*, at::native::templates::cuda::random_from_to_kernel<at::CUDAGeneratorImpl*>(at::TensorIteratorBase&, unsigned long, long, at::CUDAGeneratorImpl*)::{lambda()#1}::operator()() const::{lambda()#2}::operator()() const::{lambda(hiprandStatePhilox4_32_10*)#2} const&, at::native::templates::cuda::random_from_to_kernel<at::CUDAGeneratorImpl*>(at::TensorIteratorBase&, unsigned long, long, at::CUDAGeneratorImpl*)::{lambda()#1}::operator()() const::{lambda()#2}::operator()() const::{lambda(unsigned int)#1})::{lambda(int, unsigned int)#1})",256,0,0,32,0,48,"SQ_INSTS_SMEM",65536.000000,462161346507335,462161346534695
9,9,"Agent 2",1,1041369,1041369,524288,61,"void at::native::(anonymous namespace)::distribution_elementwise_grid_stride_kernel<unsigned int, 4, at::native::templates::cuda::random_from_to_kernel<at::CUDAGeneratorImpl*>(at::TensorIteratorBase&, unsigned long, long, at::CUDAGeneratorImpl*)::{lambda()#1}::operator()() const::{lambda()#2}::operator()() const::{lambda(hiprandStatePhilox4_32_10*)#2}, at::native::(anonymous namespace)::distribution_nullary_kernel<signed char, unsigned int, HIP_vector_type<unsigned int, 4u>, at::CUDAGeneratorImpl*, at::native::templates::cuda::random_from_to_kernel<at::CUDAGeneratorImpl*>(at::TensorIteratorBase&, unsigned long, long, at::CUDAGeneratorImpl*)::{lambda()#1}::operator()() const::{lambda()#2}::operator()() const::{lambda(hiprandStatePhilox4_32_10*)#2}, at::native::templates::cuda::random_from_to_kernel<at::CUDAGeneratorImpl*>(at::TensorIteratorBase&, unsigned long, long, at::CUDAGeneratorImpl*)::{lambda()#1}::operator()() const::{lambda()#2}::operator()() const::{lambda(unsigned int)#1}>(at::TensorIteratorBase&, at::CUDAGeneratorImpl*, at::native::templates::cuda::random_from_to_kernel<at::CUDAGeneratorImpl*>(at::TensorIteratorBase&, unsigned long, long, at::CUDAGeneratorImpl*)::{lambda()#1}::operator()() const::{lambda()#2}::operator()() const::{lambda(hiprandStatePhilox4_32_10*)#2} const&, at::native::templates::cuda::random_from_to_kernel<at::CUDAGeneratorImpl*>(at::TensorIteratorBase&, unsigned long, long, at::CUDAGeneratorImpl*)::{lambda()#1}::operator()() const::{lambda()#2}::operator()() const::{lambda(unsigned int)#1})::{lambda(int, unsigned int)#1}>(long, at::PhiloxCudaState, at::native::templates::cuda::random_from_to_kernel<at::CUDAGeneratorImpl*>(at::TensorIteratorBase&, unsigned long, long, at::CUDAGeneratorImpl*)::{lambda()#1}::operator()() const::{lambda()#2}::operator()() const::{lambda(hiprandStatePhilox4_32_10*)#2}, at::native::(anonymous namespace)::distribution_nullary_kernel<signed char, unsigned int, HIP_vector_type<unsigned int, 4u>, at::CUDAGeneratorImpl*, at::native::templates::cuda::random_from_to_kernel<at::CUDAGeneratorImpl*>(at::TensorIteratorBase&, unsigned long, long, at::CUDAGeneratorImpl*)::{lambda()#1}::operator()() const::{lambda()#2}::operator()() const::{lambda(hiprandStatePhilox4_32_10*)#2}, at::native::templates::cuda::random_from_to_kernel<at::CUDAGeneratorImpl*>(at::TensorIteratorBase&, unsigned long, long, at::CUDAGeneratorImpl*)::{lambda()#1}::operator()() const::{lambda()#2}::operator()() const::{lambda(unsigned int)#1}>(at::TensorIteratorBase&, at::CUDAGeneratorImpl*, at::native::templates::cuda::random_from_to_kernel<at::CUDAGeneratorImpl*>(at::TensorIteratorBase&, unsigned long, long, at::CUDAGeneratorImpl*)::{lambda()#1}::operator()() const::{lambda()#2}::operator()() const::{lambda(hiprandStatePhilox4_32_10*)#2} const&, at::native::templates::cuda::random_from_to_kernel<at::CUDAGeneratorImpl*>(at::TensorIteratorBase&, unsigned long, long, at::CUDAGeneratorImpl*)::{lambda()#1}::operator()() const::{lambda()#2}::operator()() const::{lambda(unsigned int)#1})::{lambda(int, unsigned int)#1})",256,0,0,32,0,48,"SQ_INSTS_VALU",12524544.000000,462161346507335,462161346534695
9,9,"Agent 2",1,1041369,1041369,524288,61,"void at::native::(anonymous namespace)::distribution_elementwise_grid_stride_kernel<unsigned int, 4, at::native::templates::cuda::random_from_to_kernel<at::CUDAGeneratorImpl*>(at::TensorIteratorBase&, unsigned long, long, at::CUDAGeneratorImpl*)::{lambda()#1}::operator()() const::{lambda()#2}::operator()() const::{lambda(hiprandStatePhilox4_32_10*)#2}, at::native::(anonymous namespace)::distribution_nullary_kernel<signed char, unsigned int, HIP_vector_type<unsigned int, 4u>, at::CUDAGeneratorImpl*, at::native::templates::cuda::random_from_to_kernel<at::CUDAGeneratorImpl*>(at::TensorIteratorBase&, unsigned long, long, at::CUDAGeneratorImpl*)::{lambda()#1}::operator()() const::{lambda()#2}::operator()() const::{lambda(hiprandStatePhilox4_32_10*)#2}, at::native::templates::cuda::random_from_to_kernel<at::CUDAGeneratorImpl*>(at::TensorIteratorBase&, unsigned long, long, at::CUDAGeneratorImpl*)::{lambda()#1}::operator()() const::{lambda()#2}::operator()() const::{lambda(unsigned int)#1}>(at::TensorIteratorBase&, at::CUDAGeneratorImpl*, at::native::templates::cuda::random_from_to_kernel<at::CUDAGeneratorImpl*>(at::TensorIteratorBase&, unsigned long, long, at::CUDAGeneratorImpl*)::{lambda()#1}::operator()() const::{lambda()#2}::operator()() const::{lambda(hiprandStatePhilox4_32_10*)#2} const&, at::native::templates::cuda::random_from_to_kernel<at::CUDAGeneratorImpl*>(at::TensorIteratorBase&, unsigned long, long, at::CUDAGeneratorImpl*)::{lambda()#1}::operator()() const::{lambda()#2}::operator()() const::{lambda(unsigned int)#1})::{lambda(int, unsigned int)#1}>(long, at::PhiloxCudaState, at::native::templates::cuda::random_from_to_kernel<at::CUDAGeneratorImpl*>(at::TensorIteratorBase&, unsigned long, long, at::CUDAGeneratorImpl*)::{lambda()#1}::operator()() const::{lambda()#2}::operator()() const::{lambda(hiprandStatePhilox4_32_10*)#2}, at::native::(anonymous namespace)::distribution_nullary_kernel<signed char, unsigned int, HIP_vector_type<unsigned int, 4u>, at::CUDAGeneratorImpl*, at::native::templates::cuda::random_from_to_kernel<at::CUDAGeneratorImpl*>(at::TensorIteratorBase&, unsigned long, long, at::CUDAGeneratorImpl*)::{lambda()#1}::operator()() const::{lambda()#2}::operator()() const::{lambda(hiprandStatePhilox4_32_10*)#2}, at::native::templates::cuda::random_from_to_kernel<at::CUDAGeneratorImpl*>(at::TensorIteratorBase&, unsigned long, long, at::CUDAGeneratorImpl*)::{lambda()#1}::operator()() const::{lambda()#2}::operator()() const::{lambda(unsigned int)#1}>(at::TensorIteratorBase&, at::CUDAGeneratorImpl*, at::native::templates::cuda::random_from_to_kernel<at::CUDAGeneratorImpl*>(at::TensorIteratorBase&, unsigned long, long, at::CUDAGeneratorImpl*)::{lambda()#1}::operator()() const::{lambda()#2}::operator()() const::{lambda(hiprandStatePhilox4_32_10*)#2} const&, at::native::templates::cuda::random_from_to_kernel<at::CUDAGeneratorImpl*>(at::TensorIteratorBase&, unsigned long, long, at::CUDAGeneratorImpl*)::{lambda()#1}::operator()() const::{lambda()#2}::operator()() const::{lambda(unsigned int)#1})::{lambda(int, unsigned int)#1})",256,0,0,32,0,48,"SQ_INSTS_VMEM",256512.000000,462161346507335,462161346534695
10,10,"Agent 2",1,1041369,1041369,524288,61,"void at::native::(anonymous namespace)::distribution_elementwise_grid_stride_kernel<unsigned int, 4, at::native::templates::cuda::random_from_to_kernel<at::CUDAGeneratorImpl*>(at::TensorIteratorBase&, unsigned long, long, at::CUDAGeneratorImpl*)::{lambda()#1}::operator()() const::{lambda()#2}::operator()() const::{lambda(hiprandStatePhilox4_32_10*)#2}, at::native::(anonymous namespace)::distribution_nullary_kernel<signed char, unsigned int, HIP_vector_type<unsigned int, 4u>, at::CUDAGeneratorImpl*, at::native::templates::cuda::random_from_to_kernel<at::CUDAGeneratorImpl*>(at::TensorIteratorBase&, unsigned long, long, at::CUDAGeneratorImpl*)::{lambda()#1}::operator()() const::{lambda()#2}::operator()() const::{lambda(hiprandStatePhilox4_32_10*)#2}, at::native::templates::cuda::random_from_to_kernel<at::CUDAGeneratorImpl*>(at::TensorIteratorBase&, unsigned long, long, at::CUDAGeneratorImpl*)::{lambda()#1}::operator()() const::{lambda()#2}::operator()() const::{lambda(unsigned int)#1}>(at::TensorIteratorBase&, at::CUDAGeneratorImpl*, at::native::templates::cuda::random_from_to_kernel<at::CUDAGeneratorImpl*>(at::TensorIteratorBase&, unsigned long, long, at::CUDAGeneratorImpl*)::{lambda()#1}::operator()() const::{lambda()#2}::operator()() const::{lambda(hiprandStatePhilox4_32_10*)#2} const&, at::native::templates::cuda::random_from_to_kernel<at::CUDAGeneratorImpl*>(at::TensorIteratorBase&, unsigned long, long, at::CUDAGeneratorImpl*)::{lambda()#1}::operator()() const::{lambda()#2}::operator()() const::{lambda(unsigned int)#1})::{lambda(int, unsigned int)#1}>(long, at::PhiloxCudaState, at::native::templates::cuda::random_from_to_kernel<at::CUDAGeneratorImpl*>(at::TensorIteratorBase&, unsigned long, long, at::CUDAGeneratorImpl*)::{lambda()#1}::operator()() const::{lambda()#2}::operator()() const::{lambda(hiprandStatePhilox4_32_10*)#2}, at::native::(anonymous namespace)::distribution_nullary_kernel<signed char, unsigned int, HIP_vector_type<unsigned int, 4u>, at::CUDAGeneratorImpl*, at::native::templates::cuda::random_from_to_kernel<at::CUDAGeneratorImpl*>(at::TensorIteratorBase&, unsigned long, long, at::CUDAGeneratorImpl*)::{lambda()#1}::operator()() const::{lambda()#2}::operator()() const::{lambda(hiprandStatePhilox4_32_10*)#2}, at::native::templates::cuda::random_from_to_kernel<at::CUDAGeneratorImpl*>(at::TensorIteratorBase&, unsigned long, long, at::CUDAGeneratorImpl*)::{lambda()#1}::operator()() const::{lambda()#2}::operator()() const::{lambda(unsigned int)#1}>(at::TensorIteratorBase&, at::CUDAGeneratorImpl*, at::native::templates::cuda::random_from_to_kernel<at::CUDAGeneratorImpl*>(at::TensorIteratorBase&, unsigned long, long, at::CUDAGeneratorImpl*)::{lambda()#1}::operator()() const::{lambda()#2}::operator()() const::{lambda(hiprandStatePhilox4_32_10*)#2} const&, at::native::templates::cuda::random_from_to_kernel<at::CUDAGeneratorImpl*>(at::TensorIteratorBase&, unsigned long, long, at::CUDAGeneratorImpl*)::{lambda()#1}::operator()() const::{lambda()#2}::operator()() const::{lambda(unsigned int)#1})::{lambda(int, unsigned int)#1})",256,0,0,32,0,48,"SQ_INSTS",125673472.000000,462161346601056,462161346773697
10,10,"Agent 2",1,1041369,1041369,524288,61,"void at::native::(anonymous namespace)::distribution_elementwise_grid_stride_kernel<unsigned int, 4, at::native::templates::cuda::random_from_to_kernel<at::CUDAGeneratorImpl*>(at::TensorIteratorBase&, unsigned long, long, at::CUDAGeneratorImpl*)::{lambda()#1}::operator()() const::{lambda()#2}::operator()() const::{lambda(hiprandStatePhilox4_32_10*)#2}, at::native::(anonymous namespace)::distribution_nullary_kernel<signed char, unsigned int, HIP_vector_type<unsigned int, 4u>, at::CUDAGeneratorImpl*, at::native::templates::cuda::random_from_to_kernel<at::CUDAGeneratorImpl*>(at::TensorIteratorBase&, unsigned long, long, at::CUDAGeneratorImpl*)::{lambda()#1}::operator()() const::{lambda()#2}::operator()() const::{lambda(hiprandStatePhilox4_32_10*)#2}, at::native::templates::cuda::random_from_to_kernel<at::CUDAGeneratorImpl*>(at::TensorIteratorBase&, unsigned long, long, at::CUDAGeneratorImpl*)::{lambda()#1}::operator()() const::{lambda()#2}::operator()() const::{lambda(unsigned int)#1}>(at::TensorIteratorBase&, at::CUDAGeneratorImpl*, at::native::templates::cuda::random_from_to_kernel<at::CUDAGeneratorImpl*>(at::TensorIteratorBase&, unsigned long, long, at::CUDAGeneratorImpl*)::{lambda()#1}::operator()() const::{lambda()#2}::operator()() const::{lambda(hiprandStatePhilox4_32_10*)#2} const&, at::native::templates::cuda::random_from_to_kernel<at::CUDAGeneratorImpl*>(at::TensorIteratorBase&, unsigned long, long, at::CUDAGeneratorImpl*)::{lambda()#1}::operator()() const::{lambda()#2}::operator()() const::{lambda(unsigned int)#1})::{lambda(int, unsigned int)#1}>(long, at::PhiloxCudaState, at::native::templates::cuda::random_from_to_kernel<at::CUDAGeneratorImpl*>(at::TensorIteratorBase&, unsigned long, long, at::CUDAGeneratorImpl*)::{lambda()#1}::operator()() const::{lambda()#2}::operator()() const::{lambda(hiprandStatePhilox4_32_10*)#2}, at::native::(anonymous namespace)::distribution_nullary_kernel<signed char, unsigned int, HIP_vector_type<unsigned int, 4u>, at::CUDAGeneratorImpl*, at::native::templates::cuda::random_from_to_kernel<at::CUDAGeneratorImpl*>(at::TensorIteratorBase&, unsigned long, long, at::CUDAGeneratorImpl*)::{lambda()#1}::operator()() const::{lambda()#2}::operator()() const::{lambda(hiprandStatePhilox4_32_10*)#2}, at::native::templates::cuda::random_from_to_kernel<at::CUDAGeneratorImpl*>(at::TensorIteratorBase&, unsigned long, long, at::CUDAGeneratorImpl*)::{lambda()#1}::operator()() const::{lambda()#2}::operator()() const::{lambda(unsigned int)#1}>(at::TensorIteratorBase&, at::CUDAGeneratorImpl*, at::native::templates::cuda::random_from_to_kernel<at::CUDAGeneratorImpl*>(at::TensorIteratorBase&, unsigned long, long, at::CUDAGeneratorImpl*)::{lambda()#1}::operator()() const::{lambda()#2}::operator()() const::{lambda(hiprandStatePhilox4_32_10*)#2} const&, at::native::templates::cuda::random_from_to_kernel<at::CUDAGeneratorImpl*>(at::TensorIteratorBase&, unsigned long, long, at::CUDAGeneratorImpl*)::{lambda()#1}::operator()() const::{lambda()#2}::operator()() const::{lambda(unsigned int)#1})::{lambda(int, unsigned int)#1})",256,0,0,32,0,48,"SQ_INSTS_SALU",15536128.000000,462161346601056,462161346773697
10,10,"Agent 2",1,1041369,1041369,524288,61,"void at::native::(anonymous namespace)::distribution_elementwise_grid_stride_kernel<unsigned int, 4, at::native::templates::cuda::random_from_to_kernel<at::CUDAGeneratorImpl*>(at::TensorIteratorBase&, unsigned long, long, at::CUDAGeneratorImpl*)::{lambda()#1}::operator()() const::{lambda()#2}::operator()() const::{lambda(hiprandStatePhilox4_32_10*)#2}, at::native::(anonymous namespace)::distribution_nullary_kernel<signed char, unsigned int, HIP_vector_type<unsigned int, 4u>, at::CUDAGeneratorImpl*, at::native::templates::cuda::random_from_to_kernel<at::CUDAGeneratorImpl*>(at::TensorIteratorBase&, unsigned long, long, at::CUDAGeneratorImpl*)::{lambda()#1}::operator()() const::{lambda()#2}::operator()() const::{lambda(hiprandStatePhilox4_32_10*)#2}, at::native::templates::cuda::random_from_to_kernel<at::CUDAGeneratorImpl*>(at::TensorIteratorBase&, unsigned long, long, at::CUDAGeneratorImpl*)::{lambda()#1}::operator()() const::{lambda()#2}::operator()() const::{lambda(unsigned int)#1}>(at::TensorIteratorBase&, at::CUDAGeneratorImpl*, at::native::templates::cuda::random_from_to_kernel<at::CUDAGeneratorImpl*>(at::TensorIteratorBase&, unsigned long, long, at::CUDAGeneratorImpl*)::{lambda()#1}::operator()() const::{lambda()#2}::operator()() const::{lambda(hiprandStatePhilox4_32_10*)#2} const&, at::native::templates::cuda::random_from_to_kernel<at::CUDAGeneratorImpl*>(at::TensorIteratorBase&, unsigned long, long, at::CUDAGeneratorImpl*)::{lambda()#1}::operator()() const::{lambda()#2}::operator()() const::{lambda(unsigned int)#1})::{lambda(int, unsigned int)#1}>(long, at::PhiloxCudaState, at::native::templates::cuda::random_from_to_kernel<at::CUDAGeneratorImpl*>(at::TensorIteratorBase&, unsigned long, long, at::CUDAGeneratorImpl*)::{lambda()#1}::operator()() const::{lambda()#2}::operator()() const::{lambda(hiprandStatePhilox4_32_10*)#2}, at::native::(anonymous namespace)::distribution_nullary_kernel<signed char, unsigned int, HIP_vector_type<unsigned int, 4u>, at::CUDAGeneratorImpl*, at::native::templates::cuda::random_from_to_kernel<at::CUDAGeneratorImpl*>(at::TensorIteratorBase&, unsigned long, long, at::CUDAGeneratorImpl*)::{lambda()#1}::operator()() const::{lambda()#2}::operator()() const::{lambda(hiprandStatePhilox4_32_10*)#2}, at::native::templates::cuda::random_from_to_kernel<at::CUDAGeneratorImpl*>(at::TensorIteratorBase&, unsigned long, long, at::CUDAGeneratorImpl*)::{lambda()#1}::operator()() const::{lambda()#2}::operator()() const::{lambda(unsigned int)#1}>(at::TensorIteratorBase&, at::CUDAGeneratorImpl*, at::native::templates::cuda::random_from_to_kernel<at::CUDAGeneratorImpl*>(at::TensorIteratorBase&, unsigned long, long, at::CUDAGeneratorImpl*)::{lambda()#1}::operator()() const::{lambda()#2}::operator()() const::{lambda(hiprandStatePhilox4_32_10*)#2} const&, at::native::templates::cuda::random_from_to_kernel<at::CUDAGeneratorImpl*>(at::TensorIteratorBase&, unsigned long, long, at::CUDAGeneratorImpl*)::{lambda()#1}::operator()() const::{lambda()#2}::operator()() const::{lambda(unsigned int)#1})::{lambda(int, unsigned int)#1})",256,0,0,32,0,48,"SQ_INSTS_SMEM",65536.000000,462161346601056,462161346773697
10,10,"Agent 2",1,1041369,1041369,524288,61,"void at::native::(anonymous namespace)::distribution_elementwise_grid_stride_kernel<unsigned int, 4, at::native::templates::cuda::random_from_to_kernel<at::CUDAGeneratorImpl*>(at::TensorIteratorBase&, unsigned long, long, at::CUDAGeneratorImpl*)::{lambda()#1}::operator()() const::{lambda()#2}::operator()() const::{lambda(hiprandStatePhilox4_32_10*)#2}, at::native::(anonymous namespace)::distribution_nullary_kernel<signed char, unsigned int, HIP_vector_type<unsigned int, 4u>, at::CUDAGeneratorImpl*, at::native::templates::cuda::random_from_to_kernel<at::CUDAGeneratorImpl*>(at::TensorIteratorBase&, unsigned long, long, at::CUDAGeneratorImpl*)::{lambda()#1}::operator()() const::{lambda()#2}::operator()() const::{lambda(hiprandStatePhilox4_32_10*)#2}, at::native::templates::cuda::random_from_to_kernel<at::CUDAGeneratorImpl*>(at::TensorIteratorBase&, unsigned long, long, at::CUDAGeneratorImpl*)::{lambda()#1}::operator()() const::{lambda()#2}::operator()() const::{lambda(unsigned int)#1}>(at::TensorIteratorBase&, at::CUDAGeneratorImpl*, at::native::templates::cuda::random_from_to_kernel<at::CUDAGeneratorImpl*>(at::TensorIteratorBase&, unsigned long, long, at::CUDAGeneratorImpl*)::{lambda()#1}::operator()() const::{lambda()#2}::operator()() const::{lambda(hiprandStatePhilox4_32_10*)#2} const&, at::native::templates::cuda::random_from_to_kernel<at::CUDAGeneratorImpl*>(at::TensorIteratorBase&, unsigned long, long, at::CUDAGeneratorImpl*)::{lambda()#1}::operator()() const::{lambda()#2}::operator()() const::{lambda(unsigned int)#1})::{lambda(int, unsigned int)#1}>(long, at::PhiloxCudaState, at::native::templates::cuda::random_from_to_kernel<at::CUDAGeneratorImpl*>(at::TensorIteratorBase&, unsigned long, long, at::CUDAGeneratorImpl*)::{lambda()#1}::operator()() const::{lambda()#2}::operator()() const::{lambda(hiprandStatePhilox4_32_10*)#2}, at::native::(anonymous namespace)::distribution_nullary_kernel<signed char, unsigned int, HIP_vector_type<unsigned int, 4u>, at::CUDAGeneratorImpl*, at::native::templates::cuda::random_from_to_kernel<at::CUDAGeneratorImpl*>(at::TensorIteratorBase&, unsigned long, long, at::CUDAGeneratorImpl*)::{lambda()#1}::operator()() const::{lambda()#2}::operator()() const::{lambda(hiprandStatePhilox4_32_10*)#2}, at::native::templates::cuda::random_from_to_kernel<at::CUDAGeneratorImpl*>(at::TensorIteratorBase&, unsigned long, long, at::CUDAGeneratorImpl*)::{lambda()#1}::operator()() const::{lambda()#2}::operator()() const::{lambda(unsigned int)#1}>(at::TensorIteratorBase&, at::CUDAGeneratorImpl*, at::native::templates::cuda::random_from_to_kernel<at::CUDAGeneratorImpl*>(at::TensorIteratorBase&, unsigned long, long, at::CUDAGeneratorImpl*)::{lambda()#1}::operator()() const::{lambda()#2}::operator()() const::{lambda(hiprandStatePhilox4_32_10*)#2} const&, at::native::templates::cuda::random_from_to_kernel<at::CUDAGeneratorImpl*>(at::TensorIteratorBase&, unsigned long, long, at::CUDAGeneratorImpl*)::{lambda()#1}::operator()() const::{lambda()#2}::operator()() const::{lambda(unsigned int)#1})::{lambda(int, unsigned int)#1})",256,0,0,32,0,48,"SQ_INSTS_VALU",93478912.000000,462161346601056,462161346773697
10,10,"Agent 2",1,1041369,1041369,524288,61,"void at::native::(anonymous namespace)::distribution_elementwise_grid_stride_kernel<unsigned int, 4, at::native::templates::cuda::random_from_to_kernel<at::CUDAGeneratorImpl*>(at::TensorIteratorBase&, unsigned long, long, at::CUDAGeneratorImpl*)::{lambda()#1}::operator()() const::{lambda()#2}::operator()() const::{lambda(hiprandStatePhilox4_32_10*)#2}, at::native::(anonymous namespace)::distribution_nullary_kernel<signed char, unsigned int, HIP_vector_type<unsigned int, 4u>, at::CUDAGeneratorImpl*, at::native::templates::cuda::random_from_to_kernel<at::CUDAGeneratorImpl*>(at::TensorIteratorBase&, unsigned long, long, at::CUDAGeneratorImpl*)::{lambda()#1}::operator()() const::{lambda()#2}::operator()() const::{lambda(hiprandStatePhilox4_32_10*)#2}, at::native::templates::cuda::random_from_to_kernel<at::CUDAGeneratorImpl*>(at::TensorIteratorBase&, unsigned long, long, at::CUDAGeneratorImpl*)::{lambda()#1}::operator()() const::{lambda()#2}::operator()() const::{lambda(unsigned int)#1}>(at::TensorIteratorBase&, at::CUDAGeneratorImpl*, at::native::templates::cuda::random_from_to_kernel<at::CUDAGeneratorImpl*>(at::TensorIteratorBase&, unsigned long, long, at::CUDAGeneratorImpl*)::{lambda()#1}::operator()() const::{lambda()#2}::operator()() const::{lambda(hiprandStatePhilox4_32_10*)#2} const&, at::native::templates::cuda::random_from_to_kernel<at::CUDAGeneratorImpl*>(at::TensorIteratorBase&, unsigned long, long, at::CUDAGeneratorImpl*)::{lambda()#1}::operator()() const::{lambda()#2}::operator()() const::{lambda(unsigned int)#1})::{lambda(int, unsigned int)#1}>(long, at::PhiloxCudaState, at::native::templates::cuda::random_from_to_kernel<at::CUDAGeneratorImpl*>(at::TensorIteratorBase&, unsigned long, long, at::CUDAGeneratorImpl*)::{lambda()#1}::operator()() const::{lambda()#2}::operator()() const::{lambda(hiprandStatePhilox4_32_10*)#2}, at::native::(anonymous namespace)::distribution_nullary_kernel<signed char, unsigned int, HIP_vector_type<unsigned int, 4u>, at::CUDAGeneratorImpl*, at::native::templates::cuda::random_from_to_kernel<at::CUDAGeneratorImpl*>(at::TensorIteratorBase&, unsigned long, long, at::CUDAGeneratorImpl*)::{lambda()#1}::operator()() const::{lambda()#2}::operator()() const::{lambda(hiprandStatePhilox4_32_10*)#2}, at::native::templates::cuda::random_from_to_kernel<at::CUDAGeneratorImpl*>(at::TensorIteratorBase&, unsigned long, long, at::CUDAGeneratorImpl*)::{lambda()#1}::operator()() const::{lambda()#2}::operator()() const::{lambda(unsigned int)#1}>(at::TensorIteratorBase&, at::CUDAGeneratorImpl*, at::native::templates::cuda::random_from_to_kernel<at::CUDAGeneratorImpl*>(at::TensorIteratorBase&, unsigned long, long, at::CUDAGeneratorImpl*)::{lambda()#1}::operator()() const::{lambda()#2}::operator()() const::{lambda(hiprandStatePhilox4_32_10*)#2} const&, at::native::templates::cuda::random_from_to_kernel<at::CUDAGeneratorImpl*>(at::TensorIteratorBase&, unsigned long, long, at::CUDAGeneratorImpl*)::{lambda()#1}::operator()() const::{lambda()#2}::operator()() const::{lambda(unsigned int)#1})::{lambda(int, unsigned int)#1})",256,0,0,32,0,48,"SQ_INSTS_VMEM",2052096.000000,462161346601056,462161346773697
11,11,"Agent 2",1,1041369,1041369,1026048,805,"void at::native::vectorized_elementwise_kernel<16, at::native::FillFunctor<unsigned char>, std::array<char*, 1ul> >(int, at::native::FillFunctor<unsigned char>, std::array<char*, 1ul>)",256,0,0,8,0,16,"SQ_INSTS",416832.000000,462161348539445,462161348544885
11,11,"Agent 2",1,1041369,1041369,1026048,805,"void at::native::vectorized_elementwise_kernel<16, at::native::FillFunctor<unsigned char>, std::array<char*, 1ul> >(int, at::native::FillFunctor<unsigned char>, std::array<char*, 1ul>)",256,0,0,8,0,16,"SQ_INSTS_SALU",240480.000000,462161348539445,462161348544885
11,11,"Agent 2",1,1041369,1041369,1026048,805,"void at::native::vectorized_elementwise_kernel<16, at::native::FillFunctor<unsigned char>, std::array<char*, 1ul> >(int, at::native::FillFunctor<unsigned char>, std::array<char*, 1ul>)",256,0,0,8,0,16,"SQ_INSTS_SMEM",16032.000000,462161348539445,462161348544885
11,11,"Agent 2",1,1041369,1041369,1026048,805,"void at::native::vectorized_elementwise_kernel<16, at::native::FillFunctor<unsigned char>, std::array<char*, 1ul> >(int, at::native::FillFunctor<unsigned char>, std::array<char*, 1ul>)",256,0,0,8,0,16,"SQ_INSTS_VALU",80160.000000,462161348539445,462161348544885
11,11,"Agent 2",1,1041369,1041369,1026048,805,"void at::native::vectorized_elementwise_kernel<16, at::native::FillFunctor<unsigned char>, std::array<char*, 1ul> >(int, at::native::FillFunctor<unsigned char>, std::array<char*, 1ul>)",256,0,0,8,0,16,"SQ_INSTS_VMEM",16032.000000,462161348539445,462161348544885
12,12,"Agent 2",1,1041369,1041369,4104192,989,"void at::native::elementwise_kernel_manual_unroll<128, 4, at::native::gpu_kernel_impl<at::native::direct_copy_kernel_cuda(at::TensorIteratorBase&)::{lambda()#3}::operator()() const::{lambda()#5}::operator()() const::{lambda(short)#1}>(at::TensorIteratorBase&, at::native::direct_copy_kernel_cuda(at::TensorIteratorBase&)::{lambda()#3}::operator()() const::{lambda()#5}::operator()() const::{lambda(short)#1} const&)::{lambda(int, bool)#1}>(int, at::native::gpu_kernel_impl<at::native::direct_copy_kernel_cuda(at::TensorIteratorBase&)::{lambda()#3}::operator()() const::{lambda()#5}::operator()() const::{lambda(short)#1}>(at::TensorIteratorBase&, at::native::direct_copy_kernel_cuda(at::TensorIteratorBase&)::{lambda()#3}::operator()() const::{lambda()#5}::operator()() const::{lambda(short)#1} const&)::{lambda(int, bool)#1})",128,0,0,8,0,64,"SQ_INSTS",17186304.000000,462161382401097,462161382425337
12,12,"Agent 2",1,1041369,1041369,4104192,989,"void at::native::elementwise_kernel_manual_unroll<128, 4, at::native::gpu_kernel_impl<at::native::direct_copy_kernel_cuda(at::TensorIteratorBase&)::{lambda()#3}::operator()() const::{lambda()#5}::operator()() const::{lambda(short)#1}>(at::TensorIteratorBase&, at::native::direct_copy_kernel_cuda(at::TensorIteratorBase&)::{lambda()#3}::operator()() const::{lambda()#5}::operator()() const::{lambda(short)#1} const&)::{lambda(int, bool)#1}>(int, at::native::gpu_kernel_impl<at::native::direct_copy_kernel_cuda(at::TensorIteratorBase&)::{lambda()#3}::operator()() const::{lambda()#5}::operator()() const::{lambda(short)#1}>(at::TensorIteratorBase&, at::native::direct_copy_kernel_cuda(at::TensorIteratorBase&)::{lambda()#3}::operator()() const::{lambda()#5}::operator()() const::{lambda(short)#1} const&)::{lambda(int, bool)#1})",128,0,0,8,0,64,"SQ_INSTS_SALU",8657280.000000,462161382401097,462161382425337
12,12,"Agent 2",1,1041369,1041369,4104192,989,"void at::native::elementwise_kernel_manual_unroll<128, 4, at::native::gpu_kernel_impl<at::native::direct_copy_kernel_cuda(at::TensorIteratorBase&)::{lambda()#3}::operator()() const::{lambda()#5}::operator()() const::{lambda(short)#1}>(at::TensorIteratorBase&, at::native::direct_copy_kernel_cuda(at::TensorIteratorBase&)::{lambda()#3}::operator()() const::{lambda()#5}::operator()() const::{lambda(short)#1} const&)::{lambda(int, bool)#1}>(int, at::native::gpu_kernel_impl<at::native::direct_copy_kernel_cuda(at::TensorIteratorBase&)::{lambda()#3}::operator()() const::{lambda()#5}::operator()() const::{lambda(short)#1}>(at::TensorIteratorBase&, at::native::direct_copy_kernel_cuda(at::TensorIteratorBase&)::{lambda()#3}::operator()() const::{lambda()#5}::operator()() const::{lambda(short)#1} const&)::{lambda(int, bool)#1})",128,0,0,8,0,64,"SQ_INSTS_SMEM",192384.000000,462161382401097,462161382425337
12,12,"Agent 2",1,1041369,1041369,4104192,989,"void at::native::elementwise_kernel_manual_unroll<128, 4, at::native::gpu_kernel_impl<at::native::direct_copy_kernel_cuda(at::TensorIteratorBase&)::{lambda()#3}::operator()() const::{lambda()#5}::operator()() const::{lambda(short)#1}>(at::TensorIteratorBase&, at::native::direct_copy_kernel_cuda(at::TensorIteratorBase&)::{lambda()#3}::operator()() const::{lambda()#5}::operator()() const::{lambda(short)#1} const&)::{lambda(int, bool)#1}>(int, at::native::gpu_kernel_impl<at::native::direct_copy_kernel_cuda(at::TensorIteratorBase&)::{lambda()#3}::operator()() const::{lambda()#5}::operator()() const::{lambda(short)#1}>(at::TensorIteratorBase&, at::native::direct_copy_kernel_cuda(at::TensorIteratorBase&)::{lambda()#3}::operator()() const::{lambda()#5}::operator()() const::{lambda(short)#1} const&)::{lambda(int, bool)#1})",128,0,0,8,0,64,"SQ_INSTS_VALU",1859712.000000,462161382401097,462161382425337
12,12,"Agent 2",1,1041369,1041369,4104192,989,"void at::native::elementwise_kernel_manual_unroll<128, 4, at::native::gpu_kernel_impl<at::native::direct_copy_kernel_cuda(at::TensorIteratorBase&)::{lambda()#3}::operator()() const::{lambda()#5}::operator()() const::{lambda(short)#1}>(at::TensorIteratorBase&, at::native::direct_copy_kernel_cuda(at::TensorIteratorBase&)::{lambda()#3}::operator()() const::{lambda()#5}::operator()() const::{lambda(short)#1} const&)::{lambda(int, bool)#1}>(int, at::native::gpu_kernel_impl<at::native::direct_copy_kernel_cuda(at::TensorIteratorBase&)::{lambda()#3}::operator()() const::{lambda()#5}::operator()() const::{lambda(short)#1}>(at::TensorIteratorBase&, at::native::direct_copy_kernel_cuda(at::TensorIteratorBase&)::{lambda()#3}::operator()() const::{lambda()#5}::operator()() const::{lambda(short)#1} const&)::{lambda(int, bool)#1})",128,0,0,8,0,64,"SQ_INSTS_VMEM",577152.000000,462161382401097,462161382425337
13,13,"Agent 2",1,1041369,1041369,2052096,1384,"void at::native::vectorized_elementwise_kernel<8, at::native::CUDAFunctorOnSelf_add<short>, std::array<char*, 2ul> >(int, at::native::CUDAFunctorOnSelf_add<short>, std::array<char*, 2ul>)",256,0,0,8,0,32,"SQ_INSTS",897792.000000,462161413495887,462161413506607
13,13,"Agent 2",1,1041369,1041369,2052096,1384,"void at::native::vectorized_elementwise_kernel<8, at::native::CUDAFunctorOnSelf_add<short>, std::array<char*, 2ul> >(int, at::native::CUDAFunctorOnSelf_add<short>, std::array<char*, 2ul>)",256,0,0,8,0,32,"SQ_INSTS_SALU",448896.000000,462161413495887,462161413506607
13,13,"Agent 2",1,1041369,1041369,2052096,1384,"void at::native::vectorized_elementwise_kernel<8, at::native::CUDAFunctorOnSelf_add<short>, std::array<char*, 2ul> >(int, at::native::CUDAFunctorOnSelf_add<short>, std::array<char*, 2ul>)",256,0,0,8,0,32,"SQ_INSTS_SMEM",64128.000000,462161413495887,462161413506607
13,13,"Agent 2",1,1041369,1041369,2052096,1384,"void at::native::vectorized_elementwise_kernel<8, at::native::CUDAFunctorOnSelf_add<short>, std::array<char*, 2ul> >(int, at::native::CUDAFunctorOnSelf_add<short>, std::array<char*, 2ul>)",256,0,0,8,0,32,"SQ_INSTS_VALU",160320.000000,462161413495887,462161413506607
13,13,"Agent 2",1,1041369,1041369,2052096,1384,"void at::native::vectorized_elementwise_kernel<8, at::native::CUDAFunctorOnSelf_add<short>, std::array<char*, 2ul> >(int, at::native::CUDAFunctorOnSelf_add<short>, std::array<char*, 2ul>)",256,0,0,8,0,32,"SQ_INSTS_VMEM",64128.000000,462161413495887,462161413506607
14,14,"Agent 2",1,1041369,1041369,4104192,1124,"void at::native::elementwise_kernel_manual_unroll<128, 4, at::native::gpu_kernel_impl<at::native::direct_copy_kernel_cuda(at::TensorIteratorBase&)::{lambda()#3}::operator()() const::{lambda()#1}::operator()() const::{lambda(unsigned char)#1}>(at::TensorIteratorBase&, at::native::direct_copy_kernel_cuda(at::TensorIteratorBase&)::{lambda()#3}::operator()() const::{lambda()#1}::operator()() const::{lambda(unsigned char)#1} const&)::{lambda(int, bool)#1}>(int, at::native::gpu_kernel_impl<at::native::direct_copy_kernel_cuda(at::TensorIteratorBase&)::{lambda()#3}::operator()() const::{lambda()#1}::operator()() const::{lambda(unsigned char)#1}>(at::TensorIteratorBase&, at::native::direct_copy_kernel_cuda(at::TensorIteratorBase&)::{lambda()#3}::operator()() const::{lambda()#1}::operator()() const::{lambda(unsigned char)#1} const&)::{lambda(int, bool)#1})",128,0,0,8,0,64,"SQ_INSTS",16993920.000000,462161413656927,462161413680088
14,14,"Agent 2",1,1041369,1041369,4104192,1124,"void at::native::elementwise_kernel_manual_unroll<128, 4, at::native::gpu_kernel_impl<at::native::direct_copy_kernel_cuda(at::TensorIteratorBase&)::{lambda()#3}::operator()() const::{lambda()#1}::operator()() const::{lambda(unsigned char)#1}>(at::TensorIteratorBase&, at::native::direct_copy_kernel_cuda(at::TensorIteratorBase&)::{lambda()#3}::operator()() const::{lambda()#1}::operator()() const::{lambda(unsigned char)#1} const&)::{lambda(int, bool)#1}>(int, at::native::gpu_kernel_impl<at::native::direct_copy_kernel_cuda(at::TensorIteratorBase&)::{lambda()#3}::operator()() const::{lambda()#1}::operator()() const::{lambda(unsigned char)#1}>(at::TensorIteratorBase&, at::native::direct_copy_kernel_cuda(at::TensorIteratorBase&)::{lambda()#3}::operator()() const::{lambda()#1}::operator()() const::{lambda(unsigned char)#1} const&)::{lambda(int, bool)#1})",128,0,0,8,0,64,"SQ_INSTS_SALU",8721408.000000,462161413656927,462161413680088
14,14,"Agent 2",1,1041369,1041369,4104192,1124,"void at::native::elementwise_kernel_manual_unroll<128, 4, at::native::gpu_kernel_impl<at::native::direct_copy_kernel_cuda(at::TensorIteratorBase&)::{lambda()#3}::operator()() const::{lambda()#1}::operator()() const::{lambda(unsigned char)#1}>(at::TensorIteratorBase&, at::native::direct_copy_kernel_cuda(at::TensorIteratorBase&)::{lambda()#3}::operator()() const::{lambda()#1}::operator()() const::{lambda(unsigned char)#1} const&)::{lambda(int, bool)#1}>(int, at::native::gpu_kernel_impl<at::native::direct_copy_kernel_cuda(at::TensorIteratorBase&)::{lambda()#3}::operator()() const::{lambda()#1}::operator()() const::{lambda(unsigned char)#1}>(at::TensorIteratorBase&, at::native::direct_copy_kernel_cuda(at::TensorIteratorBase&)::{lambda()#3}::operator()() const::{lambda()#1}::operator()() const::{lambda(unsigned char)#1} const&)::{lambda(int, bool)#1})",128,0,0,8,0,64,"SQ_INSTS_SMEM",192384.000000,462161413656927,462161413680088
14,14,"Agent 2",1,1041369,1041369,4104192,1124,"void at::native::elementwise_kernel_manual_unroll<128, 4, at::native::gpu_kernel_impl<at::native::direct_copy_kernel_cuda(at::TensorIteratorBase&)::{lambda()#3}::operator()() const::{lambda()#1}::operator()() const::{lambda(unsigned char)#1}>(at::TensorIteratorBase&, at::native::direct_copy_kernel_cuda(at::TensorIteratorBase&)::{lambda()#3}::operator()() const::{lambda()#1}::operator()() const::{lambda(unsigned char)#1} const&)::{lambda(int, bool)#1}>(int, at::native::gpu_kernel_impl<at::native::direct_copy_kernel_cuda(at::TensorIteratorBase&)::{lambda()#3}::operator()() const::{lambda()#1}::operator()() const::{lambda(unsigned char)#1}>(at::TensorIteratorBase&, at::native::direct_copy_kernel_cuda(at::TensorIteratorBase&)::{lambda()#3}::operator()() const::{lambda()#1}::operator()() const::{lambda(unsigned char)#1} const&)::{lambda(int, bool)#1})",128,0,0,8,0,64,"SQ_INSTS_VALU",1859712.000000,462161413656927,462161413680088
14,14,"Agent 2",1,1041369,1041369,4104192,1124,"void at::native::elementwise_kernel_manual_unroll<128, 4, at::native::gpu_kernel_impl<at::native::direct_copy_kernel_cuda(at::TensorIteratorBase&)::{lambda()#3}::operator()() const::{lambda()#1}::operator()() const::{lambda(unsigned char)#1}>(at::TensorIteratorBase&, at::native::direct_copy_kernel_cuda(at::TensorIteratorBase&)::{lambda()#3}::operator()() const::{lambda()#1}::operator()() const::{lambda(unsigned char)#1} const&)::{lambda(int, bool)#1}>(int, at::native::gpu_kernel_impl<at::native::direct_copy_kernel_cuda(at::TensorIteratorBase&)::{lambda()#3}::operator()() const::{lambda()#1}::operator()() const::{lambda(unsigned char)#1}>(at::TensorIteratorBase&, at::native::direct_copy_kernel_cuda(at::TensorIteratorBase&)::{lambda()#3}::operator()() const::{lambda()#1}::operator()() const::{lambda(unsigned char)#1} const&)::{lambda(int, bool)#1})",128,0,0,8,0,64,"SQ_INSTS_VMEM",577152.000000,462161413656927,462161413680088
15,15,"Agent 2",1,1041369,1041369,131072,117,"__amd_rocclr_copyBuffer",512,0,0,8,0,32,"SQ_INSTS",247680.000000,462161413770088,462161413776329
15,15,"Agent 2",1,1041369,1041369,131072,117,"__amd_rocclr_copyBuffer",512,0,0,8,0,32,"SQ_INSTS_SALU",58688.000000,462161413770088,462161413776329
15,15,"Agent 2",1,1041369,1041369,131072,117,"__amd_rocclr_copyBuffer",512,0,0,8,0,32,"SQ_INSTS_SMEM",0.00000000e+00,462161413770088,462161413776329
15,15,"Agent 2",1,1041369,1041369,131072,117,"__amd_rocclr_copyBuffer",512,0,0,8,0,32,"SQ_INSTS_VALU",114624.000000,462161413770088,462161413776329
15,15,"Agent 2",1,1041369,1041369,131072,117,"__amd_rocclr_copyBuffer",512,0,0,8,0,32,"SQ_INSTS_VMEM",32064.000000,462161413770088,462161413776329
16,16,"Agent 2",1,1041369,1041369,2052096,1047,"void at::native::elementwise_kernel_manual_unroll<128, 8, at::native::gpu_kernel_impl_nocast<at::native::direct_copy_kernel_cuda(at::TensorIteratorBase&)::{lambda()#3}::operator()() const::{lambda()#1}::operator()() const::{lambda(unsigned char)#1}>(at::TensorIteratorBase&, at::native::direct_copy_kernel_cuda(at::TensorIteratorBase&)::{lambda()#3}::operator()() const::{lambda()#1}::operator()() const::{lambda(unsigned char)#1} const&)::{lambda(int, bool)#1}>(int, at::native::gpu_kernel_impl_nocast<at::native::direct_copy_kernel_cuda(at::TensorIteratorBase&)::{lambda()#3}::operator()() const::{lambda()#1}::operator()() const::{lambda(unsigned char)#1}>(at::TensorIteratorBase&, at::native::direct_copy_kernel_cuda(at::TensorIteratorBase&)::{lambda()#3}::operator()() const::{lambda()#1}::operator()() const::{lambda(unsigned char)#1} const&)::{lambda(int, bool)#1})",128,0,0,20,0,80,"SQ_INSTS",32128128.000000,462161413893290,462161413925210
16,16,"Agent 2",1,1041369,1041369,2052096,1047,"void at::native::elementwise_kernel_manual_unroll<128, 8, at::native::gpu_kernel_impl_nocast<at::native::direct_copy_kernel_cuda(at::TensorIteratorBase&)::{lambda()#3}::operator()() const::{lambda()#1}::operator()() const::{lambda(unsigned char)#1}>(at::TensorIteratorBase&, at::native::direct_copy_kernel_cuda(at::TensorIteratorBase&)::{lambda()#3}::operator()() const::{lambda()#1}::operator()() const::{lambda(unsigned char)#1} const&)::{lambda(int, bool)#1}>(int, at::native::gpu_kernel_impl_nocast<at::native::direct_copy_kernel_cuda(at::TensorIteratorBase&)::{lambda()#3}::operator()() const::{lambda()#1}::operator()() const::{lambda(unsigned char)#1}>(at::TensorIteratorBase&, at::native::direct_copy_kernel_cuda(at::TensorIteratorBase&)::{lambda()#3}::operator()() const::{lambda()#1}::operator()() const::{lambda(unsigned char)#1} const&)::{lambda(int, bool)#1})",128,0,0,20,0,80,"SQ_INSTS_SALU",10228416.000000,462161413893290,462161413925210
16,16,"Agent 2",1,1041369,1041369,2052096,1047,"void at::native::elementwise_kernel_manual_unroll<128, 8, at::native::gpu_kernel_impl_nocast<at::native::direct_copy_kernel_cuda(at::TensorIteratorBase&)::{lambda()#3}::operator()() const::{lambda()#1}::operator()() const::{lambda(unsigned char)#1}>(at::TensorIteratorBase&, at::native::direct_copy_kernel_cuda(at::TensorIteratorBase&)::{lambda()#3}::operator()() const::{lambda()#1}::operator()() const::{lambda(unsigned char)#1} const&)::{lambda(int, bool)#1}>(int, at::native::gpu_kernel_impl_nocast<at::native::direct_copy_kernel_cuda(at::TensorIteratorBase&)::{lambda()#3}::operator()() const::{lambda()#1}::operator()() const::{lambda(unsigned char)#1}>(at::TensorIteratorBase&, at::native::direct_copy_kernel_cuda(at::TensorIteratorBase&)::{lambda()#3}::operator()() const::{lambda()#1}::operator()() const::{lambda(unsigned char)#1} const&)::{lambda(int, bool)#1})",128,0,0,20,0,80,"SQ_INSTS_SMEM",2404800.000000,462161413893290,462161413925210
16,16,"Agent 2",1,1041369,1041369,2052096,1047,"void at::native::elementwise_kernel_manual_unroll<128, 8, at::native::gpu_kernel_impl_nocast<at::native::direct_copy_kernel_cuda(at::TensorIteratorBase&)::{lambda()#3}::operator()() const::{lambda()#1}::operator()() const::{lambda(unsigned char)#1}>(at::TensorIteratorBase&, at::native::direct_copy_kernel_cuda(at::TensorIteratorBase&)::{lambda()#3}::operator()() const::{lambda()#1}::operator()() const::{lambda(unsigned char)#1} const&)::{lambda(int, bool)#1}>(int, at::native::gpu_kernel_impl_nocast<at::native::direct_copy_kernel_cuda(at::TensorIteratorBase&)::{lambda()#3}::operator()() const::{lambda()#1}::operator()() const::{lambda(unsigned char)#1}>(at::TensorIteratorBase&, at::native::direct_copy_kernel_cuda(at::TensorIteratorBase&)::{lambda()#3}::operator()() const::{lambda()#1}::operator()() const::{lambda(unsigned char)#1} const&)::{lambda(int, bool)#1})",128,0,0,20,0,80,"SQ_INSTS_VALU",15486912.000000,462161413893290,462161413925210
16,16,"Agent 2",1,1041369,1041369,2052096,1047,"void at::native::elementwise_kernel_manual_unroll<128, 8, at::native::gpu_kernel_impl_nocast<at::native::direct_copy_kernel_cuda(at::TensorIteratorBase&)::{lambda()#3}::operator()() const::{lambda()#1}::operator()() const::{lambda(unsigned char)#1}>(at::TensorIteratorBase&, at::native::direct_copy_kernel_cuda(at::TensorIteratorBase&)::{lambda()#3}::operator()() const::{lambda()#1}::operator()() const::{lambda(unsigned char)#1} const&)::{lambda(int, bool)#1}>(int, at::native::gpu_kernel_impl_nocast<at::native::direct_copy_kernel_cuda(at::TensorIteratorBase&)::{lambda()#3}::operator()() const::{lambda()#1}::operator()() const::{lambda(unsigned char)#1}>(at::TensorIteratorBase&, at::native::direct_copy_kernel_cuda(at::TensorIteratorBase&)::{lambda()#3}::operator()() const::{lambda()#1}::operator()() const::{lambda(unsigned char)#1} const&)::{lambda(int, bool)#1})",128,0,0,20,0,80,"SQ_INSTS_VMEM",513024.000000,462161413893290,462161413925210
17,17,"Agent 2",1,1041369,1041369,2052096,1047,"void at::native::elementwise_kernel_manual_unroll<128, 8, at::native::gpu_kernel_impl_nocast<at::native::direct_copy_kernel_cuda(at::TensorIteratorBase&)::{lambda()#3}::operator()() const::{lambda()#1}::operator()() const::{lambda(unsigned char)#1}>(at::TensorIteratorBase&, at::native::direct_copy_kernel_cuda(at::TensorIteratorBase&)::{lambda()#3}::operator()() const::{lambda()#1}::operator()() const::{lambda(unsigned char)#1} const&)::{lambda(int, bool)#1}>(int, at::native::gpu_kernel_impl_nocast<at::native::direct_copy_kernel_cuda(at::TensorIteratorBase&)::{lambda()#3}::operator()() const::{lambda()#1}::operator()() const::{lambda(unsigned char)#1}>(at::TensorIteratorBase&, at::native::direct_copy_kernel_cuda(at::TensorIteratorBase&)::{lambda()#3}::operator()() const::{lambda()#1}::operator()() const::{lambda(unsigned char)#1} const&)::{lambda(int, bool)#1})",128,0,0,20,0,80,"SQ_INSTS",19302528.000000,462161414012091,462161414032251
17,17,"Agent 2",1,1041369,1041369,2052096,1047,"void at::native::elementwise_kernel_manual_unroll<128, 8, at::native::gpu_kernel_impl_nocast<at::native::direct_copy_kernel_cuda(at::TensorIteratorBase&)::{lambda()#3}::operator()() const::{lambda()#1}::operator()() const::{lambda(unsigned char)#1}>(at::TensorIteratorBase&, at::native::direct_copy_kernel_cuda(at::TensorIteratorBase&)::{lambda()#3}::operator()() const::{lambda()#1}::operator()() const::{lambda(unsigned char)#1} const&)::{lambda(int, bool)#1}>(int, at::native::gpu_kernel_impl_nocast<at::native::direct_copy_kernel_cuda(at::TensorIteratorBase&)::{lambda()#3}::operator()() const::{lambda()#1}::operator()() const::{lambda(unsigned char)#1}>(at::TensorIteratorBase&, at::native::direct_copy_kernel_cuda(at::TensorIteratorBase&)::{lambda()#3}::operator()() const::{lambda()#1}::operator()() const::{lambda(unsigned char)#1} const&)::{lambda(int, bool)#1})",128,0,0,20,0,80,"SQ_INSTS_SALU",5098176.000000,462161414012091,462161414032251
17,17,"Agent 2",1,1041369,1041369,2052096,1047,"void at::native::elementwise_kernel_manual_unroll<128, 8, at::native::gpu_kernel_impl_nocast<at::native::direct_copy_kernel_cuda(at::TensorIteratorBase&)::{lambda()#3}::operator()() const::{lambda()#1}::operator()() const::{lambda(unsigned char)#1}>(at::TensorIteratorBase&, at::native::direct_copy_kernel_cuda(at::TensorIteratorBase&)::{lambda()#3}::operator()() const::{lambda()#1}::operator()() const::{lambda(unsigned char)#1} const&)::{lambda(int, bool)#1}>(int, at::native::gpu_kernel_impl_nocast<at::native::direct_copy_kernel_cuda(at::TensorIteratorBase&)::{lambda()#3}::operator()() const::{lambda()#1}::operator()() const::{lambda(unsigned char)#1}>(at::TensorIteratorBase&, at::native::direct_copy_kernel_cuda(at::TensorIteratorBase&)::{lambda()#3}::operator()() const::{lambda()#1}::operator()() const::{lambda(unsigned char)#1} const&)::{lambda(int, bool)#1})",128,0,0,20,0,80,"SQ_INSTS_SMEM",865728.000000,462161414012091,462161414032251
17,17,"Agent 2",1,1041369,1041369,2052096,1047,"void at::native::elementwise_kernel_manual_unroll<128, 8, at::native::gpu_kernel_impl_nocast<at::native::direct_copy_kernel_cuda(at::TensorIteratorBase&)::{lambda()#3}::operator()() const::{lambda()#1}::operator()() const::{lambda(unsigned char)#1}>(at::TensorIteratorBase&, at::native::direct_copy_kernel_cuda(at::TensorIteratorBase&)::{lambda()#3}::operator()() const::{lambda()#1}::operator()() const::{lambda(unsigned char)#1} const&)::{lambda(int, bool)#1}>(int, at::native::gpu_kernel_impl_nocast<at::native::direct_copy_kernel_cuda(at::TensorIteratorBase&)::{lambda()#3}::operator()() const::{lambda()#1}::operator()() const::{lambda(unsigned char)#1}>(at::TensorIteratorBase&, at::native::direct_copy_kernel_cuda(at::TensorIteratorBase&)::{lambda()#3}::operator()() const::{lambda()#1}::operator()() const::{lambda(unsigned char)#1} const&)::{lambda(int, bool)#1})",128,0,0,20,0,80,"SQ_INSTS_VALU",10100160.000000,462161414012091,462161414032251
17,17,"Agent 2",1,1041369,1041369,2052096,1047,"void at::native::elementwise_kernel_manual_unroll<128, 8, at::native::gpu_kernel_impl_nocast<at::native::direct_copy_kernel_cuda(at::TensorIteratorBase&)::{lambda()#3}::operator()() const::{lambda()#1}::operator()() const::{lambda(unsigned char)#1}>(at::TensorIteratorBase&, at::native::direct_copy_kernel_cuda(at::TensorIteratorBase&)::{lambda()#3}::operator()() const::{lambda()#1}::operator()() const::{lambda(unsigned char)#1} const&)::{lambda(int, bool)#1}>(int, at::native::gpu_kernel_impl_nocast<at::native::direct_copy_kernel_cuda(at::TensorIteratorBase&)::{lambda()#3}::operator()() const::{lambda()#1}::operator()() const::{lambda(unsigned char)#1}>(at::TensorIteratorBase&, at::native::direct_copy_kernel_cuda(at::TensorIteratorBase&)::{lambda()#3}::operator()() const::{lambda()#1}::operator()() const::{lambda(unsigned char)#1} const&)::{lambda(int, bool)#1})",128,0,0,20,0,80,"SQ_INSTS_VMEM",513024.000000,462161414012091,462161414032251
18,18,"Agent 2",1,1041369,1041369,8208384,805,"void at::native::vectorized_elementwise_kernel<16, at::native::FillFunctor<unsigned char>, std::array<char*, 1ul> >(int, at::native::FillFunctor<unsigned char>, std::array<char*, 1ul>)",256,0,0,8,0,16,"SQ_INSTS",3334656.000000,462161414121092,462161414141812
18,18,"Agent 2",1,1041369,1041369,8208384,805,"void at::native::vectorized_elementwise_kernel<16, at::native::FillFunctor<unsigned char>, std::array<char*, 1ul> >(int, at::native::FillFunctor<unsigned char>, std::array<char*, 1ul>)",256,0,0,8,0,16,"SQ_INSTS_SALU",1923840.000000,462161414121092,462161414141812
18,18,"Agent 2",1,1041369,1041369,8208384,805,"void at::native::vectorized_elementwise_kernel<16, at::native::FillFunctor<unsigned char>, std::array<char*, 1ul> >(int, at::native::FillFunctor<unsigned char>, std::array<char*, 1ul>)",256,0,0,8,0,16,"SQ_INSTS_SMEM",128256.000000,462161414121092,462161414141812
18,18,"Agent 2",1,1041369,1041369,8208384,805,"void at::native::vectorized_elementwise_kernel<16, at::native::FillFunctor<unsigned char>, std::array<char*, 1ul> >(int, at::native::FillFunctor<unsigned char>, std::array<char*, 1ul>)",256,0,0,8,0,16,"SQ_INSTS_VALU",641280.000000,462161414121092,462161414141812
18,18,"Agent 2",1,1041369,1041369,8208384,805,"void at::native::vectorized_elementwise_kernel<16, at::native::FillFunctor<unsigned char>, std::array<char*, 1ul> >(int, at::native::FillFunctor<unsigned char>, std::array<char*, 1ul>)",256,0,0,8,0,16,"SQ_INSTS_VMEM",128256.000000,462161414121092,462161414141812
19,19,"Agent 2",1,1041369,1041369,32833536,989,"void at::native::elementwise_kernel_manual_unroll<128, 4, at::native::gpu_kernel_impl<at::native::direct_copy_kernel_cuda(at::TensorIteratorBase&)::{lambda()#3}::operator()() const::{lambda()#5}::operator()() const::{lambda(short)#1}>(at::TensorIteratorBase&, at::native::direct_copy_kernel_cuda(at::TensorIteratorBase&)::{lambda()#3}::operator()() const::{lambda()#5}::operator()() const::{lambda(short)#1} const&)::{lambda(int, bool)#1}>(int, at::native::gpu_kernel_impl<at::native::direct_copy_kernel_cuda(at::TensorIteratorBase&)::{lambda()#3}::operator()() const::{lambda()#5}::operator()() const::{lambda(short)#1}>(at::TensorIteratorBase&, at::native::direct_copy_kernel_cuda(at::TensorIteratorBase&)::{lambda()#3}::operator()() const::{lambda()#5}::operator()() const::{lambda(short)#1} const&)::{lambda(int, bool)#1})",128,0,0,8,0,64,"SQ_INSTS",137490432.000000,462161414228013,462161414435775
19,19,"Agent 2",1,1041369,1041369,32833536,989,"void at::native::elementwise_kernel_manual_unroll<128, 4, at::native::gpu_kernel_impl<at::native::direct_copy_kernel_cuda(at::TensorIteratorBase&)::{lambda()#3}::operator()() const::{lambda()#5}::operator()() const::{lambda(short)#1}>(at::TensorIteratorBase&, at::native::direct_copy_kernel_cuda(at::TensorIteratorBase&)::{lambda()#3}::operator()() const::{lambda()#5}::operator()() const::{lambda(short)#1} const&)::{lambda(int, bool)#1}>(int, at::native::gpu_kernel_impl<at::native::direct_copy_kernel_cuda(at::TensorIteratorBase&)::{lambda()#3}::operator()() const::{lambda()#5}::operator()() const::{lambda(short)#1}>(at::TensorIteratorBase&, at::native::direct_copy_kernel_cuda(at::TensorIteratorBase&)::{lambda()#3}::operator()() const::{lambda()#5}::operator()() const::{lambda(short)#1} const&)::{lambda(int, bool)#1})",128,0,0,8,0,64,"SQ_INSTS_SALU",69258240.000000,462161414228013,462161414435775
19,19,"Agent 2",1,1041369,1041369,32833536,989,"void at::native::elementwise_kernel_manual_unroll<128, 4, at::native::gpu_kernel_impl<at::native::direct_copy_kernel_cuda(at::TensorIteratorBase&)::{lambda()#3}::operator()() const::{lambda()#5}::operator()() const::{lambda(short)#1}>(at::TensorIteratorBase&, at::native::direct_copy_kernel_cuda(at::TensorIteratorBase&)::{lambda()#3}::operator()() const::{lambda()#5}::operator()() const::{lambda(short)#1} const&)::{lambda(int, bool)#1}>(int, at::native::gpu_kernel_impl<at::native::direct_copy_kernel_cuda(at::TensorIteratorBase&)::{lambda()#3}::operator()() const::{lambda()#5}::operator()() const::{lambda(short)#1}>(at::TensorIteratorBase&, at::native::direct_copy_kernel_cuda(at::TensorIteratorBase&)::{lambda()#3}::operator()() const::{lambda()#5}::operator()() const::{lambda(short)#1} const&)::{lambda(int, bool)#1})",128,0,0,8,0,64,"SQ_INSTS_SMEM",1539072.000000,462161414228013,462161414435775
19,19,"Agent 2",1,1041369,1041369,32833536,989,"void at::native::elementwise_kernel_manual_unroll<128, 4, at::native::gpu_kernel_impl<at::native::direct_copy_kernel_cuda(at::TensorIteratorBase&)::{lambda()#3}::operator()() const::{lambda()#5}::operator()() const::{lambda(short)#1}>(at::TensorIteratorBase&, at::native::direct_copy_kernel_cuda(at::TensorIteratorBase&)::{lambda()#3}::operator()() const::{lambda()#5}::operator()() const::{lambda(short)#1} const&)::{lambda(int, bool)#1}>(int, at::native::gpu_kernel_impl<at::native::direct_copy_kernel_cuda(at::TensorIteratorBase&)::{lambda()#3}::operator()() const::{lambda()#5}::operator()() const::{lambda(short)#1}>(at::TensorIteratorBase&, at::native::direct_copy_kernel_cuda(at::TensorIteratorBase&)::{lambda()#3}::operator()() const::{lambda()#5}::operator()() const::{lambda(short)#1} const&)::{lambda(int, bool)#1})",128,0,0,8,0,64,"SQ_INSTS_VALU",14877696.000000,462161414228013,462161414435775
19,19,"Agent 2",1,1041369,1041369,32833536,989,"void at::native::elementwise_kernel_manual_unroll<128, 4, at::native::gpu_kernel_impl<at::native::direct_copy_kernel_cuda(at::TensorIteratorBase&)::{lambda()#3}::operator()() const::{lambda()#5}::operator()() const::{lambda(short)#1}>(at::TensorIteratorBase&, at::native::direct_copy_kernel_cuda(at::TensorIteratorBase&)::{lambda()#3}::operator()() const::{lambda()#5}::operator()() const::{lambda(short)#1} const&)::{lambda(int, bool)#1}>(int, at::native::gpu_kernel_impl<at::native::direct_copy_kernel_cuda(at::TensorIteratorBase&)::{lambda()#3}::operator()() const::{lambda()#5}::operator()() const::{lambda(short)#1}>(at::TensorIteratorBase&, at::native::direct_copy_kernel_cuda(at::TensorIteratorBase&)::{lambda()#3}::operator()() const::{lambda()#5}::operator()() const::{lambda(short)#1} const&)::{lambda(int, bool)#1})",128,0,0,8,0,64,"SQ_INSTS_VMEM",4617216.000000,462161414228013,462161414435775
20,20,"Agent 2",1,1041369,1041369,16416768,1384,"void at::native::vectorized_elementwise_kernel<8, at::native::CUDAFunctorOnSelf_add<short>, std::array<char*, 2ul> >(int, at::native::CUDAFunctorOnSelf_add<short>, std::array<char*, 2ul>)",256,0,0,8,0,32,"SQ_INSTS",7182336.000000,462161414523736,462161414609777
20,20,"Agent 2",1,1041369,1041369,16416768,1384,"void at::native::vectorized_elementwise_kernel<8, at::native::CUDAFunctorOnSelf_add<short>, std::array<char*, 2ul> >(int, at::native::CUDAFunctorOnSelf_add<short>, std::array<char*, 2ul>)",256,0,0,8,0,32,"SQ_INSTS_SALU",3591168.000000,462161414523736,462161414609777
20,20,"Agent 2",1,1041369,1041369,16416768,1384,"void at::native::vectorized_elementwise_kernel<8, at::native::CUDAFunctorOnSelf_add<short>, std::array<char*, 2ul> >(int, at::native::CUDAFunctorOnSelf_add<short>, std::array<char*, 2ul>)",256,0,0,8,0,32,"SQ_INSTS_SMEM",513024.000000,462161414523736,462161414609777
20,20,"Agent 2",1,1041369,1041369,16416768,1384,"void at::native::vectorized_elementwise_kernel<8, at::native::CUDAFunctorOnSelf_add<short>, std::array<char*, 2ul> >(int, at::native::CUDAFunctorOnSelf_add<short>, std::array<char*, 2ul>)",256,0,0,8,0,32,"SQ_INSTS_VALU",1282560.000000,462161414523736,462161414609777
20,20,"Agent 2",1,1041369,1041369,16416768,1384,"void at::native::vectorized_elementwise_kernel<8, at::native::CUDAFunctorOnSelf_add<short>, std::array<char*, 2ul> >(int, at::native::CUDAFunctorOnSelf_add<short>, std::array<char*, 2ul>)",256,0,0,8,0,32,"SQ_INSTS_VMEM",513024.000000,462161414523736,462161414609777
21,21,"Agent 2",1,1041369,1041369,32833536,1124,"void at::native::elementwise_kernel_manual_unroll<128, 4, at::native::gpu_kernel_impl<at::native::direct_copy_kernel_cuda(at::TensorIteratorBase&)::{lambda()#3}::operator()() const::{lambda()#1}::operator()() const::{lambda(unsigned char)#1}>(at::TensorIteratorBase&, at::native::direct_copy_kernel_cuda(at::TensorIteratorBase&)::{lambda()#3}::operator()() const::{lambda()#1}::operator()() const::{lambda(unsigned char)#1} const&)::{lambda(int, bool)#1}>(int, at::native::gpu_kernel_impl<at::native::direct_copy_kernel_cuda(at::TensorIteratorBase&)::{lambda()#3}::operator()() const::{lambda()#1}::operator()() const::{lambda(unsigned char)#1}>(at::TensorIteratorBase&, at::native::direct_copy_kernel_cuda(at::TensorIteratorBase&)::{lambda()#3}::operator()() const::{lambda()#1}::operator()() const::{lambda(unsigned char)#1} const&)::{lambda(int, bool)#1})",128,0,0,8,0,64,"SQ_INSTS",135951360.000000,462161414701018,462161414908460
21,21,"Agent 2",1,1041369,1041369,32833536,1124,"void at::native::elementwise_kernel_manual_unroll<128, 4, at::native::gpu_kernel_impl<at::native::direct_copy_kernel_cuda(at::TensorIteratorBase&)::{lambda()#3}::operator()() const::{lambda()#1}::operator()() const::{lambda(unsigned char)#1}>(at::TensorIteratorBase&, at::native::direct_copy_kernel_cuda(at::TensorIteratorBase&)::{lambda()#3}::operator()() const::{lambda()#1}::operator()() const::{lambda(unsigned char)#1} const&)::{lambda(int, bool)#1}>(int, at::native::gpu_kernel_impl<at::native::direct_copy_kernel_cuda(at::TensorIteratorBase&)::{lambda()#3}::operator()() const::{lambda()#1}::operator()() const::{lambda(unsigned char)#1}>(at::TensorIteratorBase&, at::native::direct_copy_kernel_cuda(at::TensorIteratorBase&)::{lambda()#3}::operator()() const::{lambda()#1}::operator()() const::{lambda(unsigned char)#1} const&)::{lambda(int, bool)#1})",128,0,0,8,0,64,"SQ_INSTS_SALU",69771264.000000,462161414701018,462161414908460
21,21,"Agent 2",1,1041369,1041369,32833536,1124,"void at::native::elementwise_kernel_manual_unroll<128, 4, at::native::gpu_kernel_impl<at::native::direct_copy_kernel_cuda(at::TensorIteratorBase&)::{lambda()#3}::operator()() const::{lambda()#1}::operator()() const::{lambda(unsigned char)#1}>(at::TensorIteratorBase&, at::native::direct_copy_kernel_cuda(at::TensorIteratorBase&)::{lambda()#3}::operator()() const::{lambda()#1}::operator()() const::{lambda(unsigned char)#1} const&)::{lambda(int, bool)#1}>(int, at::native::gpu_kernel_impl<at::native::direct_copy_kernel_cuda(at::TensorIteratorBase&)::{lambda()#3}::operator()() const::{lambda()#1}::operator()() const::{lambda(unsigned char)#1}>(at::TensorIteratorBase&, at::native::direct_copy_kernel_cuda(at::TensorIteratorBase&)::{lambda()#3}::operator()() const::{lambda()#1}::operator()() const::{lambda(unsigned char)#1} const&)::{lambda(int, bool)#1})",128,0,0,8,0,64,"SQ_INSTS_SMEM",1539072.000000,462161414701018,462161414908460
21,21,"Agent 2",1,1041369,1041369,32833536,1124,"void at::native::elementwise_kernel_manual_unroll<128, 4, at::native::gpu_kernel_impl<at::native::direct_copy_kernel_cuda(at::TensorIteratorBase&)::{lambda()#3}::operator()() const::{lambda()#1}::operator()() const::{lambda(unsigned char)#1}>(at::TensorIteratorBase&, at::native::direct_copy_kernel_cuda(at::TensorIteratorBase&)::{lambda()#3}::operator()() const::{lambda()#1}::operator()() const::{lambda(unsigned char)#1} const&)::{lambda(int, bool)#1}>(int, at::native::gpu_kernel_impl<at::native::direct_copy_kernel_cuda(at::TensorIteratorBase&)::{lambda()#3}::operator()() const::{lambda()#1}::operator()() const::{lambda(unsigned char)#1}>(at::TensorIteratorBase&, at::native::direct_copy_kernel_cuda(at::TensorIteratorBase&)::{lambda()#3}::operator()() const::{lambda()#1}::operator()() const::{lambda(unsigned char)#1} const&)::{lambda(int, bool)#1})",128,0,0,8,0,64,"SQ_INSTS_VALU",14877696.000000,462161414701018,462161414908460
21,21,"Agent 2",1,1041369,1041369,32833536,1124,"void at::native::elementwise_kernel_manual_unroll<128, 4, at::native::gpu_kernel_impl<at::native::direct_copy_kernel_cuda(at::TensorIteratorBase&)::{lambda()#3}::operator()() const::{lambda()#1}::operator()() const::{lambda(unsigned char)#1}>(at::TensorIteratorBase&, at::native::direct_copy_kernel_cuda(at::TensorIteratorBase&)::{lambda()#3}::operator()() const::{lambda()#1}::operator()() const::{lambda(unsigned char)#1} const&)::{lambda(int, bool)#1}>(int, at::native::gpu_kernel_impl<at::native::direct_copy_kernel_cuda(at::TensorIteratorBase&)::{lambda()#3}::operator()() const::{lambda()#1}::operator()() const::{lambda(unsigned char)#1}>(at::TensorIteratorBase&, at::native::direct_copy_kernel_cuda(at::TensorIteratorBase&)::{lambda()#3}::operator()() const::{lambda()#1}::operator()() const::{lambda(unsigned char)#1} const&)::{lambda(int, bool)#1})",128,0,0,8,0,64,"SQ_INSTS_VMEM",4617216.000000,462161414701018,462161414908460
22,22,"Agent 2",1,1041369,1041369,131072,117,"__amd_rocclr_copyBuffer",512,0,0,8,0,32,"SQ_INSTS",1594368.000000,462161415002821,462161415051701
22,22,"Agent 2",1,1041369,1041369,131072,117,"__amd_rocclr_copyBuffer",512,0,0,8,0,32,"SQ_INSTS_SALU",283136.000000,462161415002821,462161415051701
22,22,"Agent 2",1,1041369,1041369,131072,117,"__amd_rocclr_copyBuffer",512,0,0,8,0,32,"SQ_INSTS_SMEM",0.00000000e+00,462161415002821,462161415051701
22,22,"Agent 2",1,1041369,1041369,131072,117,"__amd_rocclr_copyBuffer",512,0,0,8,0,32,"SQ_INSTS_VALU",787968.000000,462161415002821,462161415051701
22,22,"Agent 2",1,1041369,1041369,131072,117,"__amd_rocclr_copyBuffer",512,0,0,8,0,32,"SQ_INSTS_VMEM",256512.000000,462161415002821,462161415051701
23,23,"Agent 2",1,1041369,1041369,16416768,1047,"void at::native::elementwise_kernel_manual_unroll<128, 8, at::native::gpu_kernel_impl_nocast<at::native::direct_copy_kernel_cuda(at::TensorIteratorBase&)::{lambda()#3}::operator()() const::{lambda()#1}::operator()() const::{lambda(unsigned char)#1}>(at::TensorIteratorBase&, at::native::direct_copy_kernel_cuda(at::TensorIteratorBase&)::{lambda()#3}::operator()() const::{lambda()#1}::operator()() const::{lambda(unsigned char)#1} const&)::{lambda(int, bool)#1}>(int, at::native::gpu_kernel_impl_nocast<at::native::direct_copy_kernel_cuda(at::TensorIteratorBase&)::{lambda()#3}::operator()() const::{lambda()#1}::operator()() const::{lambda(unsigned char)#1}>(at::TensorIteratorBase&, at::native::direct_copy_kernel_cuda(at::TensorIteratorBase&)::{lambda()#3}::operator()() const::{lambda()#1}::operator()() const::{lambda(unsigned char)#1} const&)::{lambda(int, bool)#1})",128,0,0,20,0,80,"SQ_INSTS",257025024.000000,462161415138662,462161415355024
23,23,"Agent 2",1,1041369,1041369,16416768,1047,"void at::native::elementwise_kernel_manual_unroll<128, 8, at::native::gpu_kernel_impl_nocast<at::native::direct_copy_kernel_cuda(at::TensorIteratorBase&)::{lambda()#3}::operator()() const::{lambda()#1}::operator()() const::{lambda(unsigned char)#1}>(at::TensorIteratorBase&, at::native::direct_copy_kernel_cuda(at::TensorIteratorBase&)::{lambda()#3}::operator()() const::{lambda()#1}::operator()() const::{lambda(unsigned char)#1} const&)::{lambda(int, bool)#1}>(int, at::native::gpu_kernel_impl_nocast<at::native::direct_copy_kernel_cuda(at::TensorIteratorBase&)::{lambda()#3}::operator()() const::{lambda()#1}::operator()() const::{lambda(unsigned char)#1}>(at::TensorIteratorBase&, at::native::direct_copy_kernel_cuda(at::TensorIteratorBase&)::{lambda()#3}::operator()() const::{lambda()#1}::operator()() const::{lambda(unsigned char)#1} const&)::{lambda(int, bool)#1})",128,0,0,20,0,80,"SQ_INSTS_SALU",81827328.000000,462161415138662,462161415355024
23,23,"Agent 2",1,1041369,1041369,16416768,1047,"void at::native::elementwise_kernel_manual_unroll<128, 8, at::native::gpu_kernel_impl_nocast<at::native::direct_copy_kernel_cuda(at::TensorIteratorBase&)::{lambda()#3}::operator()() const::{lambda()#1}::operator()() const::{lambda(unsigned char)#1}>(at::TensorIteratorBase&, at::native::direct_copy_kernel_cuda(at::TensorIteratorBase&)::{lambda()#3}::operator()() const::{lambda()#1}::operator()() const::{lambda(unsigned char)#1} const&)::{lambda(int, bool)#1}>(int, at::native::gpu_kernel_impl_nocast<at::native::direct_copy_kernel_cuda(at::TensorIteratorBase&)::{lambda()#3}::operator()() const::{lambda()#1}::operator()() const::{lambda(unsigned char)#1}>(at::TensorIteratorBase&, at::native::direct_copy_kernel_cuda(at::TensorIteratorBase&)::{lambda()#3}::operator()() const::{lambda()#1}::operator()() const::{lambda(unsigned char)#1} const&)::{lambda(int, bool)#1})",128,0,0,20,0,80,"SQ_INSTS_SMEM",19238400.000000,462161415138662,462161415355024
23,23,"Agent 2",1,1041369,1041369,16416768,1047,"void at::native::elementwise_kernel_manual_unroll<128, 8, at::native::gpu_kernel_impl_nocast<at::native::direct_copy_kernel_cuda(at::TensorIteratorBase&)::{lambda()#3}::operator()() const::{lambda()#1}::operator()() const::{lambda(unsigned char)#1}>(at::TensorIteratorBase&, at::native::direct_copy_kernel_cuda(at::TensorIteratorBase&)::{lambda()#3}::operator()() const::{lambda()#1}::operator()() const::{lambda(unsigned char)#1} const&)::{lambda(int, bool)#1}>(int, at::native::gpu_kernel_impl_nocast<at::native::direct_copy_kernel_cuda(at::TensorIteratorBase&)::{lambda()#3}::operator()() const::{lambda()#1}::operator()() const::{lambda(unsigned char)#1}>(at::TensorIteratorBase&, at::native::direct_copy_kernel_cuda(at::TensorIteratorBase&)::{lambda()#3}::operator()() const::{lambda()#1}::operator()() const::{lambda(unsigned char)#1} const&)::{lambda(int, bool)#1})",128,0,0,20,0,80,"SQ_INSTS_VALU",123895296.000000,462161415138662,462161415355024
23,23,"Agent 2",1,1041369,1041369,16416768,1047,"void at::native::elementwise_kernel_manual_unroll<128, 8, at::native::gpu_kernel_impl_nocast<at::native::direct_copy_kernel_cuda(at::TensorIteratorBase&)::{lambda()#3}::operator()() const::{lambda()#1}::operator()() const::{lambda(unsigned char)#1}>(at::TensorIteratorBase&, at::native::direct_copy_kernel_cuda(at::TensorIteratorBase&)::{lambda()#3}::operator()() const::{lambda()#1}::operator()() const::{lambda(unsigned char)#1} const&)::{lambda(int, bool)#1}>(int, at::native::gpu_kernel_impl_nocast<at::native::direct_copy_kernel_cuda(at::TensorIteratorBase&)::{lambda()#3}::operator()() const::{lambda()#1}::operator()() const::{lambda(unsigned char)#1}>(at::TensorIteratorBase&, at::native::direct_copy_kernel_cuda(at::TensorIteratorBase&)::{lambda()#3}::operator()() const::{lambda()#1}::operator()() const::{lambda(unsigned char)#1} const&)::{lambda(int, bool)#1})",128,0,0,20,0,80,"SQ_INSTS_VMEM",4104192.000000,462161415138662,462161415355024
24,24,"Agent 2",1,1041369,1041369,16416768,1047,"void at::native::elementwise_kernel_manual_unroll<128, 8, at::native::gpu_kernel_impl_nocast<at::native::direct_copy_kernel_cuda(at::TensorIteratorBase&)::{lambda()#3}::operator()() const::{lambda()#1}::operator()() const::{lambda(unsigned char)#1}>(at::TensorIteratorBase&, at::native::direct_copy_kernel_cuda(at::TensorIteratorBase&)::{lambda()#3}::operator()() const::{lambda()#1}::operator()() const::{lambda(unsigned char)#1} const&)::{lambda(int, bool)#1}>(int, at::native::gpu_kernel_impl_nocast<at::native::direct_copy_kernel_cuda(at::TensorIteratorBase&)::{lambda()#3}::operator()() const::{lambda()#1}::operator()() const::{lambda(unsigned char)#1}>(at::TensorIteratorBase&, at::native::direct_copy_kernel_cuda(at::TensorIteratorBase&)::{lambda()#3}::operator()() const::{lambda()#1}::operator()() const::{lambda(unsigned char)#1} const&)::{lambda(int, bool)#1})",128,0,0,20,0,80,"SQ_INSTS",154420224.000000,462161415442825,462161415572747
24,24,"Agent 2",1,1041369,1041369,16416768,1047,"void at::native::elementwise_kernel_manual_unroll<128, 8, at::native::gpu_kernel_impl_nocast<at::native::direct_copy_kernel_cuda(at::TensorIteratorBase&)::{lambda()#3}::operator()() const::{lambda()#1}::operator()() const::{lambda(unsigned char)#1}>(at::TensorIteratorBase&, at::native::direct_copy_kernel_cuda(at::TensorIteratorBase&)::{lambda()#3}::operator()() const::{lambda()#1}::operator()() const::{lambda(unsigned char)#1} const&)::{lambda(int, bool)#1}>(int, at::native::gpu_kernel_impl_nocast<at::native::direct_copy_kernel_cuda(at::TensorIteratorBase&)::{lambda()#3}::operator()() const::{lambda()#1}::operator()() const::{lambda(unsigned char)#1}>(at::TensorIteratorBase&, at::native::direct_copy_kernel_cuda(at::TensorIteratorBase&)::{lambda()#3}::operator()() const::{lambda()#1}::operator()() const::{lambda(unsigned char)#1} const&)::{lambda(int, bool)#1})",128,0,0,20,0,80,"SQ_INSTS_SALU",40785408.000000,462161415442825,462161415572747
24,24,"Agent 2",1,1041369,1041369,16416768,1047,"void at::native::elementwise_kernel_manual_unroll<128, 8, at::native::gpu_kernel_impl_nocast<at::native::direct_copy_kernel_cuda(at::TensorIteratorBase&)::{lambda()#3}::operator()() const::{lambda()#1}::operator()() const::{lambda(unsigned char)#1}>(at::TensorIteratorBase&, at::native::direct_copy_kernel_cuda(at::TensorIteratorBase&)::{lambda()#3}::operator()() const::{lambda()#1}::operator()() const::{lambda(unsigned char)#1} const&)::{lambda(int, bool)#1}>(int, at::native::gpu_kernel_impl_nocast<at::native::direct_copy_kernel_cuda(at::TensorIteratorBase&)::{lambda()#3}::operator()() const::{lambda()#1}::operator()() const::{lambda(unsigned char)#1}>(at::TensorIteratorBase&, at::native::direct_copy_kernel_cuda(at::TensorIteratorBase&)::{lambda()#3}::operator()() const::{lambda()#1}::operator()() const::{lambda(unsigned char)#1} const&)::{lambda(int, bool)#1})",128,0,0,20,0,80,"SQ_INSTS_SMEM",6925824.000000,462161415442825,462161415572747
24,24,"Agent 2",1,1041369,1041369,16416768,1047,"void at::native::elementwise_kernel_manual_unroll<128, 8, at::native::gpu_kernel_impl_nocast<at::native::direct_copy_kernel_cuda(at::TensorIteratorBase&)::{lambda()#3}::operator()() const::{lambda()#1}::operator()() const::{lambda(unsigned char)#1}>(at::TensorIteratorBase&, at::native::direct_copy_kernel_cuda(at::TensorIteratorBase&)::{lambda()#3}::operator()() const::{lambda()#1}::operator()() const::{lambda(unsigned char)#1} const&)::{lambda(int, bool)#1}>(int, at::native::gpu_kernel_impl_nocast<at::native::direct_copy_kernel_cuda(at::TensorIteratorBase&)::{lambda()#3}::operator()() const::{lambda()#1}::operator()() const::{lambda(unsigned char)#1}>(at::TensorIteratorBase&, at::native::direct_copy_kernel_cuda(at::TensorIteratorBase&)::{lambda()#3}::operator()() const::{lambda()#1}::operator()() const::{lambda(unsigned char)#1} const&)::{lambda(int, bool)#1})",128,0,0,20,0,80,"SQ_INSTS_VALU",80801280.000000,462161415442825,462161415572747
24,24,"Agent 2",1,1041369,1041369,16416768,1047,"void at::native::elementwise_kernel_manual_unroll<128, 8, at::native::gpu_kernel_impl_nocast<at::native::direct_copy_kernel_cuda(at::TensorIteratorBase&)::{lambda()#3}::operator()() const::{lambda()#1}::operator()() const::{lambda(unsigned char)#1}>(at::TensorIteratorBase&, at::native::direct_copy_kernel_cuda(at::TensorIteratorBase&)::{lambda()#3}::operator()() const::{lambda()#1}::operator()() const::{lambda(unsigned char)#1} const&)::{lambda(int, bool)#1}>(int, at::native::gpu_kernel_impl_nocast<at::native::direct_copy_kernel_cuda(at::TensorIteratorBase&)::{lambda()#3}::operator()() const::{lambda()#1}::operator()() const::{lambda(unsigned char)#1}>(at::TensorIteratorBase&, at::native::direct_copy_kernel_cuda(at::TensorIteratorBase&)::{lambda()#3}::operator()() const::{lambda()#1}::operator()() const::{lambda(unsigned char)#1} const&)::{lambda(int, bool)#1})",128,0,0,20,0,80,"SQ_INSTS_VMEM",4104192.000000,462161415442825,462161415572747
25,25,"Agent 2",1,1041369,1041369,16777216,795,"void at::native::vectorized_elementwise_kernel<8, at::native::FillFunctor<c10::BFloat16>, std::array<char*, 1ul> >(int, at::native::FillFunctor<c10::BFloat16>, std::array<char*, 1ul>)",256,0,0,4,0,16,"SQ_INSTS",5767168.000000,462161415657747,462161415691788
25,25,"Agent 2",1,1041369,1041369,16777216,795,"void at::native::vectorized_elementwise_kernel<8, at::native::FillFunctor<c10::BFloat16>, std::array<char*, 1ul> >(int, at::native::FillFunctor<c10::BFloat16>, std::array<char*, 1ul>)",256,0,0,4,0,16,"SQ_INSTS_SALU",2883584.000000,462161415657747,462161415691788
25,25,"Agent 2",1,1041369,1041369,16777216,795,"void at::native::vectorized_elementwise_kernel<8, at::native::FillFunctor<c10::BFloat16>, std::array<char*, 1ul> >(int, at::native::FillFunctor<c10::BFloat16>, std::array<char*, 1ul>)",256,0,0,4,0,16,"SQ_INSTS_SMEM",262144.000000,462161415657747,462161415691788
25,25,"Agent 2",1,1041369,1041369,16777216,795,"void at::native::vectorized_elementwise_kernel<8, at::native::FillFunctor<c10::BFloat16>, std::array<char*, 1ul> >(int, at::native::FillFunctor<c10::BFloat16>, std::array<char*, 1ul>)",256,0,0,4,0,16,"SQ_INSTS_VALU",1310720.000000,462161415657747,462161415691788
25,25,"Agent 2",1,1041369,1041369,16777216,795,"void at::native::vectorized_elementwise_kernel<8, at::native::FillFunctor<c10::BFloat16>, std::array<char*, 1ul> >(int, at::native::FillFunctor<c10::BFloat16>, std::array<char*, 1ul>)",256,0,0,4,0,16,"SQ_INSTS_VMEM",262144.000000,462161415657747,462161415691788
26,26,"Agent 2",1,1041369,1041369,16777216,795,"void at::native::vectorized_elementwise_kernel<8, at::native::FillFunctor<c10::BFloat16>, std::array<char*, 1ul> >(int, at::native::FillFunctor<c10::BFloat16>, std::array<char*, 1ul>)",256,0,0,4,0,16,"SQ_INSTS",5767168.000000,462161415776909,462161415810829
26,26,"Agent 2",1,1041369,1041369,16777216,795,"void at::native::vectorized_elementwise_kernel<8, at::native::FillFunctor<c10::BFloat16>, std::array<char*, 1ul> >(int, at::native::FillFunctor<c10::BFloat16>, std::array<char*, 1ul>)",256,0,0,4,0,16,"SQ_INSTS_SALU",2883584.000000,462161415776909,462161415810829
26,26,"Agent 2",1,1041369,1041369,16777216,795,"void at::native::vectorized_elementwise_kernel<8, at::native::FillFunctor<c10::BFloat16>, std::array<char*, 1ul> >(int, at::native::FillFunctor<c10::BFloat16>, std::array<char*, 1ul>)",256,0,0,4,0,16,"SQ_INSTS_SMEM",262144.000000,462161415776909,462161415810829
26,26,"Agent 2",1,1041369,1041369,16777216,795,"void at::native::vectorized_elementwise_kernel<8, at::native::FillFunctor<c10::BFloat16>, std::array<char*, 1ul> >(int, at::native::FillFunctor<c10::BFloat16>, std::array<char*, 1ul>)",256,0,0,4,0,16,"SQ_INSTS_VALU",1310720.000000,462161415776909,462161415810829
26,26,"Agent 2",1,1041369,1041369,16777216,795,"void at::native::vectorized_elementwise_kernel<8, at::native::FillFunctor<c10::BFloat16>, std::array<char*, 1ul> >(int, at::native::FillFunctor<c10::BFloat16>, std::array<char*, 1ul>)",256,0,0,4,0,16,"SQ_INSTS_VMEM",262144.000000,462161415776909,462161415810829
27,27,"Agent 2",1,1041369,1041369,524288,1510,"mxfp4_gluon_cpp_kernel(gluon_globals)",256,131072,0,256,0,112,"SQ_INSTS",967802880.000000,462161415894990,462161423971031
27,27,"Agent 2",1,1041369,1041369,524288,1510,"mxfp4_gluon_cpp_kernel(gluon_globals)",256,131072,0,256,0,112,"SQ_INSTS_SALU",160276480.000000,462161415894990,462161423971031
27,27,"Agent 2",1,1041369,1041369,524288,1510,"mxfp4_gluon_cpp_kernel(gluon_globals)",256,131072,0,256,0,112,"SQ_INSTS_SMEM",98304.000000,462161415894990,462161423971031
27,27,"Agent 2",1,1041369,1041369,524288,1510,"mxfp4_gluon_cpp_kernel(gluon_globals)",256,131072,0,256,0,112,"SQ_INSTS_VALU",554467328.000000,462161415894990,462161423971031
27,27,"Agent 2",1,1041369,1041369,524288,1510,"mxfp4_gluon_cpp_kernel(gluon_globals)",256,131072,0,256,0,112,"SQ_INSTS_VMEM",84475904.000000,462161415894990,462161423971031
28,28,"Agent 2",1,1041369,1041369,16777216,795,"void at::native::vectorized_elementwise_kernel<8, at::native::FillFunctor<c10::BFloat16>, std::array<char*, 1ul> >(int, at::native::FillFunctor<c10::BFloat16>, std::array<char*, 1ul>)",256,0,0,4,0,16,"SQ_INSTS",5767168.000000,462161424052392,462161424087072
28,28,"Agent 2",1,1041369,1041369,16777216,795,"void at::native::vectorized_elementwise_kernel<8, at::native::FillFunctor<c10::BFloat16>, std::array<char*, 1ul> >(int, at::native::FillFunctor<c10::BFloat16>, std::array<char*, 1ul>)",256,0,0,4,0,16,"SQ_INSTS_SALU",2883584.000000,462161424052392,462161424087072
28,28,"Agent 2",1,1041369,1041369,16777216,795,"void at::native::vectorized_elementwise_kernel<8, at::native::FillFunctor<c10::BFloat16>, std::array<char*, 1ul> >(int, at::native::FillFunctor<c10::BFloat16>, std::array<char*, 1ul>)",256,0,0,4,0,16,"SQ_INSTS_SMEM",262144.000000,462161424052392,462161424087072
28,28,"Agent 2",1,1041369,1041369,16777216,795,"void at::native::vectorized_elementwise_kernel<8, at::native::FillFunctor<c10::BFloat16>, std::array<char*, 1ul> >(int, at::native::FillFunctor<c10::BFloat16>, std::array<char*, 1ul>)",256,0,0,4,0,16,"SQ_INSTS_VALU",1310720.000000,462161424052392,462161424087072
28,28,"Agent 2",1,1041369,1041369,16777216,795,"void at::native::vectorized_elementwise_kernel<8, at::native::FillFunctor<c10::BFloat16>, std::array<char*, 1ul> >(int, at::native::FillFunctor<c10::BFloat16>, std::array<char*, 1ul>)",256,0,0,4,0,16,"SQ_INSTS_VMEM",262144.000000,462161424052392,462161424087072
29,29,"Agent 2",1,1041369,1041369,524288,1510,"mxfp4_gluon_cpp_kernel(gluon_globals)",256,131072,0,256,0,112,"SQ_INSTS",967802880.000000,462161424167873,462161431700228
29,29,"Agent 2",1,1041369,1041369,524288,1510,"mxfp4_gluon_cpp_kernel(gluon_globals)",256,131072,0,256,0,112,"SQ_INSTS_SALU",160276480.000000,462161424167873,462161431700228
29,29,"Agent 2",1,1041369,1041369,524288,1510,"mxfp4_gluon_cpp_kernel(gluon_globals)",256,131072,0,256,0,112,"SQ_INSTS_SMEM",98304.000000,462161424167873,462161431700228
29,29,"Agent 2",1,1041369,1041369,524288,1510,"mxfp4_gluon_cpp_kernel(gluon_globals)",256,131072,0,256,0,112,"SQ_INSTS_VALU",554467328.000000,462161424167873,462161431700228
29,29,"Agent 2",1,1041369,1041369,524288,1510,"mxfp4_gluon_cpp_kernel(gluon_globals)",256,131072,0,256,0,112,"SQ_INSTS_VMEM",84475904.000000,462161424167873,462161431700228
30,30,"Agent 2",1,1041369,1041369,16777216,795,"void at::native::vectorized_elementwise_kernel<8, at::native::FillFunctor<c10::BFloat16>, std::array<char*, 1ul> >(int, at::native::FillFunctor<c10::BFloat16>, std::array<char*, 1ul>)",256,0,0,4,0,16,"SQ_INSTS",5767168.000000,462161431779589,462161431814030
30,30,"Agent 2",1,1041369,1041369,16777216,795,"void at::native::vectorized_elementwise_kernel<8, at::native::FillFunctor<c10::BFloat16>, std::array<char*, 1ul> >(int, at::native::FillFunctor<c10::BFloat16>, std::array<char*, 1ul>)",256,0,0,4,0,16,"SQ_INSTS_SALU",2883584.000000,462161431779589,462161431814030
30,30,"Agent 2",1,1041369,1041369,16777216,795,"void at::native::vectorized_elementwise_kernel<8, at::native::FillFunctor<c10::BFloat16>, std::array<char*, 1ul> >(int, at::native::FillFunctor<c10::BFloat16>, std::array<char*, 1ul>)",256,0,0,4,0,16,"SQ_INSTS_SMEM",262144.000000,462161431779589,462161431814030
30,30,"Agent 2",1,1041369,1041369,16777216,795,"void at::native::vectorized_elementwise_kernel<8, at::native::FillFunctor<c10::BFloat16>, std::array<char*, 1ul> >(int, at::native::FillFunctor<c10::BFloat16>, std::array<char*, 1ul>)",256,0,0,4,0,16,"SQ_INSTS_VALU",1310720.000000,462161431779589,462161431814030
30,30,"Agent 2",1,1041369,1041369,16777216,795,"void at::native::vectorized_elementwise_kernel<8, at::native::FillFunctor<c10::BFloat16>, std::array<char*, 1ul> >(int, at::native::FillFunctor<c10::BFloat16>, std::array<char*, 1ul>)",256,0,0,4,0,16,"SQ_INSTS_VMEM",262144.000000,462161431779589,462161431814030
31,31,"Agent 2",1,1041369,1041369,524288,1510,"mxfp4_gluon_cpp_kernel(gluon_globals)",256,131072,0,256,0,112,"SQ_INSTS",967802880.000000,462161431902950,462161439044662
31,31,"Agent 2",1,1041369,1041369,524288,1510,"mxfp4_gluon_cpp_kernel(gluon_globals)",256,131072,0,256,0,112,"SQ_INSTS_SALU",160276480.000000,462161431902950,462161439044662
31,31,"Agent 2",1,1041369,1041369,524288,1510,"mxfp4_gluon_cpp_kernel(gluon_globals)",256,131072,0,256,0,112,"SQ_INSTS_SMEM",98304.000000,462161431902950,462161439044662
31,31,"Agent 2",1,1041369,1041369,524288,1510,"mxfp4_gluon_cpp_kernel(gluon_globals)",256,131072,0,256,0,112,"SQ_INSTS_VALU",554467328.000000,462161431902950,462161439044662
31,31,"Agent 2",1,1041369,1041369,524288,1510,"mxfp4_gluon_cpp_kernel(gluon_globals)",256,131072,0,256,0,112,"SQ_INSTS_VMEM",84475904.000000,462161431902950,462161439044662
32,32,"Agent 2",1,1041369,1041369,16777216,795,"void at::native::vectorized_elementwise_kernel<8, at::native::FillFunctor<c10::BFloat16>, std::array<char*, 1ul> >(int, at::native::FillFunctor<c10::BFloat16>, std::array<char*, 1ul>)",256,0,0,4,0,16,"SQ_INSTS",5767168.000000,462161439131703,462161439165903
32,32,"Agent 2",1,1041369,1041369,16777216,795,"void at::native::vectorized_elementwise_kernel<8, at::native::FillFunctor<c10::BFloat16>, std::array<char*, 1ul> >(int, at::native::FillFunctor<c10::BFloat16>, std::array<char*, 1ul>)",256,0,0,4,0,16,"SQ_INSTS_SALU",2883584.000000,462161439131703,462161439165903
32,32,"Agent 2",1,1041369,1041369,16777216,795,"void at::native::vectorized_elementwise_kernel<8, at::native::FillFunctor<c10::BFloat16>, std::array<char*, 1ul> >(int, at::native::FillFunctor<c10::BFloat16>, std::array<char*, 1ul>)",256,0,0,4,0,16,"SQ_INSTS_SMEM",262144.000000,462161439131703,462161439165903
32,32,"Agent 2",1,1041369,1041369,16777216,795,"void at::native::vectorized_elementwise_kernel<8, at::native::FillFunctor<c10::BFloat16>, std::array<char*, 1ul> >(int, at::native::FillFunctor<c10::BFloat16>, std::array<char*, 1ul>)",256,0,0,4,0,16,"SQ_INSTS_VALU",1310720.000000,462161439131703,462161439165903
32,32,"Agent 2",1,1041369,1041369,16777216,795,"void at::native::vectorized_elementwise_kernel<8, at::native::FillFunctor<c10::BFloat16>, std::array<char*, 1ul> >(int, at::native::FillFunctor<c10::BFloat16>, std::array<char*, 1ul>)",256,0,0,4,0,16,"SQ_INSTS_VMEM",262144.000000,462161439131703,462161439165903
33,33,"Agent 2",1,1041369,1041369,524288,1510,"mxfp4_gluon_cpp_kernel(gluon_globals)",256,131072,0,256,0,112,"SQ_INSTS",967802880.000000,462161439256584,462161446359375
33,33,"Agent 2",1,1041369,1041369,524288,1510,"mxfp4_gluon_cpp_kernel(gluon_globals)",256,131072,0,256,0,112,"SQ_INSTS_SALU",160276480.000000,462161439256584,462161446359375
33,33,"Agent 2",1,1041369,1041369,524288,1510,"mxfp4_gluon_cpp_kernel(gluon_globals)",256,131072,0,256,0,112,"SQ_INSTS_SMEM",98304.000000,462161439256584,462161446359375
33,33,"Agent 2",1,1041369,1041369,524288,1510,"mxfp4_gluon_cpp_kernel(gluon_globals)",256,131072,0,256,0,112,"SQ_INSTS_VALU",554467328.000000,462161439256584,462161446359375
33,33,"Agent 2",1,1041369,1041369,524288,1510,"mxfp4_gluon_cpp_kernel(gluon_globals)",256,131072,0,256,0,112,"SQ_INSTS_VMEM",84475904.000000,462161439256584,462161446359375
34,34,"Agent 2",1,1041369,1041369,16777216,795,"void at::native::vectorized_elementwise_kernel<8, at::native::FillFunctor<c10::BFloat16>, std::array<char*, 1ul> >(int, at::native::FillFunctor<c10::BFloat16>, std::array<char*, 1ul>)",256,0,0,4,0,16,"SQ_INSTS",5767168.000000,462161446449736,462161446483497
34,34,"Agent 2",1,1041369,1041369,16777216,795,"void at::native::vectorized_elementwise_kernel<8, at::native::FillFunctor<c10::BFloat16>, std::array<char*, 1ul> >(int, at::native::FillFunctor<c10::BFloat16>, std::array<char*, 1ul>)",256,0,0,4,0,16,"SQ_INSTS_SALU",2883584.000000,462161446449736,462161446483497
34,34,"Agent 2",1,1041369,1041369,16777216,795,"void at::native::vectorized_elementwise_kernel<8, at::native::FillFunctor<c10::BFloat16>, std::array<char*, 1ul> >(int, at::native::FillFunctor<c10::BFloat16>, std::array<char*, 1ul>)",256,0,0,4,0,16,"SQ_INSTS_SMEM",262144.000000,462161446449736,462161446483497
34,34,"Agent 2",1,1041369,1041369,16777216,795,"void at::native::vectorized_elementwise_kernel<8, at::native::FillFunctor<c10::BFloat16>, std::array<char*, 1ul> >(int, at::native::FillFunctor<c10::BFloat16>, std::array<char*, 1ul>)",256,0,0,4,0,16,"SQ_INSTS_VALU",1310720.000000,462161446449736,462161446483497
34,34,"Agent 2",1,1041369,1041369,16777216,795,"void at::native::vectorized_elementwise_kernel<8, at::native::FillFunctor<c10::BFloat16>, std::array<char*, 1ul> >(int, at::native::FillFunctor<c10::BFloat16>, std::array<char*, 1ul>)",256,0,0,4,0,16,"SQ_INSTS_VMEM",262144.000000,462161446449736,462161446483497
35,35,"Agent 2",1,1041369,1041369,524288,1510,"mxfp4_gluon_cpp_kernel(gluon_globals)",256,131072,0,256,0,112,"SQ_INSTS",967802880.000000,462161446564458,462161453613208
35,35,"Agent 2",1,1041369,1041369,524288,1510,"mxfp4_gluon_cpp_kernel(gluon_globals)",256,131072,0,256,0,112,"SQ_INSTS_SALU",160276480.000000,462161446564458,462161453613208
35,35,"Agent 2",1,1041369,1041369,524288,1510,"mxfp4_gluon_cpp_kernel(gluon_globals)",256,131072,0,256,0,112,"SQ_INSTS_SMEM",98304.000000,462161446564458,462161453613208
35,35,"Agent 2",1,1041369,1041369,524288,1510,"mxfp4_gluon_cpp_kernel(gluon_globals)",256,131072,0,256,0,112,"SQ_INSTS_VALU",554467328.000000,462161446564458,462161453613208
35,35,"Agent 2",1,1041369,1041369,524288,1510,"mxfp4_gluon_cpp_kernel(gluon_globals)",256,131072,0,256,0,112,"SQ_INSTS_VMEM",84475904.000000,462161446564458,462161453613208
36,36,"Agent 2",1,1041369,1041369,16777216,795,"void at::native::vectorized_elementwise_kernel<8, at::native::FillFunctor<c10::BFloat16>, std::array<char*, 1ul> >(int, at::native::FillFunctor<c10::BFloat16>, std::array<char*, 1ul>)",256,0,0,4,0,16,"SQ_INSTS",5767168.000000,462161453795170,462161453829610
36,36,"Agent 2",1,1041369,1041369,16777216,795,"void at::native::vectorized_elementwise_kernel<8, at::native::FillFunctor<c10::BFloat16>, std::array<char*, 1ul> >(int, at::native::FillFunctor<c10::BFloat16>, std::array<char*, 1ul>)",256,0,0,4,0,16,"SQ_INSTS_SALU",2883584.000000,462161453795170,462161453829610
36,36,"Agent 2",1,1041369,1041369,16777216,795,"void at::native::vectorized_elementwise_kernel<8, at::native::FillFunctor<c10::BFloat16>, std::array<char*, 1ul> >(int, at::native::FillFunctor<c10::BFloat16>, std::array<char*, 1ul>)",256,0,0,4,0,16,"SQ_INSTS_SMEM",262144.000000,462161453795170,462161453829610
36,36,"Agent 2",1,1041369,1041369,16777216,795,"void at::native::vectorized_elementwise_kernel<8, at::native::FillFunctor<c10::BFloat16>, std::array<char*, 1ul> >(int, at::native::FillFunctor<c10::BFloat16>, std::array<char*, 1ul>)",256,0,0,4,0,16,"SQ_INSTS_VALU",1310720.000000,462161453795170,462161453829610
36,36,"Agent 2",1,1041369,1041369,16777216,795,"void at::native::vectorized_elementwise_kernel<8, at::native::FillFunctor<c10::BFloat16>, std::array<char*, 1ul> >(int, at::native::FillFunctor<c10::BFloat16>, std::array<char*, 1ul>)",256,0,0,4,0,16,"SQ_INSTS_VMEM",262144.000000,462161453795170,462161453829610
37,37,"Agent 2",1,1041369,1041369,524288,1510,"mxfp4_gluon_cpp_kernel(gluon_globals)",256,131072,0,256,0,112,"SQ_INSTS",967802880.000000,462161453916931,462161460922322
37,37,"Agent 2",1,1041369,1041369,524288,1510,"mxfp4_gluon_cpp_kernel(gluon_globals)",256,131072,0,256,0,112,"SQ_INSTS_SALU",160276480.000000,462161453916931,462161460922322
37,37,"Agent 2",1,1041369,1041369,524288,1510,"mxfp4_gluon_cpp_kernel(gluon_globals)",256,131072,0,256,0,112,"SQ_INSTS_SMEM",98304.000000,462161453916931,462161460922322
37,37,"Agent 2",1,1041369,1041369,524288,1510,"mxfp4_gluon_cpp_kernel(gluon_globals)",256,131072,0,256,0,112,"SQ_INSTS_VALU",554467328.000000,462161453916931,462161460922322
37,37,"Agent 2",1,1041369,1041369,524288,1510,"mxfp4_gluon_cpp_kernel(gluon_globals)",256,131072,0,256,0,112,"SQ_INSTS_VMEM",84475904.000000,462161453916931,462161460922322
38,38,"Agent 2",1,1041369,1041369,16777216,795,"void at::native::vectorized_elementwise_kernel<8, at::native::FillFunctor<c10::BFloat16>, std::array<char*, 1ul> >(int, at::native::FillFunctor<c10::BFloat16>, std::array<char*, 1ul>)",256,0,0,4,0,16,"SQ_INSTS",5767168.000000,462161461014162,462161461048123
38,38,"Agent 2",1,1041369,1041369,16777216,795,"void at::native::vectorized_elementwise_kernel<8, at::native::FillFunctor<c10::BFloat16>, std::array<char*, 1ul> >(int, at::native::FillFunctor<c10::BFloat16>, std::array<char*, 1ul>)",256,0,0,4,0,16,"SQ_INSTS_SALU",2883584.000000,462161461014162,462161461048123
38,38,"Agent 2",1,1041369,1041369,16777216,795,"void at::native::vectorized_elementwise_kernel<8, at::native::FillFunctor<c10::BFloat16>, std::array<char*, 1ul> >(int, at::native::FillFunctor<c10::BFloat16>, std::array<char*, 1ul>)",256,0,0,4,0,16,"SQ_INSTS_SMEM",262144.000000,462161461014162,462161461048123
38,38,"Agent 2",1,1041369,1041369,16777216,795,"void at::native::vectorized_elementwise_kernel<8, at::native::FillFunctor<c10::BFloat16>, std::array<char*, 1ul> >(int, at::native::FillFunctor<c10::BFloat16>, std::array<char*, 1ul>)",256,0,0,4,0,16,"SQ_INSTS_VALU",1310720.000000,462161461014162,462161461048123
38,38,"Agent 2",1,1041369,1041369,16777216,795,"void at::native::vectorized_elementwise_kernel<8, at::native::FillFunctor<c10::BFloat16>, std::array<char*, 1ul> >(int, at::native::FillFunctor<c10::BFloat16>, std::array<char*, 1ul>)",256,0,0,4,0,16,"SQ_INSTS_VMEM",262144.000000,462161461014162,462161461048123
39,39,"Agent 2",1,1041369,1041369,524288,1510,"mxfp4_gluon_cpp_kernel(gluon_globals)",256,131072,0,256,0,112,"SQ_INSTS",967802880.000000,462161461133364,462161468130994
39,39,"Agent 2",1,1041369,1041369,524288,1510,"mxfp4_gluon_cpp_kernel(gluon_globals)",256,131072,0,256,0,112,"SQ_INSTS_SALU",160276480.000000,462161461133364,462161468130994
39,39,"Agent 2",1,1041369,1041369,524288,1510,"mxfp4_gluon_cpp_kernel(gluon_globals)",256,131072,0,256,0,112,"SQ_INSTS_SMEM",98304.000000,462161461133364,462161468130994
39,39,"Agent 2",1,1041369,1041369,524288,1510,"mxfp4_gluon_cpp_kernel(gluon_globals)",256,131072,0,256,0,112,"SQ_INSTS_VALU",554467328.000000,462161461133364,462161468130994
39,39,"Agent 2",1,1041369,1041369,524288,1510,"mxfp4_gluon_cpp_kernel(gluon_globals)",256,131072,0,256,0,112,"SQ_INSTS_VMEM",84475904.000000,462161461133364,462161468130994
40,40,"Agent 2",1,1041369,1041369,16777216,795,"void at::native::vectorized_elementwise_kernel<8, at::native::FillFunctor<c10::BFloat16>, std::array<char*, 1ul> >(int, at::native::FillFunctor<c10::BFloat16>, std::array<char*, 1ul>)",256,0,0,4,0,16,"SQ_INSTS",5767168.000000,462161468213835,462161468247395
40,40,"Agent 2",1,1041369,1041369,16777216,795,"void at::native::vectorized_elementwise_kernel<8, at::native::FillFunctor<c10::BFloat16>, std::array<char*, 1ul> >(int, at::native::FillFunctor<c10::BFloat16>, std::array<char*, 1ul>)",256,0,0,4,0,16,"SQ_INSTS_SALU",2883584.000000,462161468213835,462161468247395
40,40,"Agent 2",1,1041369,1041369,16777216,795,"void at::native::vectorized_elementwise_kernel<8, at::native::FillFunctor<c10::BFloat16>, std::array<char*, 1ul> >(int, at::native::FillFunctor<c10::BFloat16>, std::array<char*, 1ul>)",256,0,0,4,0,16,"SQ_INSTS_SMEM",262144.000000,462161468213835,462161468247395
40,40,"Agent 2",1,1041369,1041369,16777216,795,"void at::native::vectorized_elementwise_kernel<8, at::native::FillFunctor<c10::BFloat16>, std::array<char*, 1ul> >(int, at::native::FillFunctor<c10::BFloat16>, std::array<char*, 1ul>)",256,0,0,4,0,16,"SQ_INSTS_VALU",1310720.000000,462161468213835,462161468247395
40,40,"Agent 2",1,1041369,1041369,16777216,795,"void at::native::vectorized_elementwise_kernel<8, at::native::FillFunctor<c10::BFloat16>, std::array<char*, 1ul> >(int, at::native::FillFunctor<c10::BFloat16>, std::array<char*, 1ul>)",256,0,0,4,0,16,"SQ_INSTS_VMEM",262144.000000,462161468213835,462161468247395
41,41,"Agent 2",1,1041369,1041369,524288,1510,"mxfp4_gluon_cpp_kernel(gluon_globals)",256,131072,0,256,0,112,"SQ_INSTS",967802880.000000,462161468332076,462161475328426
41,41,"Agent 2",1,1041369,1041369,524288,1510,"mxfp4_gluon_cpp_kernel(gluon_globals)",256,131072,0,256,0,112,"SQ_INSTS_SALU",160276480.000000,462161468332076,462161475328426
41,41,"Agent 2",1,1041369,1041369,524288,1510,"mxfp4_gluon_cpp_kernel(gluon_globals)",256,131072,0,256,0,112,"SQ_INSTS_SMEM",98304.000000,462161468332076,462161475328426
41,41,"Agent 2",1,1041369,1041369,524288,1510,"mxfp4_gluon_cpp_kernel(gluon_globals)",256,131072,0,256,0,112,"SQ_INSTS_VALU",554467328.000000,462161468332076,462161475328426
41,41,"Agent 2",1,1041369,1041369,524288,1510,"mxfp4_gluon_cpp_kernel(gluon_globals)",256,131072,0,256,0,112,"SQ_INSTS_VMEM",84475904.000000,462161468332076,462161475328426
42,42,"Agent 2",1,1041369,1041369,16777216,795,"void at::native::vectorized_elementwise_kernel<8, at::native::FillFunctor<c10::BFloat16>, std::array<char*, 1ul> >(int, at::native::FillFunctor<c10::BFloat16>, std::array<char*, 1ul>)",256,0,0,4,0,16,"SQ_INSTS",5767168.000000,462161475416827,462161475450987
42,42,"Agent 2",1,1041369,1041369,16777216,795,"void at::native::vectorized_elementwise_kernel<8, at::native::FillFunctor<c10::BFloat16>, std::array<char*, 1ul> >(int, at::native::FillFunctor<c10::BFloat16>, std::array<char*, 1ul>)",256,0,0,4,0,16,"SQ_INSTS_SALU",2883584.000000,462161475416827,462161475450987
42,42,"Agent 2",1,1041369,1041369,16777216,795,"void at::native::vectorized_elementwise_kernel<8, at::native::FillFunctor<c10::BFloat16>, std::array<char*, 1ul> >(int, at::native::FillFunctor<c10::BFloat16>, std::array<char*, 1ul>)",256,0,0,4,0,16,"SQ_INSTS_SMEM",262144.000000,462161475416827,462161475450987
42,42,"Agent 2",1,1041369,1041369,16777216,795,"void at::native::vectorized_elementwise_kernel<8, at::native::FillFunctor<c10::BFloat16>, std::array<char*, 1ul> >(int, at::native::FillFunctor<c10::BFloat16>, std::array<char*, 1ul>)",256,0,0,4,0,16,"SQ_INSTS_VALU",1310720.000000,462161475416827,462161475450987
42,42,"Agent 2",1,1041369,1041369,16777216,795,"void at::native::vectorized_elementwise_kernel<8, at::native::FillFunctor<c10::BFloat16>, std::array<char*, 1ul> >(int, at::native::FillFunctor<c10::BFloat16>, std::array<char*, 1ul>)",256,0,0,4,0,16,"SQ_INSTS_VMEM",262144.000000,462161475416827,462161475450987
43,43,"Agent 2",1,1041369,1041369,524288,1510,"mxfp4_gluon_cpp_kernel(gluon_globals)",256,131072,0,256,0,112,"SQ_INSTS",967802880.000000,462161475543649,462161482552440
43,43,"Agent 2",1,1041369,1041369,524288,1510,"mxfp4_gluon_cpp_kernel(gluon_globals)",256,131072,0,256,0,112,"SQ_INSTS_SALU",160276480.000000,462161475543649,462161482552440
43,43,"Agent 2",1,1041369,1041369,524288,1510,"mxfp4_gluon_cpp_kernel(gluon_globals)",256,131072,0,256,0,112,"SQ_INSTS_SMEM",98304.000000,462161475543649,462161482552440
43,43,"Agent 2",1,1041369,1041369,524288,1510,"mxfp4_gluon_cpp_kernel(gluon_globals)",256,131072,0,256,0,112,"SQ_INSTS_VALU",554467328.000000,462161475543649,462161482552440
43,43,"Agent 2",1,1041369,1041369,524288,1510,"mxfp4_gluon_cpp_kernel(gluon_globals)",256,131072,0,256,0,112,"SQ_INSTS_VMEM",84475904.000000,462161475543649,462161482552440
44,44,"Agent 2",1,1041369,1041369,16777216,795,"void at::native::vectorized_elementwise_kernel<8, at::native::FillFunctor<c10::BFloat16>, std::array<char*, 1ul> >(int, at::native::FillFunctor<c10::BFloat16>, std::array<char*, 1ul>)",256,0,0,4,0,16,"SQ_INSTS",5767168.000000,462161482643400,462161482676920
44,44,"Agent 2",1,1041369,1041369,16777216,795,"void at::native::vectorized_elementwise_kernel<8, at::native::FillFunctor<c10::BFloat16>, std::array<char*, 1ul> >(int, at::native::FillFunctor<c10::BFloat16>, std::array<char*, 1ul>)",256,0,0,4,0,16,"SQ_INSTS_SALU",2883584.000000,462161482643400,462161482676920
44,44,"Agent 2",1,1041369,1041369,16777216,795,"void at::native::vectorized_elementwise_kernel<8, at::native::FillFunctor<c10::BFloat16>, std::array<char*, 1ul> >(int, at::native::FillFunctor<c10::BFloat16>, std::array<char*, 1ul>)",256,0,0,4,0,16,"SQ_INSTS_SMEM",262144.000000,462161482643400,462161482676920
44,44,"Agent 2",1,1041369,1041369,16777216,795,"void at::native::vectorized_elementwise_kernel<8, at::native::FillFunctor<c10::BFloat16>, std::array<char*, 1ul> >(int, at::native::FillFunctor<c10::BFloat16>, std::array<char*, 1ul>)",256,0,0,4,0,16,"SQ_INSTS_VALU",1310720.000000,462161482643400,462161482676920
44,44,"Agent 2",1,1041369,1041369,16777216,795,"void at::native::vectorized_elementwise_kernel<8, at::native::FillFunctor<c10::BFloat16>, std::array<char*, 1ul> >(int, at::native::FillFunctor<c10::BFloat16>, std::array<char*, 1ul>)",256,0,0,4,0,16,"SQ_INSTS_VMEM",262144.000000,462161482643400,462161482676920
45,45,"Agent 2",1,1041369,1041369,524288,1510,"mxfp4_gluon_cpp_kernel(gluon_globals)",256,131072,0,256,0,112,"SQ_INSTS",967802880.000000,462161482759001,462161489747712
45,45,"Agent 2",1,1041369,1041369,524288,1510,"mxfp4_gluon_cpp_kernel(gluon_globals)",256,131072,0,256,0,112,"SQ_INSTS_SALU",160276480.000000,462161482759001,462161489747712
45,45,"Agent 2",1,1041369,1041369,524288,1510,"mxfp4_gluon_cpp_kernel(gluon_globals)",256,131072,0,256,0,112,"SQ_INSTS_SMEM",98304.000000,462161482759001,462161489747712
45,45,"Agent 2",1,1041369,1041369,524288,1510,"mxfp4_gluon_cpp_kernel(gluon_globals)",256,131072,0,256,0,112,"SQ_INSTS_VALU",554467328.000000,462161482759001,462161489747712
45,45,"Agent 2",1,1041369,1041369,524288,1510,"mxfp4_gluon_cpp_kernel(gluon_globals)",256,131072,0,256,0,112,"SQ_INSTS_VMEM",84475904.000000,462161482759001,462161489747712
46,46,"Agent 2",1,1041369,1041369,16777216,795,"void at::native::vectorized_elementwise_kernel<8, at::native::FillFunctor<c10::BFloat16>, std::array<char*, 1ul> >(int, at::native::FillFunctor<c10::BFloat16>, std::array<char*, 1ul>)",256,0,0,4,0,16,"SQ_INSTS",5767168.000000,462161489834233,462161489868153
46,46,"Agent 2",1,1041369,1041369,16777216,795,"void at::native::vectorized_elementwise_kernel<8, at::native::FillFunctor<c10::BFloat16>, std::array<char*, 1ul> >(int, at::native::FillFunctor<c10::BFloat16>, std::array<char*, 1ul>)",256,0,0,4,0,16,"SQ_INSTS_SALU",2883584.000000,462161489834233,462161489868153
46,46,"Agent 2",1,1041369,1041369,16777216,795,"void at::native::vectorized_elementwise_kernel<8, at::native::FillFunctor<c10::BFloat16>, std::array<char*, 1ul> >(int, at::native::FillFunctor<c10::BFloat16>, std::array<char*, 1ul>)",256,0,0,4,0,16,"SQ_INSTS_SMEM",262144.000000,462161489834233,462161489868153
46,46,"Agent 2",1,1041369,1041369,16777216,795,"void at::native::vectorized_elementwise_kernel<8, at::native::FillFunctor<c10::BFloat16>, std::array<char*, 1ul> >(int, at::native::FillFunctor<c10::BFloat16>, std::array<char*, 1ul>)",256,0,0,4,0,16,"SQ_INSTS_VALU",1310720.000000,462161489834233,462161489868153
46,46,"Agent 2",1,1041369,1041369,16777216,795,"void at::native::vectorized_elementwise_kernel<8, at::native::FillFunctor<c10::BFloat16>, std::array<char*, 1ul> >(int, at::native::FillFunctor<c10::BFloat16>, std::array<char*, 1ul>)",256,0,0,4,0,16,"SQ_INSTS_VMEM",262144.000000,462161489834233,462161489868153
47,47,"Agent 2",1,1041369,1041369,524288,1510,"mxfp4_gluon_cpp_kernel(gluon_globals)",256,131072,0,256,0,112,"SQ_INSTS",967802880.000000,462161489950954,462161496861944
47,47,"Agent 2",1,1041369,1041369,524288,1510,"mxfp4_gluon_cpp_kernel(gluon_globals)",256,131072,0,256,0,112,"SQ_INSTS_SALU",160276480.000000,462161489950954,462161496861944
47,47,"Agent 2",1,1041369,1041369,524288,1510,"mxfp4_gluon_cpp_kernel(gluon_globals)",256,131072,0,256,0,112,"SQ_INSTS_SMEM",98304.000000,462161489950954,462161496861944
47,47,"Agent 2",1,1041369,1041369,524288,1510,"mxfp4_gluon_cpp_kernel(gluon_globals)",256,131072,0,256,0,112,"SQ_INSTS_VALU",554467328.000000,462161489950954,462161496861944
47,47,"Agent 2",1,1041369,1041369,524288,1510,"mxfp4_gluon_cpp_kernel(gluon_globals)",256,131072,0,256,0,112,"SQ_INSTS_VMEM",84475904.000000,462161489950954,462161496861944
48,48,"Agent 2",1,1041369,1041369,16777216,795,"void at::native::vectorized_elementwise_kernel<8, at::native::FillFunctor<c10::BFloat16>, std::array<char*, 1ul> >(int, at::native::FillFunctor<c10::BFloat16>, std::array<char*, 1ul>)",256,0,0,4,0,16,"SQ_INSTS",5767168.000000,462161496943145,462161496976825
48,48,"Agent 2",1,1041369,1041369,16777216,795,"void at::native::vectorized_elementwise_kernel<8, at::native::FillFunctor<c10::BFloat16>, std::array<char*, 1ul> >(int, at::native::FillFunctor<c10::BFloat16>, std::array<char*, 1ul>)",256,0,0,4,0,16,"SQ_INSTS_SALU",2883584.000000,462161496943145,462161496976825
48,48,"Agent 2",1,1041369,1041369,16777216,795,"void at::native::vectorized_elementwise_kernel<8, at::native::FillFunctor<c10::BFloat16>, std::array<char*, 1ul> >(int, at::native::FillFunctor<c10::BFloat16>, std::array<char*, 1ul>)",256,0,0,4,0,16,"SQ_INSTS_SMEM",262144.000000,462161496943145,462161496976825
48,48,"Agent 2",1,1041369,1041369,16777216,795,"void at::native::vectorized_elementwise_kernel<8, at::native::FillFunctor<c10::BFloat16>, std::array<char*, 1ul> >(int, at::native::FillFunctor<c10::BFloat16>, std::array<char*, 1ul>)",256,0,0,4,0,16,"SQ_INSTS_VALU",1310720.000000,462161496943145,462161496976825
48,48,"Agent 2",1,1041369,1041369,16777216,795,"void at::native::vectorized_elementwise_kernel<8, at::native::FillFunctor<c10::BFloat16>, std::array<char*, 1ul> >(int, at::native::FillFunctor<c10::BFloat16>, std::array<char*, 1ul>)",256,0,0,4,0,16,"SQ_INSTS_VMEM",262144.000000,462161496943145,462161496976825
49,49,"Agent 2",1,1041369,1041369,524288,1510,"mxfp4_gluon_cpp_kernel(gluon_globals)",256,131072,0,256,0,112,"SQ_INSTS",967802880.000000,462161497060026,462161504022857
49,49,"Agent 2",1,1041369,1041369,524288,1510,"mxfp4_gluon_cpp_kernel(gluon_globals)",256,131072,0,256,0,112,"SQ_INSTS_SALU",160276480.000000,462161497060026,462161504022857
49,49,"Agent 2",1,1041369,1041369,524288,1510,"mxfp4_gluon_cpp_kernel(gluon_globals)",256,131072,0,256,0,112,"SQ_INSTS_SMEM",98304.000000,462161497060026,462161504022857
49,49,"Agent 2",1,1041369,1041369,524288,1510,"mxfp4_gluon_cpp_kernel(gluon_globals)",256,131072,0,256,0,112,"SQ_INSTS_VALU",554467328.000000,462161497060026,462161504022857
49,49,"Agent 2",1,1041369,1041369,524288,1510,"mxfp4_gluon_cpp_kernel(gluon_globals)",256,131072,0,256,0,112,"SQ_INSTS_VMEM",84475904.000000,462161497060026,462161504022857
50,50,"Agent 2",1,1041369,1041369,16777216,795,"void at::native::vectorized_elementwise_kernel<8, at::native::FillFunctor<c10::BFloat16>, std::array<char*, 1ul> >(int, at::native::FillFunctor<c10::BFloat16>, std::array<char*, 1ul>)",256,0,0,4,0,16,"SQ_INSTS",5767168.000000,462161504106138,462161504139258
50,50,"Agent 2",1,1041369,1041369,16777216,795,"void at::native::vectorized_elementwise_kernel<8, at::native::FillFunctor<c10::BFloat16>, std::array<char*, 1ul> >(int, at::native::FillFunctor<c10::BFloat16>, std::array<char*, 1ul>)",256,0,0,4,0,16,"SQ_INSTS_SALU",2883584.000000,462161504106138,462161504139258
50,50,"Agent 2",1,1041369,1041369,16777216,795,"void at::native::vectorized_elementwise_kernel<8, at::native::FillFunctor<c10::BFloat16>, std::array<char*, 1ul> >(int, at::native::FillFunctor<c10::BFloat16>, std::array<char*, 1ul>)",256,0,0,4,0,16,"SQ_INSTS_SMEM",262144.000000,462161504106138,462161504139258
50,50,"Agent 2",1,1041369,1041369,16777216,795,"void at::native::vectorized_elementwise_kernel<8, at::native::FillFunctor<c10::BFloat16>, std::array<char*, 1ul> >(int, at::native::FillFunctor<c10::BFloat16>, std::array<char*, 1ul>)",256,0,0,4,0,16,"SQ_INSTS_VALU",1310720.000000,462161504106138,462161504139258
50,50,"Agent 2",1,1041369,1041369,16777216,795,"void at::native::vectorized_elementwise_kernel<8, at::native::FillFunctor<c10::BFloat16>, std::array<char*, 1ul> >(int, at::native::FillFunctor<c10::BFloat16>, std::array<char*, 1ul>)",256,0,0,4,0,16,"SQ_INSTS_VMEM",262144.000000,462161504106138,462161504139258
51,51,"Agent 2",1,1041369,1041369,524288,1510,"mxfp4_gluon_cpp_kernel(gluon_globals)",256,131072,0,256,0,112,"SQ_INSTS",967802880.000000,462161504219459,462161511212770
51,51,"Agent 2",1,1041369,1041369,524288,1510,"mxfp4_gluon_cpp_kernel(gluon_globals)",256,131072,0,256,0,112,"SQ_INSTS_SALU",160276480.000000,462161504219459,462161511212770
51,51,"Agent 2",1,1041369,1041369,524288,1510,"mxfp4_gluon_cpp_kernel(gluon_globals)",256,131072,0,256,0,112,"SQ_INSTS_SMEM",98304.000000,462161504219459,462161511212770
51,51,"Agent 2",1,1041369,1041369,524288,1510,"mxfp4_gluon_cpp_kernel(gluon_globals)",256,131072,0,256,0,112,"SQ_INSTS_VALU",554467328.000000,462161504219459,462161511212770
51,51,"Agent 2",1,1041369,1041369,524288,1510,"mxfp4_gluon_cpp_kernel(gluon_globals)",256,131072,0,256,0,112,"SQ_INSTS_VMEM",84475904.000000,462161504219459,462161511212770
52,52,"Agent 2",1,1041369,1041369,16777216,795,"void at::native::vectorized_elementwise_kernel<8, at::native::FillFunctor<c10::BFloat16>, std::array<char*, 1ul> >(int, at::native::FillFunctor<c10::BFloat16>, std::array<char*, 1ul>)",256,0,0,4,0,16,"SQ_INSTS",5767168.000000,462161511297491,462161511330091
52,52,"Agent 2",1,1041369,1041369,16777216,795,"void at::native::vectorized_elementwise_kernel<8, at::native::FillFunctor<c10::BFloat16>, std::array<char*, 1ul> >(int, at::native::FillFunctor<c10::BFloat16>, std::array<char*, 1ul>)",256,0,0,4,0,16,"SQ_INSTS_SALU",2883584.000000,462161511297491,462161511330091
52,52,"Agent 2",1,1041369,1041369,16777216,795,"void at::native::vectorized_elementwise_kernel<8, at::native::FillFunctor<c10::BFloat16>, std::array<char*, 1ul> >(int, at::native::FillFunctor<c10::BFloat16>, std::array<char*, 1ul>)",256,0,0,4,0,16,"SQ_INSTS_SMEM",262144.000000,462161511297491,462161511330091
52,52,"Agent 2",1,1041369,1041369,16777216,795,"void at::native::vectorized_elementwise_kernel<8, at::native::FillFunctor<c10::BFloat16>, std::array<char*, 1ul> >(int, at::native::FillFunctor<c10::BFloat16>, std::array<char*, 1ul>)",256,0,0,4,0,16,"SQ_INSTS_VALU",1310720.000000,462161511297491,462161511330091
52,52,"Agent 2",1,1041369,1041369,16777216,795,"void at::native::vectorized_elementwise_kernel<8, at::native::FillFunctor<c10::BFloat16>, std::array<char*, 1ul> >(int, at::native::FillFunctor<c10::BFloat16>, std::array<char*, 1ul>)",256,0,0,4,0,16,"SQ_INSTS_VMEM",262144.000000,462161511297491,462161511330091
53,53,"Agent 2",1,1041369,1041369,524288,1510,"mxfp4_gluon_cpp_kernel(gluon_globals)",256,131072,0,256,0,112,"SQ_INSTS",967802880.000000,462161511418092,462161518384323
53,53,"Agent 2",1,1041369,1041369,524288,1510,"mxfp4_gluon_cpp_kernel(gluon_globals)",256,131072,0,256,0,112,"SQ_INSTS_SALU",160276480.000000,462161511418092,462161518384323
53,53,"Agent 2",1,1041369,1041369,524288,1510,"mxfp4_gluon_cpp_kernel(gluon_globals)",256,131072,0,256,0,112,"SQ_INSTS_SMEM",98304.000000,462161511418092,462161518384323
53,53,"Agent 2",1,1041369,1041369,524288,1510,"mxfp4_gluon_cpp_kernel(gluon_globals)",256,131072,0,256,0,112,"SQ_INSTS_VALU",554467328.000000,462161511418092,462161518384323
53,53,"Agent 2",1,1041369,1041369,524288,1510,"mxfp4_gluon_cpp_kernel(gluon_globals)",256,131072,0,256,0,112,"SQ_INSTS_VMEM",84475904.000000,462161511418092,462161518384323
54,54,"Agent 2",1,1041369,1041369,16777216,795,"void at::native::vectorized_elementwise_kernel<8, at::native::FillFunctor<c10::BFloat16>, std::array<char*, 1ul> >(int, at::native::FillFunctor<c10::BFloat16>, std::array<char*, 1ul>)",256,0,0,4,0,16,"SQ_INSTS",5767168.000000,462161518472084,462161518505404
54,54,"Agent 2",1,1041369,1041369,16777216,795,"void at::native::vectorized_elementwise_kernel<8, at::native::FillFunctor<c10::BFloat16>, std::array<char*, 1ul> >(int, at::native::FillFunctor<c10::BFloat16>, std::array<char*, 1ul>)",256,0,0,4,0,16,"SQ_INSTS_SALU",2883584.000000,462161518472084,462161518505404
54,54,"Agent 2",1,1041369,1041369,16777216,795,"void at::native::vectorized_elementwise_kernel<8, at::native::FillFunctor<c10::BFloat16>, std::array<char*, 1ul> >(int, at::native::FillFunctor<c10::BFloat16>, std::array<char*, 1ul>)",256,0,0,4,0,16,"SQ_INSTS_SMEM",262144.000000,462161518472084,462161518505404
54,54,"Agent 2",1,1041369,1041369,16777216,795,"void at::native::vectorized_elementwise_kernel<8, at::native::FillFunctor<c10::BFloat16>, std::array<char*, 1ul> >(int, at::native::FillFunctor<c10::BFloat16>, std::array<char*, 1ul>)",256,0,0,4,0,16,"SQ_INSTS_VALU",1310720.000000,462161518472084,462161518505404
54,54,"Agent 2",1,1041369,1041369,16777216,795,"void at::native::vectorized_elementwise_kernel<8, at::native::FillFunctor<c10::BFloat16>, std::array<char*, 1ul> >(int, at::native::FillFunctor<c10::BFloat16>, std::array<char*, 1ul>)",256,0,0,4,0,16,"SQ_INSTS_VMEM",262144.000000,462161518472084,462161518505404
55,55,"Agent 2",1,1041369,1041369,524288,1510,"mxfp4_gluon_cpp_kernel(gluon_globals)",256,131072,0,256,0,112,"SQ_INSTS",967802880.000000,462161518589685,462161525576316
55,55,"Agent 2",1,1041369,1041369,524288,1510,"mxfp4_gluon_cpp_kernel(gluon_globals)",256,131072,0,256,0,112,"SQ_INSTS_SALU",160276480.000000,462161518589685,462161525576316
55,55,"Agent 2",1,1041369,1041369,524288,1510,"mxfp4_gluon_cpp_kernel(gluon_globals)",256,131072,0,256,0,112,"SQ_INSTS_SMEM",98304.000000,462161518589685,462161525576316
55,55,"Agent 2",1,1041369,1041369,524288,1510,"mxfp4_gluon_cpp_kernel(gluon_globals)",256,131072,0,256,0,112,"SQ_INSTS_VALU",554467328.000000,462161518589685,462161525576316
55,55,"Agent 2",1,1041369,1041369,524288,1510,"mxfp4_gluon_cpp_kernel(gluon_globals)",256,131072,0,256,0,112,"SQ_INSTS_VMEM",84475904.000000,462161518589685,462161525576316
