static const unsigned char mxfp4_asm_hsaco[] = {
  0x7f, 0x45, 0x4c, 0x46, 0x02, 0x01, 0x01, 0x40, 0x03, 0x00, 0x00, 0x00, 0x00, 0x00, 0x00, 0x00,
  0x03, 0x00, 0xe0, 0x00, 0x01, 0x00, 0x00, 0x00, 0x00, 0x00, 0x00, 0x00, 0x00, 0x00, 0x00, 0x00,
  0x40, 0x00, 0x00, 0x00, 0x00, 0x00, 0x00, 0x00, 0x90, 0x64, 0x00, 0x00, 0x00, 0x00, 0x00, 0x00,
  0x4f, 0x05, 0x00, 0x00, 0x40, 0x00, 0x38, 0x00, 0x08, 0x00, 0x40, 0x00, 0x14, 0x00, 0x12, 0x00,
  0x06, 0x00, 0x00, 0x00, 0x04, 0x00, 0x00, 0x00, 0x40, 0x00, 0x00, 0x00, 0x00, 0x00, 0x00, 0x00,
  0x40, 0x00, 0x00, 0x00, 0x00, 0x00, 0x00, 0x00, 0x40, 0x00, 0x00, 0x00, 0x00, 0x00, 0x00, 0x00,
  0xc0, 0x01, 0x00, 0x00, 0x00, 0x00, 0x00, 0x00, 0xc0, 0x01, 0x00, 0x00, 0x00, 0x00, 0x00, 0x00,
  0x08, 0x00, 0x00, 0x00, 0x00, 0x00, 0x00, 0x00, 0x01, 0x00, 0x00, 0x00, 0x04, 0x00, 0x00, 0x00,
  0x00, 0x00, 0x00, 0x00, 0x00, 0x00, 0x00, 0x00, 0x00, 0x00, 0x00, 0x00, 0x00, 0x00, 0x00, 0x00,
  0x00, 0x00, 0x00, 0x00, 0x00, 0x00, 0x00, 0x00, 0xc0, 0x0b, 0x00, 0x00, 0x00, 0x00, 0x00, 0x00,
  0xc0, 0x0b, 0x00, 0x00, 0x00, 0x00, 0x00, 0x00, 0x00, 0x10, 0x00, 0x00, 0x00, 0x00, 0x00, 0x00,
  0x01, 0x00, 0x00, 0x00, 0x05, 0x00, 0x00, 0x00, 0x00, 0x0c, 0x00, 0x00, 0x00, 0x00, 0x00, 0x00,
  0x00, 0x1c, 0x00, 0x00, 0x00, 0x00, 0x00, 0x00, 0x00, 0x1c, 0x00, 0x00, 0x00, 0x00, 0x00, 0x00,
  0x40, 0x52, 0x00, 0x00, 0x00, 0x00, 0x00, 0x00, 0x40, 0x52, 0x00, 0x00, 0x00, 0x00, 0x00, 0x00,
  0x00, 0x10, 0x00, 0x00, 0x00, 0x00, 0x00, 0x00, 0x01, 0x00, 0x00, 0x00, 0x06, 0x00, 0x00, 0x00,
  0x40, 0x5e, 0x00, 0x00, 0x00, 0x00, 0x00, 0x00, 0x40, 0x7e, 0x00, 0x00, 0x00, 0x00, 0x00, 0x00,
  0x40, 0x7e, 0x00, 0x00, 0x00, 0x00, 0x00, 0x00, 0x70, 0x00, 0x00, 0x00, 0x00, 0x00, 0x00, 0x00,
  0xc0, 0x01, 0x00, 0x00, 0x00, 0x00, 0x00, 0x00, 0x00, 0x10, 0x00, 0x00, 0x00, 0x00, 0x00, 0x00,
  0x02, 0x00, 0x00, 0x00, 0x06, 0x00, 0x00, 0x00, 0x40, 0x5e, 0x00, 0x00, 0x00, 0x00, 0x00, 0x00,
  0x40, 0x7e, 0x00, 0x00, 0x00, 0x00, 0x00, 0x00, 0x40, 0x7e, 0x00, 0x00, 0x00, 0x00, 0x00, 0x00,
  0x70, 0x00, 0x00, 0x00, 0x00, 0x00, 0x00, 0x00, 0x70, 0x00, 0x00, 0x00, 0x00, 0x00, 0x00, 0x00,
  0x08, 0x00, 0x00, 0x00, 0x00, 0x00, 0x00, 0x00, 0x52, 0xe5, 0x74, 0x64, 0x04, 0x00, 0x00, 0x00,
  0x40, 0x5e, 0x00, 0x00, 0x00, 0x00, 0x00, 0x00, 0x40, 0x7e, 0x00, 0x00, 0x00, 0x00, 0x00, 0x00,
  0x40, 0x7e, 0x00, 0x00, 0x00, 0x00, 0x00, 0x00, 0x70, 0x00, 0x00, 0x00, 0x00, 0x00, 0x00, 0x00,
  0xc0, 0x01, 0x00, 0x00, 0x00, 0x00, 0x00, 0x00, 0x01, 0x00, 0x00, 0x00, 0x00, 0x00, 0x00, 0x00,
  0x51, 0xe5, 0x74, 0x64, 0x06, 0x00, 0x00, 0x00, 0x00, 0x00, 0x00, 0x00, 0x00, 0x00, 0x00, 0x00,
  0x00, 0x00, 0x00, 0x00, 0x00, 0x00, 0x00, 0x00, 0x00, 0x00, 0x00, 0x00, 0x00, 0x00, 0x00, 0x00,
  0x00, 0x00, 0x00, 0x00, 0x00, 0x00, 0x00, 0x00, 0x00, 0x00, 0x00, 0x00, 0x00, 0x00, 0x00, 0x00,
  0x00, 0x00, 0x00, 0x00, 0x00, 0x00, 0x00, 0x00, 0x04, 0x00, 0x00, 0x00, 0x04, 0x00, 0x00, 0x00,
  0x00, 0x02, 0x00, 0x00, 0x00, 0x00, 0x00, 0x00, 0x00, 0x02, 0x00, 0x00, 0x00, 0x00, 0x00, 0x00,
  0x00, 0x02, 0x00, 0x00, 0x00, 0x00, 0x00, 0x00, 0x84, 0x08, 0x00, 0x00, 0x00, 0x00, 0x00, 0x00,
  0x84, 0x08, 0x00, 0x00, 0x00, 0x00, 0x00, 0x00, 0x04, 0x00, 0x00, 0x00, 0x00, 0x00, 0x00, 0x00,
  0x07, 0x00, 0x00, 0x00, 0x6e, 0x08, 0x00, 0x00, 0x20, 0x00, 0x00, 0x00, 0x41, 0x4d, 0x44, 0x47,
  0x50, 0x55, 0x00, 0x00, 0x83, 0xae, 0x61, 0x6d, 0x64, 0x68, 0x73, 0x61, 0x2e, 0x6b, 0x65, 0x72,
  0x6e, 0x65, 0x6c, 0x73, 0x91, 0xde, 0x00, 0x10, 0xab, 0x2e, 0x61, 0x67, 0x70, 0x72, 0x5f, 0x63,
  0x6f, 0x75, 0x6e, 0x74, 0xcd, 0x01, 0x00, 0xa5, 0x2e, 0x61, 0x72, 0x67, 0x73, 0xdc, 0x00, 0x22,
  0x84, 0xae, 0x2e, 0x61, 0x64, 0x64, 0x72, 0x65, 0x73, 0x73, 0x5f, 0x73, 0x70, 0x61, 0x63, 0x65,
  0xa6, 0x67, 0x6c, 0x6f, 0x62, 0x61, 0x6c, 0xa7, 0x2e, 0x6f, 0x66, 0x66, 0x73, 0x65, 0x74, 0x00,
  0xa5, 0x2e, 0x73, 0x69, 0x7a, 0x65, 0x08, 0xab, 0x2e, 0x76, 0x61, 0x6c, 0x75, 0x65, 0x5f, 0x6b,
  0x69, 0x6e, 0x64, 0xad, 0x67, 0x6c, 0x6f, 0x62, 0x61, 0x6c, 0x5f, 0x62, 0x75, 0x66, 0x66, 0x65,
  0x72, 0x84, 0xae, 0x2e, 0x61, 0x64, 0x64, 0x72, 0x65, 0x73, 0x73, 0x5f, 0x73, 0x70, 0x61, 0x63,
  0x65, 0xa6, 0x67, 0x6c, 0x6f, 0x62, 0x61, 0x6c, 0xa7, 0x2e, 0x6f, 0x66, 0x66, 0x73, 0x65, 0x74,
  0x08, 0xa5, 0x2e, 0x73, 0x69, 0x7a, 0x65, 0x08, 0xab, 0x2e, 0x76, 0x61, 0x6c, 0x75, 0x65, 0x5f,
  0x6b, 0x69, 0x6e, 0x64, 0xad, 0x67, 0x6c, 0x6f, 0x62, 0x61, 0x6c, 0x5f, 0x62, 0x75, 0x66, 0x66,
  0x65, 0x72, 0x84, 0xae, 0x2e, 0x61, 0x64, 0x64, 0x72, 0x65, 0x73, 0x73, 0x5f, 0x73, 0x70, 0x61,
  0x63, 0x65, 0xa6, 0x67, 0x6c, 0x6f, 0x62, 0x61, 0x6c, 0xa7, 0x2e, 0x6f, 0x66, 0x66, 0x73, 0x65,
  0x74, 0x10, 0xa5, 0x2e, 0x73, 0x69, 0x7a, 0x65, 0x08, 0xab, 0x2e, 0x76, 0x61, 0x6c, 0x75, 0x65,
  0x5f, 0x6b, 0x69, 0x6e, 0x64, 0xad, 0x67, 0x6c, 0x6f, 0x62, 0x61, 0x6c, 0x5f, 0x62, 0x75, 0x66,
  0x66, 0x65, 0x72, 0x84, 0xae, 0x2e, 0x61, 0x64, 0x64, 0x72, 0x65, 0x73, 0x73, 0x5f, 0x73, 0x70,
  0x61, 0x63, 0x65, 0xa6, 0x67, 0x6c, 0x6f, 0x62, 0x61, 0x6c, 0xa7, 0x2e, 0x6f, 0x66, 0x66, 0x73,
  0x65, 0x74, 0x18, 0xa5, 0x2e, 0x73, 0x69, 0x7a, 0x65, 0x08, 0xab, 0x2e, 0x76, 0x61, 0x6c, 0x75,
  0x65, 0x5f, 0x6b, 0x69, 0x6e, 0x64, 0xad, 0x67, 0x6c, 0x6f, 0x62, 0x61, 0x6c, 0x5f, 0x62, 0x75,
  0x66, 0x66, 0x65, 0x72, 0x84, 0xae, 0x2e, 0x61, 0x64, 0x64, 0x72, 0x65, 0x73, 0x73, 0x5f, 0x73,
  0x70, 0x61, 0x63, 0x65, 0xa6, 0x67, 0x6c, 0x6f, 0x62, 0x61, 0x6c, 0xa7, 0x2e, 0x6f, 0x66, 0x66,
  0x73, 0x65, 0x74, 0x20, 0xa5, 0x2e, 0x73, 0x69, 0x7a, 0x65, 0x08, 0xab, 0x2e, 0x76, 0x61, 0x6c,
  0x75, 0x65, 0x5f, 0x6b, 0x69, 0x6e, 0x64, 0xad, 0x67, 0x6c, 0x6f, 0x62, 0x61, 0x6c, 0x5f, 0x62,
  0x75, 0x66, 0x66, 0x65, 0x72, 0x83, 0xa7, 0x2e, 0x6f, 0x66, 0x66, 0x73, 0x65, 0x74, 0x28, 0xa5,
  0x2e, 0x73, 0x69, 0x7a, 0x65, 0x04, 0xab, 0x2e, 0x76, 0x61, 0x6c, 0x75, 0x65, 0x5f, 0x6b, 0x69,
  0x6e, 0x64, 0xa8, 0x62, 0x79, 0x5f, 0x76, 0x61, 0x6c, 0x75, 0x65, 0x83, 0xa7, 0x2e, 0x6f, 0x66,
  0x66, 0x73, 0x65, 0x74, 0x2c, 0xa5, 0x2e, 0x73, 0x69, 0x7a, 0x65, 0x04, 0xab, 0x2e, 0x76, 0x61,
  0x6c, 0x75, 0x65, 0x5f, 0x6b, 0x69, 0x6e, 0x64, 0xa8, 0x62, 0x79, 0x5f, 0x76, 0x61, 0x6c, 0x75,
  0x65, 0x83, 0xa7, 0x2e, 0x6f, 0x66, 0x66, 0x73, 0x65, 0x74, 0x30, 0xa5, 0x2e, 0x73, 0x69, 0x7a,
  0x65, 0x04, 0xab, 0x2e, 0x76, 0x61, 0x6c, 0x75, 0x65, 0x5f, 0x6b, 0x69, 0x6e, 0x64, 0xa8, 0x62,
  0x79, 0x5f, 0x76, 0x61, 0x6c, 0x75, 0x65, 0x83, 0xa7, 0x2e, 0x6f, 0x66, 0x66, 0x73, 0x65, 0x74,
  0x34, 0xa5, 0x2e, 0x73, 0x69, 0x7a, 0x65, 0x04, 0xab, 0x2e, 0x76, 0x61, 0x6c, 0x75, 0x65, 0x5f,
  0x6b, 0x69, 0x6e, 0x64, 0xa8, 0x62, 0x79, 0x5f, 0x76, 0x61, 0x6c, 0x75, 0x65, 0x83, 0xa7, 0x2e,
  0x6f, 0x66, 0x66, 0x73, 0x65, 0x74, 0x38, 0xa5, 0x2e, 0x73, 0x69, 0x7a, 0x65, 0x04, 0xab, 0x2e,
  0x76, 0x61, 0x6c, 0x75, 0x65, 0x5f, 0x6b, 0x69, 0x6e, 0x64, 0xa8, 0x62, 0x79, 0x5f, 0x76, 0x61,
  0x6c, 0x75, 0x65, 0x83, 0xa7, 0x2e, 0x6f, 0x66, 0x66, 0x73, 0x65, 0x74, 0x3c, 0xa5, 0x2e, 0x73,
  0x69, 0x7a, 0x65, 0x04, 0xab, 0x2e, 0x76, 0x61, 0x6c, 0x75, 0x65, 0x5f, 0x6b, 0x69, 0x6e, 0x64,
  0xa8, 0x62, 0x79, 0x5f, 0x76, 0x61, 0x6c, 0x75, 0x65, 0x83, 0xa7, 0x2e, 0x6f, 0x66, 0x66, 0x73,
  0x65, 0x74, 0x40, 0xa5, 0x2e, 0x73, 0x69, 0x7a, 0x65, 0x04, 0xab, 0x2e, 0x76, 0x61, 0x6c, 0x75,
  0x65, 0x5f, 0x6b, 0x69, 0x6e, 0x64, 0xa8, 0x62, 0x79, 0x5f, 0x76, 0x61, 0x6c, 0x75, 0x65, 0x84,
  0xae, 0x2e, 0x61, 0x64, 0x64, 0x72, 0x65, 0x73, 0x73, 0x5f, 0x73, 0x70, 0x61, 0x63, 0x65, 0xa6,
  0x67, 0x6c, 0x6f, 0x62, 0x61, 0x6c, 0xa7, 0x2e, 0x6f, 0x66, 0x66, 0x73, 0x65, 0x74, 0x48, 0xa5,
  0x2e, 0x73, 0x69, 0x7a, 0x65, 0x08, 0xab, 0x2e, 0x76, 0x61, 0x6c, 0x75, 0x65, 0x5f, 0x6b, 0x69,
  0x6e, 0x64, 0xad, 0x67, 0x6c, 0x6f, 0x62, 0x61, 0x6c, 0x5f, 0x62, 0x75, 0x66, 0x66, 0x65, 0x72,
  0x84, 0xae, 0x2e, 0x61, 0x64, 0x64, 0x72, 0x65, 0x73, 0x73, 0x5f, 0x73, 0x70, 0x61, 0x63, 0x65,
  0xa6, 0x67, 0x6c, 0x6f, 0x62, 0x61, 0x6c, 0xa7, 0x2e, 0x6f, 0x66, 0x66, 0x73, 0x65, 0x74, 0x50,
  0xa5, 0x2e, 0x73, 0x69, 0x7a, 0x65, 0x08, 0xab, 0x2e, 0x76, 0x61, 0x6c, 0x75, 0x65, 0x5f, 0x6b,
  0x69, 0x6e, 0x64, 0xad, 0x67, 0x6c, 0x6f, 0x62, 0x61, 0x6c, 0x5f, 0x62, 0x75, 0x66, 0x66, 0x65,
  0x72, 0x83, 0xa7, 0x2e, 0x6f, 0x66, 0x66, 0x73, 0x65, 0x74, 0x58, 0xa5, 0x2e, 0x73, 0x69, 0x7a,
  0x65, 0x04, 0xab, 0x2e, 0x76, 0x61, 0x6c, 0x75, 0x65, 0x5f, 0x6b, 0x69, 0x6e, 0x64, 0xb4, 0x68,
  0x69, 0x64, 0x64, 0x65, 0x6e, 0x5f, 0x62, 0x6c, 0x6f, 0x63, 0x6b, 0x5f, 0x63, 0x6f, 0x75, 0x6e,
  0x74, 0x5f, 0x78, 0x83, 0xa7, 0x2e, 0x6f, 0x66, 0x66, 0x73, 0x65, 0x74, 0x5c, 0xa5, 0x2e, 0x73,
  0x69, 0x7a, 0x65, 0x04, 0xab, 0x2e, 0x76, 0x61, 0x6c, 0x75, 0x65, 0x5f, 0x6b, 0x69, 0x6e, 0x64,
  0xb4, 0x68, 0x69, 0x64, 0x64, 0x65, 0x6e, 0x5f, 0x62, 0x6c, 0x6f, 0x63, 0x6b, 0x5f, 0x63, 0x6f,
  0x75, 0x6e, 0x74, 0x5f, 0x79, 0x83, 0xa7, 0x2e, 0x6f, 0x66, 0x66, 0x73, 0x65, 0x74, 0x60, 0xa5,
  0x2e, 0x73, 0x69, 0x7a, 0x65, 0x04, 0xab, 0x2e, 0x76, 0x61, 0x6c, 0x75, 0x65, 0x5f, 0x6b, 0x69,
  0x6e, 0x64, 0xb4, 0x68, 0x69, 0x64, 0x64, 0x65, 0x6e, 0x5f, 0x62, 0x6c, 0x6f, 0x63, 0x6b, 0x5f,
  0x63, 0x6f, 0x75, 0x6e, 0x74, 0x5f, 0x7a, 0x83, 0xa7, 0x2e, 0x6f, 0x66, 0x66, 0x73, 0x65, 0x74,
  0x64, 0xa5, 0x2e, 0x73, 0x69, 0x7a, 0x65, 0x02, 0xab, 0x2e, 0x76, 0x61, 0x6c, 0x75, 0x65, 0x5f,
  0x6b, 0x69, 0x6e, 0x64, 0xb3, 0x68, 0x69, 0x64, 0x64, 0x65, 0x6e, 0x5f, 0x67, 0x72, 0x6f, 0x75,
  0x70, 0x5f, 0x73, 0x69, 0x7a, 0x65, 0x5f, 0x78, 0x83, 0xa7, 0x2e, 0x6f, 0x66, 0x66, 0x73, 0x65,
  0x74, 0x66, 0xa5, 0x2e, 0x73, 0x69, 0x7a, 0x65, 0x02, 0xab, 0x2e, 0x76, 0x61, 0x6c, 0x75, 0x65,
  0x5f, 0x6b, 0x69, 0x6e, 0x64, 0xb3, 0x68, 0x69, 0x64, 0x64, 0x65, 0x6e, 0x5f, 0x67, 0x72, 0x6f,
  0x75, 0x70, 0x5f, 0x73, 0x69, 0x7a, 0x65, 0x5f, 0x79, 0x83, 0xa7, 0x2e, 0x6f, 0x66, 0x66, 0x73,
  0x65, 0x74, 0x68, 0xa5, 0x2e, 0x73, 0x69, 0x7a, 0x65, 0x02, 0xab, 0x2e, 0x76, 0x61, 0x6c, 0x75,
  0x65, 0x5f, 0x6b, 0x69, 0x6e, 0x64, 0xb3, 0x68, 0x69, 0x64, 0x64, 0x65, 0x6e, 0x5f, 0x67, 0x72,
  0x6f, 0x75, 0x70, 0x5f, 0x73, 0x69, 0x7a, 0x65, 0x5f, 0x7a, 0x83, 0xa7, 0x2e, 0x6f, 0x66, 0x66,
  0x73, 0x65, 0x74, 0x6a, 0xa5, 0x2e, 0x73, 0x69, 0x7a, 0x65, 0x02, 0xab, 0x2e, 0x76, 0x61, 0x6c,
  0x75, 0x65, 0x5f, 0x6b, 0x69, 0x6e, 0x64, 0xb2, 0x68, 0x69, 0x64, 0x64, 0x65, 0x6e, 0x5f, 0x72,
  0x65, 0x6d, 0x61, 0x69, 0x6e, 0x64, 0x65, 0x72, 0x5f, 0x78, 0x83, 0xa7, 0x2e, 0x6f, 0x66, 0x66,
  0x73, 0x65, 0x74, 0x6c, 0xa5, 0x2e, 0x73, 0x69, 0x7a, 0x65, 0x02, 0xab, 0x2e, 0x76, 0x61, 0x6c,
  0x75, 0x65, 0x5f, 0x6b, 0x69, 0x6e, 0x64, 0xb2, 0x68, 0x69, 0x64, 0x64, 0x65, 0x6e, 0x5f, 0x72,
  0x65, 0x6d, 0x61, 0x69, 0x6e, 0x64, 0x65, 0x72, 0x5f, 0x79, 0x83, 0xa7, 0x2e, 0x6f, 0x66, 0x66,
  0x73, 0x65, 0x74, 0x6e, 0xa5, 0x2e, 0x73, 0x69, 0x7a, 0x65, 0x02, 0xab, 0x2e, 0x76, 0x61, 0x6c,
  0x75, 0x65, 0x5f, 0x6b, 0x69, 0x6e, 0x64, 0xb2, 0x68, 0x69, 0x64, 0x64, 0x65, 0x6e, 0x5f, 0x72,
  0x65, 0x6d, 0x61, 0x69, 0x6e, 0x64, 0x65, 0x72, 0x5f, 0x7a, 0x83, 0xa7, 0x2e, 0x6f, 0x66, 0x66,
  0x73, 0x65, 0x74, 0xcc, 0x80, 0xa5, 0x2e, 0x73, 0x69, 0x7a, 0x65, 0x08, 0xab, 0x2e, 0x76, 0x61,
  0x6c, 0x75, 0x65, 0x5f, 0x6b, 0x69, 0x6e, 0x64, 0xb6, 0x68, 0x69, 0x64, 0x64, 0x65, 0x6e, 0x5f,
  0x67, 0x6c, 0x6f, 0x62, 0x61, 0x6c, 0x5f, 0x6f, 0x66, 0x66, 0x73, 0x65, 0x74, 0x5f, 0x78, 0x83,
  0xa7, 0x2e, 0x6f, 0x66, 0x66, 0x73, 0x65, 0x74, 0xcc, 0x88, 0xa5, 0x2e, 0x73, 0x69, 0x7a, 0x65,
  0x08, 0xab, 0x2e, 0x76, 0x61, 0x6c, 0x75, 0x65, 0x5f, 0x6b, 0x69, 0x6e, 0x64, 0xb6, 0x68, 0x69,
  0x64, 0x64, 0x65, 0x6e, 0x5f, 0x67, 0x6c, 0x6f, 0x62, 0x61, 0x6c, 0x5f, 0x6f, 0x66, 0x66, 0x73,
  0x65, 0x74, 0x5f, 0x79, 0x83, 0xa7, 0x2e, 0x6f, 0x66, 0x66, 0x73, 0x65, 0x74, 0xcc, 0x90, 0xa5,
  0x2e, 0x73, 0x69, 0x7a, 0x65, 0x08, 0xab, 0x2e, 0x76, 0x61, 0x6c, 0x75, 0x65, 0x5f, 0x6b, 0x69,
  0x6e, 0x64, 0xb6, 0x68, 0x69, 0x64, 0x64, 0x65, 0x6e, 0x5f, 0x67, 0x6c, 0x6f, 0x62, 0x61, 0x6c,
  0x5f, 0x6f, 0x66, 0x66, 0x73, 0x65, 0x74, 0x5f, 0x7a, 0x83, 0xa7, 0x2e, 0x6f, 0x66, 0x66, 0x73,
  0x65, 0x74, 0xcc, 0x98, 0xa5, 0x2e, 0x73, 0x69, 0x7a, 0x65, 0x02, 0xab, 0x2e, 0x76, 0x61, 0x6c,
  0x75, 0x65, 0x5f, 0x6b, 0x69, 0x6e, 0x64, 0xb0, 0x68, 0x69, 0x64, 0x64, 0x65, 0x6e, 0x5f, 0x67,
  0x72, 0x69, 0x64, 0x5f, 0x64, 0x69, 0x6d, 0x73, 0x83, 0xa7, 0x2e, 0x6f, 0x66, 0x66, 0x73, 0x65,
  0x74, 0xcc, 0xa8, 0xa5, 0x2e, 0x73, 0x69, 0x7a, 0x65, 0x08, 0xab, 0x2e, 0x76, 0x61, 0x6c, 0x75,
  0x65, 0x5f, 0x6b, 0x69, 0x6e, 0x64, 0xb6, 0x68, 0x69, 0x64, 0x64, 0x65, 0x6e, 0x5f, 0x68, 0x6f,
  0x73, 0x74, 0x63, 0x61, 0x6c, 0x6c, 0x5f, 0x62, 0x75, 0x66, 0x66, 0x65, 0x72, 0x83, 0xa7, 0x2e,
  0x6f, 0x66, 0x66, 0x73, 0x65, 0x74, 0xcc, 0xb0, 0xa5, 0x2e, 0x73, 0x69, 0x7a, 0x65, 0x08, 0xab,
  0x2e, 0x76, 0x61, 0x6c, 0x75, 0x65, 0x5f, 0x6b, 0x69, 0x6e, 0x64, 0xb9, 0x68, 0x69, 0x64, 0x64,
  0x65, 0x6e, 0x5f, 0x6d, 0x75, 0x6c, 0x74, 0x69, 0x67, 0x72, 0x69, 0x64, 0x5f, 0x73, 0x79, 0x6e,
  0x63, 0x5f, 0x61, 0x72, 0x67, 0x83, 0xa7, 0x2e, 0x6f, 0x66, 0x66, 0x73, 0x65, 0x74, 0xcc, 0xb8,
  0xa5, 0x2e, 0x73, 0x69, 0x7a, 0x65, 0x08, 0xab, 0x2e, 0x76, 0x61, 0x6c, 0x75, 0x65, 0x5f, 0x6b,
  0x69, 0x6e, 0x64, 0xae, 0x68, 0x69, 0x64, 0x64, 0x65, 0x6e, 0x5f, 0x68, 0x65, 0x61, 0x70, 0x5f,
  0x76, 0x31, 0x83, 0xa7, 0x2e, 0x6f, 0x66, 0x66, 0x73, 0x65, 0x74, 0xcc, 0xc0, 0xa5, 0x2e, 0x73,
  0x69, 0x7a, 0x65, 0x08, 0xab, 0x2e, 0x76, 0x61, 0x6c, 0x75, 0x65, 0x5f, 0x6b, 0x69, 0x6e, 0x64,
  0xb4, 0x68, 0x69, 0x64, 0x64, 0x65, 0x6e, 0x5f, 0x64, 0x65, 0x66, 0x61, 0x75, 0x6c, 0x74, 0x5f,
  0x71, 0x75, 0x65, 0x75, 0x65, 0x83, 0xa7, 0x2e, 0x6f, 0x66, 0x66, 0x73, 0x65, 0x74, 0xcc, 0xc8,
  0xa5, 0x2e, 0x73, 0x69, 0x7a, 0x65, 0x08, 0xab, 0x2e, 0x76, 0x61, 0x6c, 0x75, 0x65, 0x5f, 0x6b,
  0x69, 0x6e, 0x64, 0xb8, 0x68, 0x69, 0x64, 0x64, 0x65, 0x6e, 0x5f, 0x63, 0x6f, 0x6d, 0x70, 0x6c,
  0x65, 0x74, 0x69, 0x6f, 0x6e, 0x5f, 0x61, 0x63, 0x74, 0x69, 0x6f, 0x6e, 0x83, 0xa7, 0x2e, 0x6f,
  0x66, 0x66, 0x73, 0x65, 0x74, 0xcc, 0xd0, 0xa5, 0x2e, 0x73, 0x69, 0x7a, 0x65, 0x04, 0xab, 0x2e,
  0x76, 0x61, 0x6c, 0x75, 0x65, 0x5f, 0x6b, 0x69, 0x6e, 0x64, 0xb7, 0x68, 0x69, 0x64, 0x64, 0x65,
  0x6e, 0x5f, 0x64, 0x79, 0x6e, 0x61, 0x6d, 0x69, 0x63, 0x5f, 0x6c, 0x64, 0x73, 0x5f, 0x73, 0x69,
  0x7a, 0x65, 0x83, 0xa7, 0x2e, 0x6f, 0x66, 0x66, 0x73, 0x65, 0x74, 0xcd, 0x01, 0x20, 0xa5, 0x2e,
  0x73, 0x69, 0x7a, 0x65, 0x08, 0xab, 0x2e, 0x76, 0x61, 0x6c, 0x75, 0x65, 0x5f, 0x6b, 0x69, 0x6e,
  0x64, 0xb0, 0x68, 0x69, 0x64, 0x64, 0x65, 0x6e, 0x5f, 0x71, 0x75, 0x65, 0x75, 0x65, 0x5f, 0x70,
  0x74, 0x72, 0xb9, 0x2e, 0x67, 0x72, 0x6f, 0x75, 0x70, 0x5f, 0x73, 0x65, 0x67, 0x6d, 0x65, 0x6e,
  0x74, 0x5f, 0x66, 0x69, 0x78, 0x65, 0x64, 0x5f, 0x73, 0x69, 0x7a, 0x65, 0x00, 0xb6, 0x2e, 0x6b,
  0x65, 0x72, 0x6e, 0x61, 0x72, 0x67, 0x5f, 0x73, 0x65, 0x67, 0x6d, 0x65, 0x6e, 0x74, 0x5f, 0x61,
  0x6c, 0x69, 0x67, 0x6e, 0x08, 0xb5, 0x2e, 0x6b, 0x65, 0x72, 0x6e, 0x61, 0x72, 0x67, 0x5f, 0x73,
  0x65, 0x67, 0x6d, 0x65, 0x6e, 0x74, 0x5f, 0x73, 0x69, 0x7a, 0x65, 0xcd, 0x01, 0x58, 0xb8, 0x2e,
  0x6d, 0x61, 0x78, 0x5f, 0x66, 0x6c, 0x61, 0x74, 0x5f, 0x77, 0x6f, 0x72, 0x6b, 0x67, 0x72, 0x6f,
  0x75, 0x70, 0x5f, 0x73, 0x69, 0x7a, 0x65, 0xcd, 0x01, 0x00, 0xa5, 0x2e, 0x6e, 0x61, 0x6d, 0x65,
  0xb6, 0x6d, 0x78, 0x66, 0x70, 0x34, 0x5f, 0x67, 0x6c, 0x75, 0x6f, 0x6e, 0x5f, 0x61, 0x73, 0x6d,
  0x5f, 0x6b, 0x65, 0x72, 0x6e, 0x65, 0x6c, 0xbb, 0x2e, 0x70, 0x72, 0x69, 0x76, 0x61, 0x74, 0x65,
  0x5f, 0x73, 0x65, 0x67, 0x6d, 0x65, 0x6e, 0x74, 0x5f, 0x66, 0x69, 0x78, 0x65, 0x64, 0x5f, 0x73,
  0x69, 0x7a, 0x65, 0x00, 0xab, 0x2e, 0x73, 0x67, 0x70, 0x72, 0x5f, 0x63, 0x6f, 0x75, 0x6e, 0x74,
  0x4b, 0xb1, 0x2e, 0x73, 0x67, 0x70, 0x72, 0x5f, 0x73, 0x70, 0x69, 0x6c, 0x6c, 0x5f, 0x63, 0x6f,
  0x75, 0x6e, 0x74, 0x00, 0xa7, 0x2e, 0x73, 0x79, 0x6d, 0x62, 0x6f, 0x6c, 0xb9, 0x6d, 0x78, 0x66,
  0x70, 0x34, 0x5f, 0x67, 0x6c, 0x75, 0x6f, 0x6e, 0x5f, 0x61, 0x73, 0x6d, 0x5f, 0x6b, 0x65, 0x72,
  0x6e, 0x65, 0x6c, 0x2e, 0x6b, 0x64, 0xb8, 0x2e, 0x75, 0x6e, 0x69, 0x66, 0x6f, 0x72, 0x6d, 0x5f,
  0x77, 0x6f, 0x72, 0x6b, 0x5f, 0x67, 0x72, 0x6f, 0x75, 0x70, 0x5f, 0x73, 0x69, 0x7a, 0x65, 0x01,
  0xb3, 0x2e, 0x75, 0x73, 0x65, 0x73, 0x5f, 0x64, 0x79, 0x6e, 0x61, 0x6d, 0x69, 0x63, 0x5f, 0x73,
  0x74, 0x61, 0x63, 0x6b, 0xc2, 0xab, 0x2e, 0x76, 0x67, 0x70, 0x72, 0x5f, 0x63, 0x6f, 0x75, 0x6e,
  0x74, 0xcd, 0x02, 0x00, 0xb1, 0x2e, 0x76, 0x67, 0x70, 0x72, 0x5f, 0x73, 0x70, 0x69, 0x6c, 0x6c,
  0x5f, 0x63, 0x6f, 0x75, 0x6e, 0x74, 0x00, 0xaf, 0x2e, 0x77, 0x61, 0x76, 0x65, 0x66, 0x72, 0x6f,
  0x6e, 0x74, 0x5f, 0x73, 0x69, 0x7a, 0x65, 0x40, 0xad, 0x61, 0x6d, 0x64, 0x68, 0x73, 0x61, 0x2e,
  0x74, 0x61, 0x72, 0x67, 0x65, 0x74, 0xb9, 0x61, 0x6d, 0x64, 0x67, 0x63, 0x6e, 0x2d, 0x61, 0x6d,
  0x64, 0x2d, 0x61, 0x6d, 0x64, 0x68, 0x73, 0x61, 0x2d, 0x2d, 0x67, 0x66, 0x78, 0x39, 0x35, 0x30,
  0xae, 0x61, 0x6d, 0x64, 0x68, 0x73, 0x61, 0x2e, 0x76, 0x65, 0x72, 0x73, 0x69, 0x6f, 0x6e, 0x92,
  0x01, 0x02, 0x00, 0x00, 0x00, 0x00, 0x00, 0x00, 0x00, 0x00, 0x00, 0x00, 0x00, 0x00, 0x00, 0x00,
  0x00, 0x00, 0x00, 0x00, 0x00, 0x00, 0x00, 0x00, 0x00, 0x00, 0x00, 0x00, 0x00, 0x00, 0x00, 0x00,
  0x01, 0x00, 0x00, 0x00, 0x12, 0x03, 0x07, 0x00, 0x00, 0x1c, 0x00, 0x00, 0x00, 0x00, 0x00, 0x00,
  0x18, 0x4e, 0x00, 0x00, 0x00, 0x00, 0x00, 0x00, 0x18, 0x00, 0x00, 0x00, 0x11, 0x00, 0x06, 0x00,
  0x80, 0x0b, 0x00, 0x00, 0x00, 0x00, 0x00, 0x00, 0x40, 0x00, 0x00, 0x00, 0x00, 0x00, 0x00, 0x00,
  0x01, 0x00, 0x00, 0x00, 0x01, 0x00, 0x00, 0x00, 0x01, 0x00, 0x00, 0x00, 0x1a, 0x00, 0x00, 0x00,
  0x00, 0x00, 0x00, 0x01, 0x04, 0x00, 0x20, 0x02, 0x01, 0x00, 0x00, 0x00, 0x58, 0x84, 0xdb, 0x88,
  0x35, 0x17, 0x8e, 0xe7, 0x03, 0x00, 0x00, 0x00, 0x03, 0x00, 0x00, 0x00, 0x02, 0x00, 0x00, 0x00,
  0x00, 0x00, 0x00, 0x00, 0x01, 0x00, 0x00, 0x00, 0x00, 0x00, 0x00, 0x00, 0x00, 0x00, 0x00, 0x00,
  0x00, 0x00, 0x00, 0x00, 0x00, 0x6d, 0x78, 0x66, 0x70, 0x34, 0x5f, 0x67, 0x6c, 0x75, 0x6f, 0x6e,
  0x5f, 0x61, 0x73, 0x6d, 0x5f, 0x6b, 0x65, 0x72, 0x6e, 0x65, 0x6c, 0x00, 0x6d, 0x78, 0x66, 0x70,
  0x34, 0x5f, 0x67, 0x6c, 0x75, 0x6f, 0x6e, 0x5f, 0x61, 0x73, 0x6d, 0x5f, 0x6b, 0x65, 0x72, 0x6e,
  0x65, 0x6c, 0x2e, 0x6b, 0x64, 0x00, 0x00, 0x00, 0x00, 0x00, 0x00, 0x00, 0x00, 0x00, 0x00, 0x00,
  0x00, 0x00, 0x00, 0x00, 0x00, 0x00, 0x00, 0x00, 0x00, 0x00, 0x00, 0x00, 0x00, 0x00, 0x00, 0x00,
  0x00, 0x00, 0x00, 0x00, 0x00, 0x00, 0x00, 0x00, 0x00, 0x00, 0x00, 0x00, 0x00, 0x00, 0x00, 0x00,
  0x00, 0x00, 0x00, 0x00, 0x00, 0x00, 0x00, 0x00, 0x00, 0x00, 0x00, 0x00, 0x00, 0x00, 0x00, 0x00,
  0x00, 0x00, 0x00, 0x00, 0x00, 0x00, 0x00, 0x00, 0x58, 0x01, 0x00, 0x00, 0x00, 0x00, 0x00, 0x00,
  0x80, 0x10, 0x00, 0x00, 0x00, 0x00, 0x00, 0x00, 0x00, 0x00, 0x00, 0x00, 0x00, 0x00, 0x00, 0x00,
  0x00, 0x00, 0x00, 0x00, 0x00, 0x00, 0x00, 0x00, 0x00, 0x00, 0x00, 0x00, 0x3f, 0x00, 0x00, 0x00,
  0x7f, 0x02, 0xaf, 0x00, 0xa0, 0x13, 0x00, 0x00, 0x1e, 0x00, 0x08, 0x00, 0x00, 0x00, 0x00, 0x00,
  0x00, 0x00, 0x00, 0x00, 0x00, 0x00, 0x00, 0x00, 0x00, 0x00, 0x00, 0x00, 0x00, 0x00, 0x00, 0x00,
  0x00, 0x00, 0x00, 0x00, 0x00, 0x00, 0x00, 0x00, 0x00, 0x00, 0x00, 0x00, 0x00, 0x00, 0x00, 0x00,
  0x00, 0x00, 0x00, 0x00, 0x00, 0x00, 0x00, 0x00, 0x00, 0x00, 0x00, 0x00, 0x00, 0x00, 0x00, 0x00,
  0x00, 0x00, 0x00, 0x00, 0x00, 0x00, 0x00, 0x00, 0x00, 0x00, 0x00, 0x00, 0x00, 0x00, 0x00, 0x00,
  0x02, 0x02, 0x0e, 0xc0, 0x00, 0x00, 0x00, 0x00, 0x7f, 0xc0, 0x8c, 0xbf, 0x3c, 0x00, 0x82, 0xbf,
  0x00, 0x00, 0x80, 0xbf, 0x00, 0x00, 0x80, 0xbf, 0x00, 0x00, 0x80, 0xbf, 0x00, 0x00, 0x80, 0xbf,
  0x00, 0x00, 0x80, 0xbf, 0x00, 0x00, 0x80, 0xbf, 0x00, 0x00, 0x80, 0xbf, 0x00, 0x00, 0x80, 0xbf,
  0x00, 0x00, 0x80, 0xbf, 0x00, 0x00, 0x80, 0xbf, 0x00, 0x00, 0x80, 0xbf, 0x00, 0x00, 0x80, 0xbf,
  0x00, 0x00, 0x80, 0xbf, 0x00, 0x00, 0x80, 0xbf, 0x00, 0x00, 0x80, 0xbf, 0x00, 0x00, 0x80, 0xbf,
  0x00, 0x00, 0x80, 0xbf, 0x00, 0x00, 0x80, 0xbf, 0x00, 0x00, 0x80, 0xbf, 0x00, 0x00, 0x80, 0xbf,
  0x00, 0x00, 0x80, 0xbf, 0x00, 0x00, 0x80, 0xbf, 0x00, 0x00, 0x80, 0xbf, 0x00, 0x00, 0x80, 0xbf,
  0x00, 0x00, 0x80, 0xbf, 0x00, 0x00, 0x80, 0xbf, 0x00, 0x00, 0x80, 0xbf, 0x00, 0x00, 0x80, 0xbf,
  0x00, 0x00, 0x80, 0xbf, 0x00, 0x00, 0x80, 0xbf, 0x00, 0x00, 0x80, 0xbf, 0x00, 0x00, 0x80, 0xbf,
  0x00, 0x00, 0x80, 0xbf, 0x00, 0x00, 0x80, 0xbf, 0x00, 0x00, 0x80, 0xbf, 0x00, 0x00, 0x80, 0xbf,
  0x00, 0x00, 0x80, 0xbf, 0x00, 0x00, 0x80, 0xbf, 0x00, 0x00, 0x80, 0xbf, 0x00, 0x00, 0x80, 0xbf,
  0x00, 0x00, 0x80, 0xbf, 0x00, 0x00, 0x80, 0xbf, 0x00, 0x00, 0x80, 0xbf, 0x00, 0x00, 0x80, 0xbf,
  0x00, 0x00, 0x80, 0xbf, 0x00, 0x00, 0x80, 0xbf, 0x00, 0x00, 0x80, 0xbf, 0x00, 0x00, 0x80, 0xbf,
  0x00, 0x00, 0x80, 0xbf, 0x00, 0x00, 0x80, 0xbf, 0x00, 0x00, 0x80, 0xbf, 0x00, 0x00, 0x80, 0xbf,
  0x00, 0x00, 0x80, 0xbf, 0x00, 0x00, 0x80, 0xbf, 0x00, 0x00, 0x80, 0xbf, 0x00, 0x00, 0x80, 0xbf,
  0x00, 0x00, 0x80, 0xbf, 0x00, 0x00, 0x80, 0xbf, 0x00, 0x00, 0x80, 0xbf, 0x00, 0x00, 0x80, 0xbf,
  0x02, 0x05, 0x0e, 0xc0, 0x20, 0x00, 0x00, 0x00, 0xc2, 0x0f, 0x02, 0xc0, 0x40, 0x00, 0x00, 0x00,
  0xff, 0x00, 0x48, 0x26, 0xff, 0x03, 0x00, 0x00, 0x00, 0x00, 0x80, 0xbf, 0x24, 0x05, 0x00, 0x7e,
  0x00, 0xff, 0x85, 0x92, 0x06, 0x00, 0x02, 0x00, 0x7f, 0xc0, 0x8c, 0xbf, 0x16, 0xff, 0x00, 0x81,
  0xff, 0x00, 0x00, 0x00, 0x00, 0x9f, 0x01, 0x90, 0x01, 0x98, 0x01, 0x8f, 0x00, 0x01, 0x00, 0x81,
  0x00, 0x88, 0x00, 0x90, 0x17, 0xff, 0x01, 0x81, 0xff, 0x00, 0x00, 0x00, 0x01, 0x9f, 0x02, 0x90,
  0x02, 0x98, 0x02, 0x8f, 0x01, 0x02, 0x01, 0x81, 0x01, 0x88, 0x01, 0x90, 0x10, 0x9f, 0x02, 0x90,
  0x02, 0x9d, 0x02, 0x8f, 0x10, 0x02, 0x02, 0x81, 0x02, 0x83, 0x02, 0x90, 0x10, 0x87, 0x03, 0x8e,
  0x01, 0xfc, 0x82, 0xb7, 0x02, 0x03, 0x02, 0x81, 0x01, 0x82, 0x01, 0x8e, 0x02, 0x01, 0x03, 0x88,
  0x03, 0x9f, 0x03, 0x90, 0x02, 0x30, 0x84, 0xbe, 0x01, 0x30, 0x86, 0xbe, 0x06, 0x0c, 0x02, 0x7e,
  0x01, 0x47, 0x02, 0x7e, 0x00, 0x00, 0x80, 0xbf, 0xff, 0x02, 0x02, 0x0a, 0xfe, 0xff, 0x7f, 0x4f,
  0x01, 0x0f, 0x02, 0x7e, 0x80, 0x06, 0x87, 0x81, 0x01, 0x05, 0x20, 0x7e, 0x07, 0x10, 0x07, 0x92,
  0x10, 0x07, 0x07, 0x96, 0x10, 0x07, 0x10, 0x81, 0x04, 0x10, 0x07, 0x96, 0x07, 0x06, 0x10, 0x92,
  0x04, 0x10, 0x84, 0x81, 0x07, 0x81, 0x10, 0x81, 0x04, 0x06, 0x91, 0x81, 0x04, 0x06, 0x09, 0xbf,
  0x10, 0x07, 0x07, 0x85, 0x11, 0x04, 0x04, 0x85, 0x07, 0x81, 0x10, 0x81, 0x04, 0x06, 0x09, 0xbf,
  0x10, 0x07, 0x04, 0x85, 0x04, 0x03, 0x04, 0x88, 0x04, 0x03, 0x83, 0x81, 0x03, 0x82, 0x04, 0x8e,
  0x00, 0x04, 0x80, 0x81, 0x00, 0x84, 0x00, 0x83, 0x03, 0x01, 0x03, 0x92, 0x02, 0x03, 0x81, 0x81,
  0x01, 0x00, 0x02, 0x88, 0x02, 0x9f, 0x02, 0x90, 0x01, 0x30, 0x83, 0xbe, 0x00, 0x30, 0x86, 0xbe,
  0x06, 0x0c, 0x02, 0x7e, 0x01, 0x47, 0x02, 0x7e, 0x00, 0x00, 0x80, 0xbf, 0xff, 0x02, 0x02, 0x0a,
  0xfe, 0xff, 0x7f, 0x4f, 0x01, 0x0f, 0x02, 0x7e, 0x80, 0x06, 0x87, 0x81, 0x01, 0x05, 0x20, 0x7e,
  0x07, 0x10, 0x07, 0x92, 0x10, 0x07, 0x07, 0x96, 0x10, 0x07, 0x10, 0x81, 0x03, 0x10, 0x07, 0x96,
  0x07, 0x06, 0x10, 0x92, 0x03, 0x10, 0x83, 0x81, 0x07, 0x81, 0x10, 0x81, 0x03, 0x06, 0x91, 0x81,
  0x03, 0x06, 0x09, 0xbf, 0x10, 0x07, 0x07, 0x85, 0x11, 0x03, 0x03, 0x85, 0x07, 0x81, 0x10, 0x81,
  0x03, 0x06, 0x09, 0xbf, 0x10, 0x07, 0x03, 0x85, 0x03, 0x02, 0x03, 0x88, 0x03, 0x02, 0x86, 0x81,
  0x06, 0x00, 0x00, 0x92, 0x01, 0x00, 0xc3, 0x81, 0x43, 0x04, 0x43, 0x81, 0x05, 0x86, 0x41, 0x8e,
  0x25, 0x00, 0x01, 0xd2, 0x00, 0x7f, 0x05, 0x01, 0x81, 0x48, 0x02, 0x24, 0xff, 0x02, 0x02, 0x26,
  0x70, 0x00, 0x00, 0x00, 0x05, 0x02, 0x02, 0x28, 0x84, 0x02, 0x28, 0x28, 0x88, 0x02, 0x2c, 0x28,
  0x8c, 0x02, 0x32, 0x28, 0xff, 0x02, 0x14, 0x28, 0x80, 0x00, 0x00, 0x00, 0xff, 0x02, 0x18, 0x28,
  0x84, 0x00, 0x00, 0x00, 0xff, 0x02, 0x1c, 0x28, 0x88, 0x00, 0x00, 0x00, 0xff, 0x02, 0x20, 0x28,
  0x8c, 0x00, 0x00, 0x00, 0x84, 0x48, 0x04, 0x24, 0xff, 0x04, 0x30, 0x26, 0x70, 0x00, 0x00, 0x00,
  0x02, 0x00, 0xe8, 0xd1, 0x01, 0x31, 0x60, 0x04, 0x04, 0x00, 0xe8, 0xd1, 0x14, 0x31, 0x60, 0x04,
  0x06, 0x00, 0xe8, 0xd1, 0x16, 0x31, 0x60, 0x04, 0x08, 0x00, 0xe8, 0xd1, 0x19, 0x31, 0x60, 0x04,
  0x0a, 0x00, 0xe8, 0xd1, 0x0a, 0x31, 0x60, 0x04, 0x0c, 0x00, 0xe8, 0xd1, 0x0c, 0x31, 0x60, 0x04,
  0x0e, 0x00, 0xe8, 0xd1, 0x0e, 0x31, 0x60, 0x04, 0x10, 0x00, 0xe8, 0xd1, 0x10, 0x31, 0x60, 0x04,
  0xff, 0x04, 0x06, 0x68, 0x80, 0x00, 0x00, 0x00, 0xff, 0x08, 0x0a, 0x68, 0x80, 0x00, 0x00, 0x00,
  0xff, 0x0c, 0x0e, 0x68, 0x80, 0x00, 0x00, 0x00, 0xff, 0x10, 0x12, 0x68, 0x80, 0x00, 0x00, 0x00,
  0xff, 0x14, 0x16, 0x68, 0x80, 0x00, 0x00, 0x00, 0xff, 0x18, 0x1a, 0x68, 0x80, 0x00, 0x00, 0x00,
  0xff, 0x1c, 0x1e, 0x68, 0x80, 0x00, 0x00, 0x00, 0xff, 0x20, 0x22, 0x68, 0x80, 0x00, 0x00, 0x00,
  0x43, 0x88, 0x21, 0x8e, 0x21, 0x18, 0x00, 0x92, 0x00, 0x9f, 0x01, 0x90, 0x08, 0x00, 0x00, 0x80,
  0x09, 0x01, 0x01, 0x82, 0x12, 0x02, 0xe8, 0xd1, 0x01, 0x33, 0x60, 0x04, 0x14, 0x02, 0xe8, 0xd1,
  0x14, 0x33, 0x60, 0x04, 0x16, 0x02, 0xe8, 0xd1, 0x16, 0x33, 0x60, 0x04, 0x18, 0x02, 0xe8, 0xd1,
  0x19, 0x33, 0x60, 0x04, 0x19, 0x87, 0x02, 0x8e, 0x00, 0x00, 0x80, 0xbf, 0x02, 0x24, 0x26, 0x68,
  0x02, 0x28, 0x2a, 0x68, 0x02, 0x2c, 0x2e, 0x68, 0x02, 0x30, 0x32, 0x68, 0xff, 0x24, 0x4c, 0x68,
  0x80, 0x00, 0x00, 0x00, 0xff, 0x28, 0x4e, 0x68, 0x80, 0x00, 0x00, 0x00, 0xff, 0x2c, 0x50, 0x68,
  0x80, 0x00, 0x00, 0x00, 0xff, 0x30, 0x52, 0x68, 0x80, 0x00, 0x00, 0x00, 0xff, 0x26, 0x54, 0x68,
  0x80, 0x00, 0x00, 0x00, 0xff, 0x2a, 0x56, 0x68, 0x80, 0x00, 0x00, 0x00, 0xff, 0x2e, 0x58, 0x68,
  0x80, 0x00, 0x00, 0x00, 0xff, 0x32, 0x5a, 0x68, 0x80, 0x00, 0x00, 0x00, 0x06, 0x88, 0x22, 0x8e,
  0x22, 0x19, 0x02, 0x92, 0x02, 0x9f, 0x03, 0x90, 0x0a, 0x02, 0x04, 0x80, 0x0b, 0x03, 0x0a, 0x82,
  0x85, 0x4a, 0x02, 0x20, 0x9f, 0x00, 0x38, 0x26, 0x1a, 0x00, 0x00, 0xd2, 0x1c, 0x07, 0x85, 0x00,
  0x43, 0xff, 0x02, 0x93, 0x17, 0x00, 0x01, 0x00, 0x02, 0x34, 0x34, 0x68, 0x02, 0x34, 0x34, 0x2a,
  0x16, 0x30, 0x83, 0xbe, 0x03, 0x0c, 0x36, 0x7e, 0x1b, 0x47, 0x36, 0x7e, 0x00, 0x00, 0x80, 0xbf,
  0xff, 0x36, 0x36, 0x0a, 0xfe, 0xff, 0x7f, 0x4f, 0x1b, 0x0f, 0x36, 0x7e, 0x80, 0x03, 0x87, 0x81,
  0x1d, 0x00, 0x85, 0xd2, 0x07, 0x36, 0x02, 0x00, 0x1d, 0x00, 0x86, 0xd2, 0x1b, 0x3b, 0x02, 0x00,
  0x1b, 0x3b, 0x36, 0x68, 0x1b, 0x00, 0x86, 0xd2, 0x1a, 0x37, 0x02, 0x00, 0x1b, 0x00, 0x85, 0xd2,
  0x1b, 0x07, 0x00, 0x00, 0x1a, 0x37, 0x34, 0x6a, 0x03, 0x34, 0x96, 0x7d, 0x03, 0x34, 0x36, 0x6c,
  0x00, 0x00, 0x80, 0xbf, 0x1a, 0x37, 0x34, 0x00, 0x03, 0x34, 0x96, 0x7d, 0x03, 0x34, 0x36, 0x6c,
  0x00, 0x00, 0x80, 0xbf, 0x1a, 0x37, 0x34, 0x00, 0x02, 0x34, 0x34, 0x2a, 0x02, 0x34, 0x34, 0x6c,
  0x1a, 0x02, 0xe8, 0xd1, 0x01, 0x37, 0x68, 0x04, 0x1b, 0x00, 0xfd, 0xd1, 0x1b, 0x06, 0x69, 0x04,
  0x1c, 0x00, 0x00, 0xd2, 0x1c, 0x05, 0x89, 0x00, 0x06, 0xff, 0x02, 0x93, 0x17, 0x00, 0x01, 0x00,
  0x02, 0x38, 0x38, 0x68, 0x02, 0x38, 0x38, 0x2a, 0x17, 0x30, 0x83, 0xbe, 0x03, 0x0c, 0x3a, 0x7e,
  0x1d, 0x47, 0x3a, 0x7e, 0x00, 0x00, 0x80, 0xbf, 0xff, 0x3a, 0x3a, 0x0a, 0xfe, 0xff, 0x7f, 0x4f,
  0x1d, 0x0f, 0x3a, 0x7e, 0x80, 0x03, 0x86, 0x81, 0x1e, 0x00, 0x85, 0xd2, 0x06, 0x3a, 0x02, 0x00,
  0x1e, 0x00, 0x86, 0xd2, 0x1d, 0x3d, 0x02, 0x00, 0x1d, 0x3d, 0x3a, 0x68, 0x1d, 0x00, 0x86, 0xd2,
  0x1c, 0x3b, 0x02, 0x00, 0x1d, 0x00, 0x85, 0xd2, 0x1d, 0x07, 0x00, 0x00, 0x1c, 0x3b, 0x38, 0x6a,
  0x03, 0x38, 0x96, 0x7d, 0x03, 0x38, 0x3a, 0x6c, 0x00, 0x00, 0x80, 0xbf, 0x1c, 0x3b, 0x38, 0x00,
  0x03, 0x38, 0x96, 0x7d, 0x03, 0x38, 0x3a, 0x6c, 0x00, 0x00, 0x80, 0xbf, 0x1c, 0x3b, 0x38, 0x00,
  0x02, 0x38, 0x38, 0x2a, 0x02, 0x38, 0x38, 0x6c, 0x1c, 0x02, 0xe8, 0xd1, 0x01, 0x7f, 0x70, 0x04,
  0xff, 0x38, 0x5e, 0x68, 0x80, 0x00, 0x00, 0x00, 0x3f, 0x83, 0x02, 0x8e, 0x02, 0x38, 0x60, 0x68,
  0x02, 0x5e, 0x62, 0x68, 0x01, 0xff, 0x01, 0x86, 0xff, 0xff, 0x00, 0x00, 0xff, 0x00, 0x83, 0xbe,
  0x00, 0x70, 0x02, 0x00, 0xff, 0x00, 0x82, 0xbe, 0xfe, 0xff, 0xff, 0x7f, 0x05, 0xff, 0x0b, 0x92,
  0x20, 0x04, 0x00, 0x00, 0x0b, 0x80, 0x19, 0x81, 0x19, 0x00, 0xfc, 0xbe, 0x00, 0x00, 0x80, 0xbf,
  0x00, 0x10, 0x5d, 0xe0, 0x02, 0x00, 0x00, 0x80, 0x19, 0xff, 0x23, 0x81, 0x80, 0x10, 0x00, 0x00,
  0x23, 0x00, 0xfc, 0xbe, 0x00, 0x00, 0x80, 0xbf, 0x00, 0x10, 0x5d, 0xe0, 0x04, 0x00, 0x00, 0x80,
  0x19, 0xff, 0x24, 0x81, 0x00, 0x21, 0x00, 0x00, 0x24, 0x00, 0xfc, 0xbe, 0x00, 0x00, 0x80, 0xbf,
  0x00, 0x10, 0x5d, 0xe0, 0x06, 0x00, 0x00, 0x80, 0x19, 0xff, 0x25, 0x81, 0x80, 0x31, 0x00, 0x00,
  0x25, 0x00, 0xfc, 0xbe, 0x00, 0x00, 0x80, 0xbf, 0x00, 0x10, 0x5d, 0xe0, 0x08, 0x00, 0x00, 0x80,
  0x19, 0xff, 0x26, 0x81, 0x00, 0x42, 0x00, 0x00, 0x26, 0x00, 0xfc, 0xbe, 0x00, 0x00, 0x80, 0xbf,
  0x00, 0x10, 0x5d, 0xe0, 0x0a, 0x00, 0x00, 0x80, 0x19, 0xff, 0x27, 0x81, 0x80, 0x52, 0x00, 0x00,
  0x27, 0x00, 0xfc, 0xbe, 0x00, 0x00, 0x80, 0xbf, 0x00, 0x10, 0x5d, 0xe0, 0x0c, 0x00, 0x00, 0x80,
  0x19, 0xff, 0x28, 0x81, 0x00, 0x63, 0x00, 0x00, 0x28, 0x00, 0xfc, 0xbe, 0x00, 0x00, 0x80, 0xbf,
  0x00, 0x10, 0x5d, 0xe0, 0x0e, 0x00, 0x00, 0x80, 0x19, 0xff, 0x29, 0x81, 0x80, 0x73, 0x00, 0x00,
  0x29, 0x00, 0xfc, 0xbe, 0x00, 0x00, 0x80, 0xbf, 0x00, 0x10, 0x5d, 0xe0, 0x10, 0x00, 0x00, 0x80,
  0x0a, 0xff, 0x05, 0x86, 0xff, 0xff, 0x00, 0x00, 0x02, 0x00, 0x86, 0xbe, 0x03, 0x00, 0x87, 0xbe,
  0x80, 0xff, 0x16, 0x81, 0xe0, 0x07, 0x01, 0x00, 0x16, 0x0b, 0x2a, 0x81, 0x2a, 0x00, 0xfc, 0xbe,
  0x00, 0x00, 0x80, 0xbf, 0x00, 0x10, 0x5d, 0xe0, 0x12, 0x00, 0x01, 0x80, 0x2a, 0xff, 0x2b, 0x81,
  0x80, 0x10, 0x00, 0x00, 0x2b, 0x00, 0xfc, 0xbe, 0x00, 0x00, 0x80, 0xbf, 0x00, 0x10, 0x5d, 0xe0,
  0x14, 0x00, 0x01, 0x80, 0x2a, 0xff, 0x2c, 0x81, 0x00, 0x21, 0x00, 0x00, 0x2c, 0x00, 0xfc, 0xbe,
  0x00, 0x00, 0x80, 0xbf, 0x00, 0x10, 0x5d, 0xe0, 0x16, 0x00, 0x01, 0x80, 0x2a, 0xff, 0x2d, 0x81,
  0x80, 0x31, 0x00, 0x00, 0x2d, 0x00, 0xfc, 0xbe, 0x00, 0x00, 0x80, 0xbf, 0x00, 0x10, 0x5d, 0xe0,
  0x18, 0x00, 0x01, 0x80, 0x0f, 0xff, 0x1d, 0x86, 0xff, 0xff, 0x00, 0x00, 0x0e, 0x00, 0x9c, 0xbe,
  0x02, 0x00, 0x9e, 0xbe, 0x03, 0x00, 0x9f, 0xbe, 0x00, 0x10, 0x54, 0xe0, 0x1a, 0x20, 0x07, 0x80,
  0x15, 0xff, 0x11, 0x86, 0xff, 0xff, 0x00, 0x00, 0x14, 0x00, 0x90, 0xbe, 0x02, 0x00, 0x92, 0xbe,
  0x03, 0x00, 0x93, 0xbe, 0x00, 0x10, 0x50, 0xe0, 0x1c, 0x22, 0x04, 0x80, 0x19, 0xff, 0x2e, 0x81,
  0xc0, 0x8b, 0x01, 0x00, 0x2e, 0x00, 0xfc, 0xbe, 0x00, 0x00, 0x80, 0xbf, 0x00, 0x10, 0x5d, 0xe0,
  0x13, 0x00, 0x01, 0x80, 0x19, 0xff, 0x2f, 0x81, 0x40, 0x9c, 0x01, 0x00, 0x2f, 0x00, 0xfc, 0xbe,
  0x00, 0x00, 0x80, 0xbf, 0x00, 0x10, 0x5d, 0xe0, 0x15, 0x00, 0x01, 0x80, 0x19, 0xff, 0x30, 0x81,
  0xc0, 0xac, 0x01, 0x00, 0x30, 0x00, 0xfc, 0xbe, 0x00, 0x00, 0x80, 0xbf, 0x00, 0x10, 0x5d, 0xe0,
  0x17, 0x00, 0x01, 0x80, 0x19, 0xff, 0x31, 0x81, 0x40, 0xbd, 0x01, 0x00, 0x31, 0x00, 0xfc, 0xbe,
  0x00, 0x00, 0x80, 0xbf, 0x00, 0x10, 0x5d, 0xe0, 0x19, 0x00, 0x01, 0x80, 0x80, 0x10, 0x50, 0xe0,
  0x1c, 0xa2, 0x04, 0x80, 0x7f, 0xc0, 0x8c, 0xbf, 0x00, 0x00, 0x8a, 0xbf, 0x19, 0xff, 0x32, 0x81,
  0x00, 0x84, 0x00, 0x00, 0x32, 0x00, 0xfc, 0xbe, 0x00, 0x00, 0x80, 0xbf, 0x00, 0x10, 0x5d, 0xe0,
  0x03, 0x00, 0x00, 0x80, 0x19, 0xff, 0x33, 0x81, 0x80, 0x94, 0x00, 0x00, 0x33, 0x00, 0xfc, 0xbe,
  0x00, 0x00, 0x80, 0xbf, 0x00, 0x10, 0x5d, 0xe0, 0x05, 0x00, 0x00, 0x80, 0x19, 0xff, 0x34, 0x81,
  0x00, 0xa5, 0x00, 0x00, 0x34, 0x00, 0xfc, 0xbe, 0x00, 0x00, 0x80, 0xbf, 0x00, 0x10, 0x5d, 0xe0,
  0x07, 0x00, 0x00, 0x80, 0x19, 0xff, 0x35, 0x81, 0x80, 0xb5, 0x00, 0x00, 0x35, 0x00, 0xfc, 0xbe,
  0x00, 0x00, 0x80, 0xbf, 0x00, 0x10, 0x5d, 0xe0, 0x09, 0x00, 0x00, 0x80, 0x19, 0xff, 0x36, 0x81,
  0x00, 0xc6, 0x00, 0x00, 0x36, 0x00, 0xfc, 0xbe, 0x00, 0x00, 0x80, 0xbf, 0x00, 0x10, 0x5d, 0xe0,
  0x0b, 0x00, 0x00, 0x80, 0x19, 0xff, 0x37, 0x81, 0x80, 0xd6, 0x00, 0x00, 0x37, 0x00, 0xfc, 0xbe,
  0x00, 0x00, 0x80, 0xbf, 0x00, 0x10, 0x5d, 0xe0, 0x0d, 0x00, 0x00, 0x80, 0x19, 0xff, 0x38, 0x81,
  0x00, 0xe7, 0x00, 0x00, 0x38, 0x00, 0xfc, 0xbe, 0x00, 0x00, 0x80, 0xbf, 0x00, 0x10, 0x5d, 0xe0,
  0x0f, 0x00, 0x00, 0x80, 0x19, 0xff, 0x39, 0x81, 0x80, 0xf7, 0x00, 0x00, 0x39, 0x00, 0xfc, 0xbe,
  0x00, 0x00, 0x80, 0xbf, 0x00, 0x10, 0x5d, 0xe0, 0x11, 0x00, 0x00, 0x80, 0x19, 0xff, 0x3a, 0x81,
  0xe0, 0x49, 0x01, 0x00, 0x3a, 0x00, 0xfc, 0xbe, 0x00, 0x00, 0x80, 0xbf, 0x00, 0x10, 0x5d, 0xe0,
  0x26, 0x00, 0x01, 0x80, 0x19, 0xff, 0x3b, 0x81, 0x60, 0x5a, 0x01, 0x00, 0x3b, 0x00, 0xfc, 0xbe,
  0x00, 0x00, 0x80, 0xbf, 0x00, 0x10, 0x5d, 0xe0, 0x27, 0x00, 0x01, 0x80, 0x19, 0xff, 0x3c, 0x81,
  0xe0, 0x6a, 0x01, 0x00, 0x3c, 0x00, 0xfc, 0xbe, 0x00, 0x00, 0x80, 0xbf, 0x00, 0x10, 0x5d, 0xe0,
  0x28, 0x00, 0x01, 0x80, 0x19, 0xff, 0x3d, 0x81, 0x60, 0x7b, 0x01, 0x00, 0x3d, 0x00, 0xfc, 0xbe,
  0x00, 0x00, 0x80, 0xbf, 0x00, 0x10, 0x5d, 0xe0, 0x29, 0x00, 0x01, 0x80, 0x00, 0x10, 0x54, 0xe0,
  0x1b, 0x9c, 0x07, 0x80, 0x00, 0x10, 0x50, 0xe0, 0x30, 0xa0, 0x04, 0x80, 0x19, 0xff, 0x1c, 0x81,
  0xc0, 0xcd, 0x01, 0x00, 0x1c, 0x00, 0xfc, 0xbe, 0x00, 0x00, 0x80, 0xbf, 0x00, 0x10, 0x5d, 0xe0,
  0x2a, 0x00, 0x01, 0x80, 0x19, 0xff, 0x1d, 0x81, 0x40, 0xde, 0x01, 0x00, 0x1d, 0x00, 0xfc, 0xbe,
  0x00, 0x00, 0x80, 0xbf, 0x00, 0x10, 0x5d, 0xe0, 0x2b, 0x00, 0x01, 0x80, 0x19, 0xff, 0x1e, 0x81,
  0xc0, 0xee, 0x01, 0x00, 0x1e, 0x00, 0xfc, 0xbe, 0x00, 0x00, 0x80, 0xbf, 0x00, 0x10, 0x5d, 0xe0,
  0x2c, 0x00, 0x01, 0x80, 0x19, 0xff, 0x1f, 0x81, 0x40, 0xff, 0x01, 0x00, 0x1f, 0x00, 0xfc, 0xbe,
  0x00, 0x00, 0x80, 0xbf, 0x00, 0x10, 0x5d, 0xe0, 0x2d, 0x00, 0x01, 0x80, 0x00, 0x10, 0x50, 0xe0,
  0x31, 0xa1, 0x04, 0x80, 0x1b, 0x84, 0x1b, 0x8e, 0x1b, 0x9f, 0x3e, 0x90, 0x3f, 0x84, 0x3f, 0x8e,
  0x3f, 0x9f, 0x40, 0x90, 0x7a, 0x40, 0x8c, 0xbf, 0x00, 0x00, 0x8a, 0xbf, 0x8f, 0x00, 0x68, 0x26,
  0x8a, 0x68, 0x02, 0x24, 0xb0, 0x00, 0x00, 0xb0, 0x1d, 0x00, 0x01, 0xd2, 0x25, 0x01, 0x04, 0x04,
  0x85, 0x68, 0x3c, 0x24, 0x2e, 0x00, 0xff, 0xd1, 0x1d, 0x3d, 0x02, 0x02, 0x00, 0x00, 0xfe, 0xd9,
  0x2e, 0x00, 0x00, 0x74, 0x40, 0x00, 0xfe, 0xd9, 0x2e, 0x00, 0x00, 0x78, 0x00, 0x01, 0xfe, 0xd9,
  0x2e, 0x00, 0x00, 0x6c, 0x40, 0x01, 0xfe, 0xd9, 0x2e, 0x00, 0x00, 0x70, 0x00, 0x02, 0xfe, 0xd9,
  0x2e, 0x00, 0x00, 0x64, 0x40, 0x02, 0xfe, 0xd9, 0x2e, 0x00, 0x00, 0x68, 0x00, 0x03, 0xfe, 0xd9,
  0x2e, 0x00, 0x00, 0x58, 0x40, 0x03, 0xfe, 0xd9, 0x2e, 0x00, 0x00, 0x60, 0x00, 0x42, 0xfe, 0xd9,
  0x2e, 0x00, 0x00, 0x54, 0x40, 0x42, 0xfe, 0xd9, 0x2e, 0x00, 0x00, 0x5c, 0x00, 0x43, 0xfe, 0xd9,
  0x2e, 0x00, 0x00, 0x4c, 0x40, 0x43, 0xfe, 0xd9, 0x2e, 0x00, 0x00, 0x50, 0x00, 0x44, 0xfe, 0xd9,
  0x2e, 0x00, 0x00, 0x44, 0x40, 0x44, 0xfe, 0xd9, 0x2e, 0x00, 0x00, 0x48, 0x00, 0x45, 0xfe, 0xd9,
  0x2e, 0x00, 0x00, 0x3c, 0x40, 0x45, 0xfe, 0xd9, 0x2e, 0x00, 0x00, 0x40, 0xb0, 0x00, 0x3e, 0x26,
  0x41, 0xc0, 0x00, 0x86, 0x01, 0x3f, 0x02, 0x28, 0x01, 0x3d, 0x02, 0x68, 0x35, 0x00, 0xfd, 0xd1,
  0x00, 0x02, 0x05, 0x04, 0x16, 0x6a, 0x02, 0x68, 0x00, 0x00, 0xfe, 0xd9, 0x01, 0x00, 0x00, 0x7c,
  0x40, 0x00, 0xfe, 0xd9, 0x01, 0x00, 0x00, 0x84, 0x00, 0x01, 0xfe, 0xd9, 0x01, 0x00, 0x00, 0x80,
  0x40, 0x01, 0xfe, 0xd9, 0x01, 0x00, 0x00, 0x88, 0x00, 0x02, 0xfe, 0xd9, 0x01, 0x00, 0x00, 0x8c,
  0x40, 0x02, 0xfe, 0xd9, 0x01, 0x00, 0x00, 0x90, 0x00, 0x03, 0xfe, 0xd9, 0x01, 0x00, 0x00, 0x94,
  0x40, 0x03, 0xfe, 0xd9, 0x01, 0x00, 0x00, 0x98, 0x83, 0x4a, 0x6c, 0x24, 0x80, 0xff, 0x01, 0x81,
  0xa0, 0x0f, 0x02, 0x00, 0x01, 0x6c, 0x02, 0x68, 0x79, 0x4f, 0x8c, 0xbf, 0x00, 0x00, 0x9a, 0xd8,
  0x01, 0x20, 0x00, 0x00, 0x82, 0x4a, 0x6e, 0x24, 0x80, 0xff, 0x05, 0x81, 0xa0, 0x17, 0x02, 0x00,
  0x05, 0x6e, 0x02, 0x68, 0x78, 0x4f, 0x8c, 0xbf, 0x00, 0x00, 0x1a, 0xd8, 0x01, 0x22, 0x00, 0x00,
  0x7f, 0xc0, 0x8c, 0xbf, 0x00, 0x00, 0x8a, 0xbf, 0x83, 0x48, 0x3a, 0x24, 0xff, 0x3a, 0x02, 0x26,
  0x68, 0x00, 0x00, 0x00, 0x82, 0x00, 0x40, 0x26, 0x41, 0xff, 0x16, 0x86, 0x80, 0x00, 0x00, 0x00,
  0x16, 0x83, 0x06, 0x8f, 0x06, 0x01, 0x06, 0x81, 0x00, 0x00, 0xfd, 0xd1, 0x20, 0x13, 0x19, 0x00,
  0x00, 0x00, 0xfd, 0xd1, 0x1f, 0x09, 0x01, 0x04, 0x00, 0x03, 0x66, 0x68, 0x00, 0x00, 0xc4, 0xd9,
  0x33, 0x00, 0x00, 0x1e, 0x80, 0x00, 0xc4, 0xd9, 0x33, 0x00, 0x00, 0x00, 0xff, 0x3a, 0x42, 0x26,
  0xe8, 0x01, 0x00, 0x00, 0x88, 0x40, 0x40, 0x24, 0x00, 0x82, 0x17, 0x8f, 0x20, 0x00, 0xff, 0xd1,
  0x05, 0x42, 0x82, 0x04, 0x17, 0x40, 0x64, 0x68, 0x00, 0x00, 0xc4, 0xd9, 0x32, 0x00, 0x00, 0x20,
  0x04, 0xff, 0x41, 0x80, 0x00, 0x01, 0x00, 0x00, 0x0a, 0x80, 0x42, 0x82, 0x18, 0x43, 0x00, 0x92,
  0x00, 0x88, 0x00, 0x8e, 0x00, 0x9f, 0x01, 0x90, 0x08, 0x00, 0x00, 0x80, 0x09, 0x01, 0x01, 0x82,
  0x00, 0xff, 0x18, 0x80, 0x00, 0x01, 0x00, 0x00, 0x01, 0x80, 0x43, 0x82, 0x14, 0x3f, 0x14, 0x80,
  0x15, 0x40, 0x15, 0x82, 0x0e, 0x1b, 0x0e, 0x80, 0x0f, 0x3e, 0x0f, 0x82, 0x80, 0x02, 0x44, 0x7e,
  0xc2, 0x00, 0xc4, 0xbe, 0x7c, 0x40, 0xd9, 0xd3, 0x22, 0x01, 0x00, 0x18, 0x7d, 0x40, 0xd9, 0xd3,
  0x22, 0x01, 0x00, 0x18, 0x7e, 0x40, 0xd9, 0xd3, 0x22, 0x01, 0x00, 0x18, 0x7f, 0x40, 0xd9, 0xd3,
  0x22, 0x01, 0x00, 0x18, 0x00, 0x40, 0xd9, 0xd3, 0x22, 0x01, 0x00, 0x18, 0x01, 0x40, 0xd9, 0xd3,
  0x22, 0x01, 0x00, 0x18, 0x02, 0x40, 0xd9, 0xd3, 0x22, 0x01, 0x00, 0x18, 0x03, 0x40, 0xd9, 0xd3,
  0x22, 0x01, 0x00, 0x18, 0x04, 0x40, 0xd9, 0xd3, 0x22, 0x01, 0x00, 0x18, 0x05, 0x40, 0xd9, 0xd3,
  0x22, 0x01, 0x00, 0x18, 0x06, 0x40, 0xd9, 0xd3, 0x22, 0x01, 0x00, 0x18, 0x07, 0x40, 0xd9, 0xd3,
  0x22, 0x01, 0x00, 0x18, 0x08, 0x40, 0xd9, 0xd3, 0x22, 0x01, 0x00, 0x18, 0x09, 0x40, 0xd9, 0xd3,
  0x22, 0x01, 0x00, 0x18, 0x0a, 0x40, 0xd9, 0xd3, 0x22, 0x01, 0x00, 0x18, 0x0b, 0x40, 0xd9, 0xd3,
  0x22, 0x01, 0x00, 0x18, 0x0c, 0x40, 0xd9, 0xd3, 0x22, 0x01, 0x00, 0x18, 0x0d, 0x40, 0xd9, 0xd3,
  0x22, 0x01, 0x00, 0x18, 0x0e, 0x40, 0xd9, 0xd3, 0x22, 0x01, 0x00, 0x18, 0x0f, 0x40, 0xd9, 0xd3,
  0x22, 0x01, 0x00, 0x18, 0x10, 0x40, 0xd9, 0xd3, 0x22, 0x01, 0x00, 0x18, 0x11, 0x40, 0xd9, 0xd3,
  0x22, 0x01, 0x00, 0x18, 0x12, 0x40, 0xd9, 0xd3, 0x22, 0x01, 0x00, 0x18, 0x13, 0x40, 0xd9, 0xd3,
  0x22, 0x01, 0x00, 0x18, 0x14, 0x40, 0xd9, 0xd3, 0x22, 0x01, 0x00, 0x18, 0x15, 0x40, 0xd9, 0xd3,
  0x22, 0x01, 0x00, 0x18, 0x16, 0x40, 0xd9, 0xd3, 0x22, 0x01, 0x00, 0x18, 0x17, 0x40, 0xd9, 0xd3,
  0x22, 0x01, 0x00, 0x18, 0x18, 0x40, 0xd9, 0xd3, 0x22, 0x01, 0x00, 0x18, 0x19, 0x40, 0xd9, 0xd3,
  0x22, 0x01, 0x00, 0x18, 0x1a, 0x40, 0xd9, 0xd3, 0x22, 0x01, 0x00, 0x18, 0x1b, 0x40, 0xd9, 0xd3,
  0x22, 0x01, 0x00, 0x18, 0x1c, 0x40, 0xd9, 0xd3, 0x22, 0x01, 0x00, 0x18, 0x1d, 0x40, 0xd9, 0xd3,
  0x22, 0x01, 0x00, 0x18, 0x1e, 0x40, 0xd9, 0xd3, 0x22, 0x01, 0x00, 0x18, 0x1f, 0x40, 0xd9, 0xd3,
  0x22, 0x01, 0x00, 0x18, 0x20, 0x40, 0xd9, 0xd3, 0x22, 0x01, 0x00, 0x18, 0x21, 0x40, 0xd9, 0xd3,
  0x22, 0x01, 0x00, 0x18, 0x22, 0x40, 0xd9, 0xd3, 0x22, 0x01, 0x00, 0x18, 0x23, 0x40, 0xd9, 0xd3,
  0x22, 0x01, 0x00, 0x18, 0x24, 0x40, 0xd9, 0xd3, 0x22, 0x01, 0x00, 0x18, 0x25, 0x40, 0xd9, 0xd3,
  0x22, 0x01, 0x00, 0x18, 0x26, 0x40, 0xd9, 0xd3, 0x22, 0x01, 0x00, 0x18, 0x27, 0x40, 0xd9, 0xd3,
  0x22, 0x01, 0x00, 0x18, 0x2c, 0x40, 0xd9, 0xd3, 0x22, 0x01, 0x00, 0x18, 0x2d, 0x40, 0xd9, 0xd3,
  0x22, 0x01, 0x00, 0x18, 0x2e, 0x40, 0xd9, 0xd3, 0x22, 0x01, 0x00, 0x18, 0x2f, 0x40, 0xd9, 0xd3,
  0x22, 0x01, 0x00, 0x18, 0x34, 0x40, 0xd9, 0xd3, 0x22, 0x01, 0x00, 0x18, 0x35, 0x40, 0xd9, 0xd3,
  0x22, 0x01, 0x00, 0x18, 0x36, 0x40, 0xd9, 0xd3, 0x22, 0x01, 0x00, 0x18, 0x37, 0x40, 0xd9, 0xd3,
  0x22, 0x01, 0x00, 0x18, 0x28, 0x40, 0xd9, 0xd3, 0x22, 0x01, 0x00, 0x18, 0x29, 0x40, 0xd9, 0xd3,
  0x22, 0x01, 0x00, 0x18, 0x2a, 0x40, 0xd9, 0xd3, 0x22, 0x01, 0x00, 0x18, 0x2b, 0x40, 0xd9, 0xd3,
  0x22, 0x01, 0x00, 0x18, 0x30, 0x40, 0xd9, 0xd3, 0x22, 0x01, 0x00, 0x18, 0x31, 0x40, 0xd9, 0xd3,
  0x22, 0x01, 0x00, 0x18, 0x32, 0x40, 0xd9, 0xd3, 0x22, 0x01, 0x00, 0x18, 0x33, 0x40, 0xd9, 0xd3,
  0x22, 0x01, 0x00, 0x18, 0x38, 0x40, 0xd9, 0xd3, 0x22, 0x01, 0x00, 0x18, 0x39, 0x40, 0xd9, 0xd3,
  0x22, 0x01, 0x00, 0x18, 0x3a, 0x40, 0xd9, 0xd3, 0x22, 0x01, 0x00, 0x18, 0x3b, 0x40, 0xd9, 0xd3,
  0x22, 0x01, 0x00, 0x18, 0x3c, 0x40, 0xd9, 0xd3, 0x22, 0x01, 0x00, 0x18, 0x3d, 0x40, 0xd9, 0xd3,
  0x22, 0x01, 0x00, 0x18, 0x3e, 0x40, 0xd9, 0xd3, 0x22, 0x01, 0x00, 0x18, 0x3f, 0x40, 0xd9, 0xd3,
  0x22, 0x01, 0x00, 0x18, 0x40, 0x40, 0xd9, 0xd3, 0x22, 0x01, 0x00, 0x18, 0x41, 0x40, 0xd9, 0xd3,
  0x22, 0x01, 0x00, 0x18, 0x42, 0x40, 0xd9, 0xd3, 0x22, 0x01, 0x00, 0x18, 0x43, 0x40, 0xd9, 0xd3,
  0x22, 0x01, 0x00, 0x18, 0x44, 0x40, 0xd9, 0xd3, 0x22, 0x01, 0x00, 0x18, 0x45, 0x40, 0xd9, 0xd3,
  0x22, 0x01, 0x00, 0x18, 0x46, 0x40, 0xd9, 0xd3, 0x22, 0x01, 0x00, 0x18, 0x47, 0x40, 0xd9, 0xd3,
  0x22, 0x01, 0x00, 0x18, 0x48, 0x40, 0xd9, 0xd3, 0x22, 0x01, 0x00, 0x18, 0x49, 0x40, 0xd9, 0xd3,
  0x22, 0x01, 0x00, 0x18, 0x4a, 0x40, 0xd9, 0xd3, 0x22, 0x01, 0x00, 0x18, 0x4b, 0x40, 0xd9, 0xd3,
  0x22, 0x01, 0x00, 0x18, 0x4c, 0x40, 0xd9, 0xd3, 0x22, 0x01, 0x00, 0x18, 0x4d, 0x40, 0xd9, 0xd3,
  0x22, 0x01, 0x00, 0x18, 0x4e, 0x40, 0xd9, 0xd3, 0x22, 0x01, 0x00, 0x18, 0x4f, 0x40, 0xd9, 0xd3,
  0x22, 0x01, 0x00, 0x18, 0x50, 0x40, 0xd9, 0xd3, 0x22, 0x01, 0x00, 0x18, 0x51, 0x40, 0xd9, 0xd3,
  0x22, 0x01, 0x00, 0x18, 0x52, 0x40, 0xd9, 0xd3, 0x22, 0x01, 0x00, 0x18, 0x53, 0x40, 0xd9, 0xd3,
  0x22, 0x01, 0x00, 0x18, 0x54, 0x40, 0xd9, 0xd3, 0x22, 0x01, 0x00, 0x18, 0x55, 0x40, 0xd9, 0xd3,
  0x22, 0x01, 0x00, 0x18, 0x56, 0x40, 0xd9, 0xd3, 0x22, 0x01, 0x00, 0x18, 0x57, 0x40, 0xd9, 0xd3,
  0x22, 0x01, 0x00, 0x18, 0x58, 0x40, 0xd9, 0xd3, 0x22, 0x01, 0x00, 0x18, 0x59, 0x40, 0xd9, 0xd3,
  0x22, 0x01, 0x00, 0x18, 0x5a, 0x40, 0xd9, 0xd3, 0x22, 0x01, 0x00, 0x18, 0x5b, 0x40, 0xd9, 0xd3,
  0x22, 0x01, 0x00, 0x18, 0x5c, 0x40, 0xd9, 0xd3, 0x22, 0x01, 0x00, 0x18, 0x5d, 0x40, 0xd9, 0xd3,
  0x22, 0x01, 0x00, 0x18, 0x5e, 0x40, 0xd9, 0xd3, 0x22, 0x01, 0x00, 0x18, 0x5f, 0x40, 0xd9, 0xd3,
  0x22, 0x01, 0x00, 0x18, 0x60, 0x40, 0xd9, 0xd3, 0x22, 0x01, 0x00, 0x18, 0x61, 0x40, 0xd9, 0xd3,
  0x22, 0x01, 0x00, 0x18, 0x62, 0x40, 0xd9, 0xd3, 0x22, 0x01, 0x00, 0x18, 0x63, 0x40, 0xd9, 0xd3,
  0x22, 0x01, 0x00, 0x18, 0x64, 0x40, 0xd9, 0xd3, 0x22, 0x01, 0x00, 0x18, 0x65, 0x40, 0xd9, 0xd3,
  0x22, 0x01, 0x00, 0x18, 0x66, 0x40, 0xd9, 0xd3, 0x22, 0x01, 0x00, 0x18, 0x67, 0x40, 0xd9, 0xd3,
  0x22, 0x01, 0x00, 0x18, 0x68, 0x40, 0xd9, 0xd3, 0x22, 0x01, 0x00, 0x18, 0x69, 0x40, 0xd9, 0xd3,
  0x22, 0x01, 0x00, 0x18, 0x6a, 0x40, 0xd9, 0xd3, 0x22, 0x01, 0x00, 0x18, 0x6b, 0x40, 0xd9, 0xd3,
  0x22, 0x01, 0x00, 0x18, 0x6c, 0x40, 0xd9, 0xd3, 0x22, 0x01, 0x00, 0x18, 0x6d, 0x40, 0xd9, 0xd3,
  0x22, 0x01, 0x00, 0x18, 0x6e, 0x40, 0xd9, 0xd3, 0x22, 0x01, 0x00, 0x18, 0x6f, 0x40, 0xd9, 0xd3,
  0x22, 0x01, 0x00, 0x18, 0x70, 0x40, 0xd9, 0xd3, 0x22, 0x01, 0x00, 0x18, 0x71, 0x40, 0xd9, 0xd3,
  0x22, 0x01, 0x00, 0x18, 0x72, 0x40, 0xd9, 0xd3, 0x22, 0x01, 0x00, 0x18, 0x73, 0x40, 0xd9, 0xd3,
  0x22, 0x01, 0x00, 0x18, 0x74, 0x40, 0xd9, 0xd3, 0x22, 0x01, 0x00, 0x18, 0x75, 0x40, 0xd9, 0xd3,
  0x22, 0x01, 0x00, 0x18, 0x76, 0x40, 0xd9, 0xd3, 0x22, 0x01, 0x00, 0x18, 0x77, 0x40, 0xd9, 0xd3,
  0x22, 0x01, 0x00, 0x18, 0x78, 0x40, 0xd9, 0xd3, 0x22, 0x01, 0x00, 0x18, 0x79, 0x40, 0xd9, 0xd3,
  0x22, 0x01, 0x00, 0x18, 0x7a, 0x40, 0xd9, 0xd3, 0x22, 0x01, 0x00, 0x18, 0x7b, 0x40, 0xd9, 0xd3,
  0x22, 0x01, 0x00, 0x18, 0x84, 0x40, 0xd9, 0xd3, 0x22, 0x01, 0x00, 0x18, 0x85, 0x40, 0xd9, 0xd3,
  0x22, 0x01, 0x00, 0x18, 0x86, 0x40, 0xd9, 0xd3, 0x22, 0x01, 0x00, 0x18, 0x87, 0x40, 0xd9, 0xd3,
  0x22, 0x01, 0x00, 0x18, 0x8c, 0x40, 0xd9, 0xd3, 0x22, 0x01, 0x00, 0x18, 0x8d, 0x40, 0xd9, 0xd3,
  0x22, 0x01, 0x00, 0x18, 0x8e, 0x40, 0xd9, 0xd3, 0x22, 0x01, 0x00, 0x18, 0x8f, 0x40, 0xd9, 0xd3,
  0x22, 0x01, 0x00, 0x18, 0x90, 0x40, 0xd9, 0xd3, 0x22, 0x01, 0x00, 0x18, 0x91, 0x40, 0xd9, 0xd3,
  0x22, 0x01, 0x00, 0x18, 0x92, 0x40, 0xd9, 0xd3, 0x22, 0x01, 0x00, 0x18, 0x93, 0x40, 0xd9, 0xd3,
  0x22, 0x01, 0x00, 0x18, 0x98, 0x40, 0xd9, 0xd3, 0x22, 0x01, 0x00, 0x18, 0x99, 0x40, 0xd9, 0xd3,
  0x22, 0x01, 0x00, 0x18, 0x9a, 0x40, 0xd9, 0xd3, 0x22, 0x01, 0x00, 0x18, 0x9b, 0x40, 0xd9, 0xd3,
  0x22, 0x01, 0x00, 0x18, 0x80, 0x40, 0xd9, 0xd3, 0x22, 0x01, 0x00, 0x18, 0x81, 0x40, 0xd9, 0xd3,
  0x22, 0x01, 0x00, 0x18, 0x82, 0x40, 0xd9, 0xd3, 0x22, 0x01, 0x00, 0x18, 0x83, 0x40, 0xd9, 0xd3,
  0x22, 0x01, 0x00, 0x18, 0x88, 0x40, 0xd9, 0xd3, 0x22, 0x01, 0x00, 0x18, 0x89, 0x40, 0xd9, 0xd3,
  0x22, 0x01, 0x00, 0x18, 0x8a, 0x40, 0xd9, 0xd3, 0x22, 0x01, 0x00, 0x18, 0x8b, 0x40, 0xd9, 0xd3,
  0x22, 0x01, 0x00, 0x18, 0x94, 0x40, 0xd9, 0xd3, 0x22, 0x01, 0x00, 0x18, 0x95, 0x40, 0xd9, 0xd3,
  0x22, 0x01, 0x00, 0x18, 0x96, 0x40, 0xd9, 0xd3, 0x22, 0x01, 0x00, 0x18, 0x97, 0x40, 0xd9, 0xd3,
  0x22, 0x01, 0x00, 0x18, 0x9c, 0x40, 0xd9, 0xd3, 0x22, 0x01, 0x00, 0x18, 0x9d, 0x40, 0xd9, 0xd3,
  0x22, 0x01, 0x00, 0x18, 0x9e, 0x40, 0xd9, 0xd3, 0x22, 0x01, 0x00, 0x18, 0x9f, 0x40, 0xd9, 0xd3,
  0x22, 0x01, 0x00, 0x18, 0xa0, 0x40, 0xd9, 0xd3, 0x22, 0x01, 0x00, 0x18, 0xa1, 0x40, 0xd9, 0xd3,
  0x22, 0x01, 0x00, 0x18, 0xa2, 0x40, 0xd9, 0xd3, 0x22, 0x01, 0x00, 0x18, 0xa3, 0x40, 0xd9, 0xd3,
  0x22, 0x01, 0x00, 0x18, 0xa4, 0x40, 0xd9, 0xd3, 0x22, 0x01, 0x00, 0x18, 0xa5, 0x40, 0xd9, 0xd3,
  0x22, 0x01, 0x00, 0x18, 0xa6, 0x40, 0xd9, 0xd3, 0x22, 0x01, 0x00, 0x18, 0xa7, 0x40, 0xd9, 0xd3,
  0x22, 0x01, 0x00, 0x18, 0xa8, 0x40, 0xd9, 0xd3, 0x22, 0x01, 0x00, 0x18, 0xa9, 0x40, 0xd9, 0xd3,
  0x22, 0x01, 0x00, 0x18, 0xaa, 0x40, 0xd9, 0xd3, 0x22, 0x01, 0x00, 0x18, 0xab, 0x40, 0xd9, 0xd3,
  0x22, 0x01, 0x00, 0x18, 0xac, 0x40, 0xd9, 0xd3, 0x22, 0x01, 0x00, 0x18, 0xad, 0x40, 0xd9, 0xd3,
  0x22, 0x01, 0x00, 0x18, 0xae, 0x40, 0xd9, 0xd3, 0x22, 0x01, 0x00, 0x18, 0xaf, 0x40, 0xd9, 0xd3,
  0x22, 0x01, 0x00, 0x18, 0xb0, 0x40, 0xd9, 0xd3, 0x22, 0x01, 0x00, 0x18, 0xb1, 0x40, 0xd9, 0xd3,
  0x22, 0x01, 0x00, 0x18, 0xb2, 0x40, 0xd9, 0xd3, 0x22, 0x01, 0x00, 0x18, 0xb3, 0x40, 0xd9, 0xd3,
  0x22, 0x01, 0x00, 0x18, 0xb4, 0x40, 0xd9, 0xd3, 0x22, 0x01, 0x00, 0x18, 0xb5, 0x40, 0xd9, 0xd3,
  0x22, 0x01, 0x00, 0x18, 0xb6, 0x40, 0xd9, 0xd3, 0x22, 0x01, 0x00, 0x18, 0xb7, 0x40, 0xd9, 0xd3,
  0x22, 0x01, 0x00, 0x18, 0xb8, 0x40, 0xd9, 0xd3, 0x22, 0x01, 0x00, 0x18, 0xb9, 0x40, 0xd9, 0xd3,
  0x22, 0x01, 0x00, 0x18, 0xba, 0x40, 0xd9, 0xd3, 0x22, 0x01, 0x00, 0x18, 0xbb, 0x40, 0xd9, 0xd3,
  0x22, 0x01, 0x00, 0x18, 0xbc, 0x40, 0xd9, 0xd3, 0x22, 0x01, 0x00, 0x18, 0xbd, 0x40, 0xd9, 0xd3,
  0x22, 0x01, 0x00, 0x18, 0xbe, 0x40, 0xd9, 0xd3, 0x22, 0x01, 0x00, 0x18, 0xbf, 0x40, 0xd9, 0xd3,
  0x22, 0x01, 0x00, 0x18, 0xc0, 0x40, 0xd9, 0xd3, 0x22, 0x01, 0x00, 0x18, 0xc1, 0x40, 0xd9, 0xd3,
  0x22, 0x01, 0x00, 0x18, 0xc2, 0x40, 0xd9, 0xd3, 0x22, 0x01, 0x00, 0x18, 0xc3, 0x40, 0xd9, 0xd3,
  0x22, 0x01, 0x00, 0x18, 0xc4, 0x40, 0xd9, 0xd3, 0x22, 0x01, 0x00, 0x18, 0xc5, 0x40, 0xd9, 0xd3,
  0x22, 0x01, 0x00, 0x18, 0xc6, 0x40, 0xd9, 0xd3, 0x22, 0x01, 0x00, 0x18, 0xc7, 0x40, 0xd9, 0xd3,
  0x22, 0x01, 0x00, 0x18, 0xcc, 0x40, 0xd9, 0xd3, 0x22, 0x01, 0x00, 0x18, 0xcd, 0x40, 0xd9, 0xd3,
  0x22, 0x01, 0x00, 0x18, 0xce, 0x40, 0xd9, 0xd3, 0x22, 0x01, 0x00, 0x18, 0xcf, 0x40, 0xd9, 0xd3,
  0x22, 0x01, 0x00, 0x18, 0xd4, 0x40, 0xd9, 0xd3, 0x22, 0x01, 0x00, 0x18, 0xd5, 0x40, 0xd9, 0xd3,
  0x22, 0x01, 0x00, 0x18, 0xd6, 0x40, 0xd9, 0xd3, 0x22, 0x01, 0x00, 0x18, 0xd7, 0x40, 0xd9, 0xd3,
  0x22, 0x01, 0x00, 0x18, 0xc8, 0x40, 0xd9, 0xd3, 0x22, 0x01, 0x00, 0x18, 0xc9, 0x40, 0xd9, 0xd3,
  0x22, 0x01, 0x00, 0x18, 0xca, 0x40, 0xd9, 0xd3, 0x22, 0x01, 0x00, 0x18, 0xcb, 0x40, 0xd9, 0xd3,
  0x22, 0x01, 0x00, 0x18, 0xd0, 0x40, 0xd9, 0xd3, 0x22, 0x01, 0x00, 0x18, 0xd1, 0x40, 0xd9, 0xd3,
  0x22, 0x01, 0x00, 0x18, 0xd2, 0x40, 0xd9, 0xd3, 0x22, 0x01, 0x00, 0x18, 0xd3, 0x40, 0xd9, 0xd3,
  0x22, 0x01, 0x00, 0x18, 0xd8, 0x40, 0xd9, 0xd3, 0x22, 0x01, 0x00, 0x18, 0xd9, 0x40, 0xd9, 0xd3,
  0x22, 0x01, 0x00, 0x18, 0xda, 0x40, 0xd9, 0xd3, 0x22, 0x01, 0x00, 0x18, 0xdb, 0x40, 0xd9, 0xd3,
  0x22, 0x01, 0x00, 0x18, 0xdc, 0x40, 0xd9, 0xd3, 0x22, 0x01, 0x00, 0x18, 0xdd, 0x40, 0xd9, 0xd3,
  0x22, 0x01, 0x00, 0x18, 0xde, 0x40, 0xd9, 0xd3, 0x22, 0x01, 0x00, 0x18, 0xdf, 0x40, 0xd9, 0xd3,
  0x22, 0x01, 0x00, 0x18, 0xe0, 0x40, 0xd9, 0xd3, 0x22, 0x01, 0x00, 0x18, 0xe1, 0x40, 0xd9, 0xd3,
  0x22, 0x01, 0x00, 0x18, 0xe2, 0x40, 0xd9, 0xd3, 0x22, 0x01, 0x00, 0x18, 0xe3, 0x40, 0xd9, 0xd3,
  0x22, 0x01, 0x00, 0x18, 0xe8, 0x40, 0xd9, 0xd3, 0x22, 0x01, 0x00, 0x18, 0xe9, 0x40, 0xd9, 0xd3,
  0x22, 0x01, 0x00, 0x18, 0xea, 0x40, 0xd9, 0xd3, 0x22, 0x01, 0x00, 0x18, 0xeb, 0x40, 0xd9, 0xd3,
  0x22, 0x01, 0x00, 0x18, 0xf0, 0x40, 0xd9, 0xd3, 0x22, 0x01, 0x00, 0x18, 0xf1, 0x40, 0xd9, 0xd3,
  0x22, 0x01, 0x00, 0x18, 0xf2, 0x40, 0xd9, 0xd3, 0x22, 0x01, 0x00, 0x18, 0xf3, 0x40, 0xd9, 0xd3,
  0x22, 0x01, 0x00, 0x18, 0xf8, 0x40, 0xd9, 0xd3, 0x22, 0x01, 0x00, 0x18, 0xf9, 0x40, 0xd9, 0xd3,
  0x22, 0x01, 0x00, 0x18, 0xfa, 0x40, 0xd9, 0xd3, 0x22, 0x01, 0x00, 0x18, 0xfb, 0x40, 0xd9, 0xd3,
  0x22, 0x01, 0x00, 0x18, 0xfc, 0x40, 0xd9, 0xd3, 0x22, 0x01, 0x00, 0x18, 0xfd, 0x40, 0xd9, 0xd3,
  0x22, 0x01, 0x00, 0x18, 0xfe, 0x40, 0xd9, 0xd3, 0x22, 0x01, 0x00, 0x18, 0xff, 0x40, 0xd9, 0xd3,
  0x22, 0x01, 0x00, 0x18, 0xe4, 0x40, 0xd9, 0xd3, 0x22, 0x01, 0x00, 0x18, 0xe5, 0x40, 0xd9, 0xd3,
  0x22, 0x01, 0x00, 0x18, 0xe6, 0x40, 0xd9, 0xd3, 0x22, 0x01, 0x00, 0x18, 0xe7, 0x40, 0xd9, 0xd3,
  0x22, 0x01, 0x00, 0x18, 0xec, 0x40, 0xd9, 0xd3, 0x22, 0x01, 0x00, 0x18, 0xed, 0x40, 0xd9, 0xd3,
  0x22, 0x01, 0x00, 0x18, 0xee, 0x40, 0xd9, 0xd3, 0x22, 0x01, 0x00, 0x18, 0xef, 0x40, 0xd9, 0xd3,
  0x22, 0x01, 0x00, 0x18, 0xf4, 0x40, 0xd9, 0xd3, 0x22, 0x01, 0x00, 0x18, 0xf5, 0x40, 0xd9, 0xd3,
  0x22, 0x01, 0x00, 0x18, 0xf6, 0x40, 0xd9, 0xd3, 0x22, 0x01, 0x00, 0x18, 0xf7, 0x40, 0xd9, 0xd3,
  0x22, 0x01, 0x00, 0x18, 0x80, 0x6a, 0x70, 0x68, 0xff, 0x70, 0xee, 0x69, 0xc0, 0x8b, 0x01, 0x00,
  0x80, 0x6e, 0x72, 0x68, 0xff, 0x72, 0x76, 0x68, 0xa0, 0x17, 0x02, 0x00, 0x02, 0x00, 0x86, 0xbe,
  0x03, 0x00, 0x87, 0xbe, 0x02, 0x00, 0x92, 0xbe, 0x03, 0x00, 0x93, 0xbe, 0x02, 0x00, 0x8a, 0xbe,
  0x03, 0x00, 0x8b, 0xbe, 0xff, 0x70, 0xea, 0x69, 0xe0, 0x49, 0x01, 0x00, 0x80, 0x6c, 0x74, 0x68,
  0xff, 0x74, 0x46, 0x69, 0xa0, 0x0f, 0x02, 0x00, 0xff, 0x70, 0xec, 0x69, 0xc0, 0xcd, 0x01, 0x00,
  0xff, 0x70, 0xf0, 0x69, 0xe0, 0x07, 0x01, 0x00, 0x74, 0x40, 0x8c, 0xbf, 0x00, 0x00, 0x8a, 0xbf,
  0x00, 0x00, 0xac, 0xd3, 0x20, 0x3d, 0x02, 0x00, 0x84, 0x8c, 0xad, 0xd3, 0x7c, 0xe9, 0x12, 0x86,
  0x00, 0x00, 0xfe, 0xd9, 0xf7, 0x00, 0x00, 0xa4, 0x40, 0x00, 0xfe, 0xd9, 0xf7, 0x00, 0x00, 0xa8,
  0x00, 0x18, 0xac, 0xd3, 0x20, 0x3d, 0x02, 0x00, 0x84, 0x8c, 0xad, 0xd3, 0x84, 0xf1, 0x12, 0x86,
  0x00, 0x01, 0xfe, 0xd9, 0xf7, 0x00, 0x00, 0xac, 0x00, 0x00, 0xac, 0xd3, 0x20, 0x3d, 0x02, 0x08,
  0x8c, 0x8c, 0xad, 0xd3, 0x80, 0xe9, 0x32, 0x86, 0x40, 0x01, 0xfe, 0xd9, 0xf7, 0x00, 0x00, 0xb0,
  0x00, 0x18, 0xac, 0xd3, 0x20, 0x3d, 0x02, 0x08, 0x8c, 0x8c, 0xad, 0xd3, 0x88, 0xf1, 0x32, 0x86,
  0x00, 0x02, 0xfe, 0xd9, 0xf7, 0x00, 0x00, 0xb4, 0x00, 0x00, 0xac, 0xd3, 0x21, 0x3d, 0x02, 0x00,
  0x90, 0x8c, 0xad, 0xd3, 0x8c, 0xe9, 0x42, 0x86, 0x40, 0x02, 0xfe, 0xd9, 0xf7, 0x00, 0x00, 0xb8,
  0x00, 0x18, 0xac, 0xd3, 0x21, 0x3d, 0x02, 0x00, 0x90, 0x8c, 0xad, 0xd3, 0x90, 0xf1, 0x42, 0x86,
  0x00, 0x03, 0xfe, 0xd9, 0xf7, 0x00, 0x00, 0xbc, 0x00, 0x00, 0xac, 0xd3, 0x21, 0x3d, 0x02, 0x08,
  0x98, 0x8c, 0xad, 0xd3, 0x94, 0xe9, 0x62, 0x86, 0x40, 0x03, 0xfe, 0xd9, 0xf7, 0x00, 0x00, 0xc0,
  0x00, 0x18, 0xac, 0xd3, 0x21, 0x3d, 0x02, 0x08, 0x98, 0x8c, 0xad, 0xd3, 0x98, 0xf1, 0x62, 0x86,
  0x73, 0x4f, 0x8c, 0xbf, 0x00, 0x00, 0x1a, 0xd8, 0x3b, 0xa2, 0x00, 0x00, 0x43, 0xff, 0x01, 0x86,
  0xff, 0xff, 0x00, 0x00, 0x18, 0x00, 0x80, 0xbe, 0x19, 0x00, 0xfc, 0xbe, 0x00, 0x00, 0xac, 0xd3,
  0x20, 0x3d, 0x02, 0x10, 0x80, 0x8c, 0xad, 0xd3, 0x7c, 0xd9, 0x02, 0x86, 0x00, 0x10, 0x5d, 0xe0,
  0x02, 0x00, 0x00, 0x80, 0x00, 0x18, 0xac, 0xd3, 0x20, 0x3d, 0x02, 0x10, 0x80, 0x8c, 0xad, 0xd3,
  0x84, 0xe1, 0x02, 0x86, 0x00, 0x00, 0xac, 0xd3, 0x20, 0x3d, 0x02, 0x18, 0x88, 0x8c, 0xad, 0xd3,
  0x80, 0xd9, 0x22, 0x86, 0x00, 0x18, 0xac, 0xd3, 0x20, 0x3d, 0x02, 0x18, 0x88, 0x8c, 0xad, 0xd3,
  0x88, 0xe1, 0x22, 0x86, 0x23, 0x00, 0xfc, 0xbe, 0x00, 0x00, 0xac, 0xd3, 0x21, 0x3d, 0x02, 0x10,
  0x94, 0x8c, 0xad, 0xd3, 0x8c, 0xd9, 0x52, 0x86, 0x00, 0x10, 0x5d, 0xe0, 0x04, 0x00, 0x00, 0x80,
  0x00, 0x18, 0xac, 0xd3, 0x21, 0x3d, 0x02, 0x10, 0x94, 0x8c, 0xad, 0xd3, 0x90, 0xe1, 0x52, 0x86,
  0x00, 0x00, 0xac, 0xd3, 0x21, 0x3d, 0x02, 0x18, 0x9c, 0x8c, 0xad, 0xd3, 0x94, 0xd9, 0x72, 0x86,
  0x00, 0x18, 0xac, 0xd3, 0x21, 0x3d, 0x02, 0x18, 0x9c, 0x8c, 0xad, 0xd3, 0x98, 0xe1, 0x72, 0x86,
  0x24, 0x00, 0xfc, 0xbe, 0x00, 0x00, 0xac, 0xd3, 0x20, 0x3f, 0x02, 0x00, 0xa0, 0x8c, 0xad, 0xd3,
  0x7c, 0xc9, 0x82, 0x86, 0x00, 0x10, 0x5d, 0xe0, 0x06, 0x00, 0x00, 0x80, 0x00, 0x18, 0xac, 0xd3,
  0x20, 0x3f, 0x02, 0x00, 0xa0, 0x8c, 0xad, 0xd3, 0x84, 0xd1, 0x82, 0x86, 0x00, 0x00, 0xac, 0xd3,
  0x20, 0x3f, 0x02, 0x08, 0xa4, 0x8c, 0xad, 0xd3, 0x80, 0xc9, 0x92, 0x86, 0x00, 0x18, 0xac, 0xd3,
  0x20, 0x3f, 0x02, 0x08, 0xa4, 0x8c, 0xad, 0xd3, 0x88, 0xd1, 0x92, 0x86, 0x25, 0x00, 0xfc, 0xbe,
  0x00, 0x00, 0xac, 0xd3, 0x21, 0x3f, 0x02, 0x00, 0xa8, 0x8c, 0xad, 0xd3, 0x8c, 0xc9, 0xa2, 0x86,
  0x00, 0x10, 0x5d, 0xe0, 0x08, 0x00, 0x00, 0x80, 0x00, 0x18, 0xac, 0xd3, 0x21, 0x3f, 0x02, 0x00,
  0xa8, 0x8c, 0xad, 0xd3, 0x90, 0xd1, 0xa2, 0x86, 0x00, 0x00, 0xac, 0xd3, 0x21, 0x3f, 0x02, 0x08,
  0xac, 0x8c, 0xad, 0xd3, 0x94, 0xc9, 0xb2, 0x86, 0x00, 0x18, 0xac, 0xd3, 0x21, 0x3f, 0x02, 0x08,
  0xac, 0x8c, 0xad, 0xd3, 0x98, 0xd1, 0xb2, 0x86, 0x26, 0x00, 0xfc, 0xbe, 0x00, 0x00, 0xac, 0xd3,
  0x20, 0x3f, 0x02, 0x10, 0xb0, 0x8c, 0xad, 0xd3, 0x7c, 0xb1, 0xc2, 0x86, 0x00, 0x10, 0x5d, 0xe0,
  0x0a, 0x00, 0x00, 0x80, 0x00, 0x18, 0xac, 0xd3, 0x20, 0x3f, 0x02, 0x10, 0xb0, 0x8c, 0xad, 0xd3,
  0x84, 0xc1, 0xc2, 0x86, 0x00, 0x00, 0xac, 0xd3, 0x20, 0x3f, 0x02, 0x18, 0xb4, 0x8c, 0xad, 0xd3,
  0x80, 0xb1, 0xd2, 0x86, 0x00, 0x18, 0xac, 0xd3, 0x20, 0x3f, 0x02, 0x18, 0xb4, 0x8c, 0xad, 0xd3,
  0x88, 0xc1, 0xd2, 0x86, 0x27, 0x00, 0xfc, 0xbe, 0x00, 0x00, 0xac, 0xd3, 0x21, 0x3f, 0x02, 0x10,
  0xb8, 0x8c, 0xad, 0xd3, 0x8c, 0xb1, 0xe2, 0x86, 0x00, 0x10, 0x5d, 0xe0, 0x0c, 0x00, 0x00, 0x80,
  0x00, 0x18, 0xac, 0xd3, 0x21, 0x3f, 0x02, 0x10, 0xb8, 0x8c, 0xad, 0xd3, 0x90, 0xc1, 0xe2, 0x86,
  0x00, 0x00, 0xac, 0xd3, 0x21, 0x3f, 0x02, 0x18, 0xbc, 0x8c, 0xad, 0xd3, 0x94, 0xb1, 0xf2, 0x86,
  0x00, 0x18, 0xac, 0xd3, 0x21, 0x3f, 0x02, 0x18, 0xbc, 0x8c, 0xad, 0xd3, 0x98, 0xc1, 0xf2, 0x86,
  0x28, 0x00, 0xfc, 0xbe, 0x00, 0x00, 0xac, 0xd3, 0x20, 0x01, 0x02, 0x00, 0xc0, 0x8c, 0xad, 0xd3,
  0x7c, 0xa9, 0x02, 0x87, 0x00, 0x10, 0x5d, 0xe0, 0x0e, 0x00, 0x00, 0x80, 0x00, 0x18, 0xac, 0xd3,
  0x20, 0x01, 0x02, 0x00, 0xc0, 0x8c, 0xad, 0xd3, 0x84, 0xb9, 0x02, 0x87, 0x00, 0x00, 0xac, 0xd3,
  0x20, 0x01, 0x02, 0x08, 0xc4, 0x8c, 0xad, 0xd3, 0x80, 0xa9, 0x12, 0x87, 0x00, 0x18, 0xac, 0xd3,
  0x20, 0x01, 0x02, 0x08, 0xc4, 0x8c, 0xad, 0xd3, 0x88, 0xb9, 0x12, 0x87, 0x29, 0x00, 0xfc, 0xbe,
  0x00, 0x00, 0xac, 0xd3, 0x21, 0x01, 0x02, 0x00, 0xcc, 0x8c, 0xad, 0xd3, 0x8c, 0xa9, 0x32, 0x87,
  0x00, 0x10, 0x5d, 0xe0, 0x10, 0x00, 0x00, 0x80, 0x00, 0x18, 0xac, 0xd3, 0x21, 0x01, 0x02, 0x00,
  0xcc, 0x8c, 0xad, 0xd3, 0x90, 0xb9, 0x32, 0x87, 0x00, 0x00, 0xac, 0xd3, 0x21, 0x01, 0x02, 0x08,
  0xd4, 0x8c, 0xad, 0xd3, 0x94, 0xa9, 0x52, 0x87, 0x00, 0x18, 0xac, 0xd3, 0x21, 0x01, 0x02, 0x08,
  0xd4, 0x8c, 0xad, 0xd3, 0x98, 0xb9, 0x52, 0x87, 0x42, 0xff, 0x05, 0x86, 0xff, 0xff, 0x00, 0x00,
  0x41, 0x00, 0x84, 0xbe, 0x2a, 0x00, 0xfc, 0xbe, 0x00, 0x00, 0xac, 0xd3, 0x20, 0x01, 0x02, 0x10,
  0xc8, 0x8c, 0xad, 0xd3, 0x7c, 0x99, 0x22, 0x87, 0x00, 0x10, 0x5d, 0xe0, 0x12, 0x00, 0x01, 0x80,
  0x00, 0x18, 0xac, 0xd3, 0x20, 0x01, 0x02, 0x10, 0xc8, 0x8c, 0xad, 0xd3, 0x84, 0xa1, 0x22, 0x87,
  0x00, 0x00, 0xac, 0xd3, 0x20, 0x01, 0x02, 0x18, 0xd0, 0x8c, 0xad, 0xd3, 0x80, 0x99, 0x42, 0x87,
  0x00, 0x18, 0xac, 0xd3, 0x20, 0x01, 0x02, 0x18, 0xd0, 0x8c, 0xad, 0xd3, 0x88, 0xa1, 0x42, 0x87,
  0x2b, 0x00, 0xfc, 0xbe, 0x00, 0x00, 0xac, 0xd3, 0x21, 0x01, 0x02, 0x10, 0xd8, 0x8c, 0xad, 0xd3,
  0x8c, 0x99, 0x62, 0x87, 0x00, 0x10, 0x5d, 0xe0, 0x14, 0x00, 0x01, 0x80, 0x00, 0x18, 0xac, 0xd3,
  0x21, 0x01, 0x02, 0x10, 0xd8, 0x8c, 0xad, 0xd3, 0x90, 0xa1, 0x62, 0x87, 0x00, 0x00, 0xac, 0xd3,
  0x21, 0x01, 0x02, 0x18, 0xdc, 0x8c, 0xad, 0xd3, 0x94, 0x99, 0x72, 0x87, 0x00, 0x18, 0xac, 0xd3,
  0x21, 0x01, 0x02, 0x18, 0xdc, 0x8c, 0xad, 0xd3, 0x98, 0xa1, 0x72, 0x87, 0x2c, 0x00, 0xfc, 0xbe,
  0x00, 0x00, 0xac, 0xd3, 0x20, 0x03, 0x02, 0x00, 0xe0, 0x8c, 0xad, 0xd3, 0x7c, 0x89, 0x82, 0x87,
  0x00, 0x10, 0x5d, 0xe0, 0x16, 0x00, 0x01, 0x80, 0x00, 0x18, 0xac, 0xd3, 0x20, 0x03, 0x02, 0x00,
  0xe0, 0x8c, 0xad, 0xd3, 0x84, 0x91, 0x82, 0x87, 0x00, 0x00, 0xac, 0xd3, 0x20, 0x03, 0x02, 0x08,
  0xe8, 0x8c, 0xad, 0xd3, 0x80, 0x89, 0xa2, 0x87, 0x00, 0x18, 0xac, 0xd3, 0x20, 0x03, 0x02, 0x08,
  0xe8, 0x8c, 0xad, 0xd3, 0x88, 0x91, 0xa2, 0x87, 0x2d, 0x00, 0xfc, 0xbe, 0x00, 0x00, 0xac, 0xd3,
  0x21, 0x03, 0x02, 0x00, 0xf0, 0x8c, 0xad, 0xd3, 0x8c, 0x89, 0xc2, 0x87, 0x00, 0x10, 0x5d, 0xe0,
  0x18, 0x00, 0x01, 0x80, 0x00, 0x18, 0xac, 0xd3, 0x21, 0x03, 0x02, 0x00, 0xf0, 0x8c, 0xad, 0xd3,
  0x90, 0x91, 0xc2, 0x87, 0x00, 0x00, 0xac, 0xd3, 0x21, 0x03, 0x02, 0x08, 0xf8, 0x8c, 0xad, 0xd3,
  0x94, 0x89, 0xe2, 0x87, 0x00, 0x18, 0xac, 0xd3, 0x21, 0x03, 0x02, 0x08, 0xf8, 0x8c, 0xad, 0xd3,
  0x98, 0x91, 0xe2, 0x87, 0x0f, 0xff, 0x11, 0x86, 0xff, 0xff, 0x00, 0x00, 0x0e, 0x00, 0x90, 0xbe,
  0x00, 0x00, 0xac, 0xd3, 0x20, 0x03, 0x02, 0x10, 0xfc, 0x8c, 0xad, 0xd3, 0x7c, 0x79, 0xf2, 0x87,
  0x00, 0x10, 0x54, 0xe0, 0x1a, 0x9e, 0x04, 0x80, 0x7f, 0xc0, 0x8c, 0xbf, 0x00, 0x00, 0x8a, 0xbf,
  0x00, 0x00, 0xc4, 0xd9, 0x32, 0x00, 0x00, 0x7c, 0x00, 0x18, 0xac, 0xd3, 0x20, 0x03, 0x02, 0x10,
  0xfc, 0x8c, 0xad, 0xd3, 0x84, 0x81, 0xf2, 0x87, 0x15, 0xff, 0x09, 0x86, 0xff, 0xff, 0x00, 0x00,
  0x14, 0x00, 0x88, 0xbe, 0x00, 0x00, 0xac, 0xd3, 0x20, 0x03, 0x02, 0x18, 0xe4, 0x8c, 0xad, 0xd3,
  0x80, 0x79, 0x92, 0x87, 0x00, 0x10, 0x50, 0xe0, 0x1c, 0xf4, 0x02, 0x80, 0x00, 0x18, 0xac, 0xd3,
  0x20, 0x03, 0x02, 0x18, 0xe4, 0x8c, 0xad, 0xd3, 0x88, 0x81, 0x92, 0x87, 0x00, 0x00, 0xac, 0xd3,
  0x21, 0x03, 0x02, 0x10, 0xec, 0x8c, 0xad, 0xd3, 0x8c, 0x79, 0xb2, 0x87, 0x00, 0x18, 0xac, 0xd3,
  0x21, 0x03, 0x02, 0x10, 0xec, 0x8c, 0xad, 0xd3, 0x90, 0x81, 0xb2, 0x87, 0x00, 0x00, 0xac, 0xd3,
  0x21, 0x03, 0x02, 0x18, 0xf4, 0x8c, 0xad, 0xd3, 0x94, 0x79, 0xd2, 0x87, 0x75, 0x40, 0x8c, 0xbf,
  0x00, 0x18, 0xac, 0xd3, 0x21, 0x03, 0x02, 0x18, 0xf4, 0x8c, 0xad, 0xd3, 0x98, 0x81, 0xd2, 0x87,
  0x00, 0x00, 0x8a, 0xbf, 0x00, 0x00, 0xac, 0xd3, 0x7c, 0x3d, 0x02, 0x00, 0x7c, 0x8c, 0xad, 0xd3,
  0xa4, 0xe9, 0xf2, 0x85, 0x00, 0x84, 0xfe, 0xd9, 0x2e, 0x00, 0x00, 0x7e, 0x00, 0x18, 0xac, 0xd3,
  0x7c, 0x3d, 0x02, 0x00, 0x7c, 0x8c, 0xad, 0xd3, 0xa8, 0xf1, 0xf2, 0x85, 0x40, 0x84, 0xfe, 0xd9,
  0x2e, 0x00, 0x00, 0x82, 0x00, 0x00, 0xac, 0xd3, 0x7c, 0x3d, 0x02, 0x08, 0x00, 0x8c, 0xad, 0xd3,
  0xac, 0xe9, 0x02, 0x84, 0x00, 0x85, 0xfe, 0xd9, 0x2e, 0x00, 0x00, 0x86, 0x00, 0x18, 0xac, 0xd3,
  0x7c, 0x3d, 0x02, 0x08, 0x00, 0x8c, 0xad, 0xd3, 0xb0, 0xf1, 0x02, 0x84, 0x40, 0x85, 0xfe, 0xd9,
  0x2e, 0x00, 0x00, 0x8a, 0x00, 0x00, 0xac, 0xd3, 0x7d, 0x3d, 0x02, 0x00, 0x04, 0x8c, 0xad, 0xd3,
  0xb4, 0xe9, 0x12, 0x84, 0x00, 0x86, 0xfe, 0xd9, 0x2e, 0x00, 0x00, 0x94, 0x00, 0x18, 0xac, 0xd3,
  0x7d, 0x3d, 0x02, 0x00, 0x04, 0x8c, 0xad, 0xd3, 0xb8, 0xf1, 0x12, 0x84, 0x40, 0x86, 0xfe, 0xd9,
  0x2e, 0x00, 0x00, 0x98, 0x00, 0x00, 0xac, 0xd3, 0x7d, 0x3d, 0x02, 0x08, 0x08, 0x8c, 0xad, 0xd3,
  0xbc, 0xe9, 0x22, 0x84, 0x00, 0x87, 0xfe, 0xd9, 0x2e, 0x00, 0x00, 0xc4, 0x00, 0x18, 0xac, 0xd3,
  0x7d, 0x3d, 0x02, 0x08, 0x08, 0x8c, 0xad, 0xd3, 0xc0, 0xf1, 0x22, 0x84, 0x40, 0x87, 0xfe, 0xd9,
  0x2e, 0x00, 0x00, 0xc8, 0x00, 0x00, 0xac, 0xd3, 0x7c, 0x3d, 0x02, 0x10, 0x0c, 0x8c, 0xad, 0xd3,
  0xa4, 0xd9, 0x32, 0x84, 0x00, 0xc6, 0xfe, 0xd9, 0x2e, 0x00, 0x00, 0xcc, 0x00, 0x18, 0xac, 0xd3,
  0x7c, 0x3d, 0x02, 0x10, 0x0c, 0x8c, 0xad, 0xd3, 0xa8, 0xe1, 0x32, 0x84, 0x40, 0xc6, 0xfe, 0xd9,
  0x2e, 0x00, 0x00, 0xd0, 0x00, 0x00, 0xac, 0xd3, 0x7c, 0x3d, 0x02, 0x18, 0x10, 0x8c, 0xad, 0xd3,
  0xac, 0xd9, 0x42, 0x84, 0x00, 0xc7, 0xfe, 0xd9, 0x2e, 0x00, 0x00, 0xd4, 0x00, 0x18, 0xac, 0xd3,
  0x7c, 0x3d, 0x02, 0x18, 0x10, 0x8c, 0xad, 0xd3, 0xb0, 0xe1, 0x42, 0x84, 0x40, 0xc7, 0xfe, 0xd9,
  0x2e, 0x00, 0x00, 0xd8, 0x00, 0x00, 0xac, 0xd3, 0x7d, 0x3d, 0x02, 0x10, 0x14, 0x8c, 0xad, 0xd3,
  0xb4, 0xd9, 0x52, 0x84, 0x00, 0xc8, 0xfe, 0xd9, 0x2e, 0x00, 0x00, 0xdc, 0x00, 0x18, 0xac, 0xd3,
  0x7d, 0x3d, 0x02, 0x10, 0x14, 0x8c, 0xad, 0xd3, 0xb8, 0xe1, 0x52, 0x84, 0x40, 0xc8, 0xfe, 0xd9,
  0x2e, 0x00, 0x00, 0xe0, 0x00, 0x00, 0xac, 0xd3, 0x7d, 0x3d, 0x02, 0x18, 0x18, 0x8c, 0xad, 0xd3,
  0xbc, 0xd9, 0x62, 0x84, 0x00, 0xc9, 0xfe, 0xd9, 0x2e, 0x00, 0x00, 0xe4, 0x00, 0x18, 0xac, 0xd3,
  0x7d, 0x3d, 0x02, 0x18, 0x18, 0x8c, 0xad, 0xd3, 0xc0, 0xe1, 0x62, 0x84, 0x40, 0xc9, 0xfe, 0xd9,
  0x2e, 0x00, 0x00, 0xe8, 0x00, 0x00, 0xac, 0xd3, 0x7c, 0x3f, 0x02, 0x00, 0x1c, 0x8c, 0xad, 0xd3,
  0xa4, 0xc9, 0x72, 0x84, 0x00, 0x00, 0xfe, 0xd9, 0xf5, 0x00, 0x00, 0x6c, 0x00, 0x18, 0xac, 0xd3,
  0x7c, 0x3f, 0x02, 0x00, 0x1c, 0x8c, 0xad, 0xd3, 0xa8, 0xd1, 0x72, 0x84, 0x40, 0x00, 0xfe, 0xd9,
  0xf5, 0x00, 0x00, 0x70, 0x00, 0x00, 0xac, 0xd3, 0x7c, 0x3f, 0x02, 0x08, 0x20, 0x8c, 0xad, 0xd3,
  0xac, 0xc9, 0x82, 0x84, 0x00, 0x01, 0xfe, 0xd9, 0xf5, 0x00, 0x00, 0x74, 0x00, 0x18, 0xac, 0xd3,
  0x7c, 0x3f, 0x02, 0x08, 0x20, 0x8c, 0xad, 0xd3, 0xb0, 0xd1, 0x82, 0x84, 0x40, 0x01, 0xfe, 0xd9,
  0xf5, 0x00, 0x00, 0x78, 0x00, 0x00, 0xac, 0xd3, 0x7d, 0x3f, 0x02, 0x00, 0x24, 0x8c, 0xad, 0xd3,
  0xb4, 0xc9, 0x92, 0x84, 0x00, 0x02, 0xfe, 0xd9, 0xf5, 0x00, 0x00, 0x8e, 0x00, 0x18, 0xac, 0xd3,
  0x7d, 0x3f, 0x02, 0x00, 0x24, 0x8c, 0xad, 0xd3, 0xb8, 0xd1, 0x92, 0x84, 0x40, 0x02, 0xfe, 0xd9,
  0xf5, 0x00, 0x00, 0xec, 0x00, 0x00, 0xac, 0xd3, 0x7d, 0x3f, 0x02, 0x08, 0x2c, 0x8c, 0xad, 0xd3,
  0xbc, 0xc9, 0xb2, 0x84, 0x00, 0x03, 0xfe, 0xd9, 0xf5, 0x00, 0x00, 0x64, 0x00, 0x18, 0xac, 0xd3,
  0x7d, 0x3f, 0x02, 0x08, 0x2c, 0x8c, 0xad, 0xd3, 0xc0, 0xd1, 0xb2, 0x84, 0x40, 0x03, 0xfe, 0xd9,
  0xf5, 0x00, 0x00, 0x68, 0x00, 0x00, 0xac, 0xd3, 0x7c, 0x3f, 0x02, 0x10, 0x34, 0x8c, 0xad, 0xd3,
  0xa4, 0xb1, 0xd2, 0x84, 0x74, 0x4f, 0x8c, 0xbf, 0x00, 0x00, 0x9a, 0xd8, 0xa3, 0x9c, 0x00, 0x00,
  0x00, 0x18, 0xac, 0xd3, 0x7c, 0x3f, 0x02, 0x10, 0x34, 0x8c, 0xad, 0xd3, 0xa8, 0xc1, 0xd2, 0x84,
  0x73, 0x4f, 0x8c, 0xbf, 0x00, 0x00, 0x1a, 0xd8, 0x3b, 0xa0, 0x00, 0x00, 0x00, 0x00, 0xac, 0xd3,
  0x7c, 0x3f, 0x02, 0x18, 0x28, 0x8c, 0xad, 0xd3, 0xac, 0xb1, 0xa2, 0x84, 0x00, 0x18, 0xac, 0xd3,
  0x7c, 0x3f, 0x02, 0x18, 0x28, 0x8c, 0xad, 0xd3, 0xb0, 0xc1, 0xa2, 0x84, 0x00, 0x00, 0xac, 0xd3,
  0x7d, 0x3f, 0x02, 0x10, 0x30, 0x8c, 0xad, 0xd3, 0xb4, 0xb1, 0xc2, 0x84, 0x00, 0x18, 0xac, 0xd3,
  0x7d, 0x3f, 0x02, 0x10, 0x30, 0x8c, 0xad, 0xd3, 0xb8, 0xc1, 0xc2, 0x84, 0x00, 0x00, 0xac, 0xd3,
  0x7d, 0x3f, 0x02, 0x18, 0x38, 0x8c, 0xad, 0xd3, 0xbc, 0xb1, 0xe2, 0x84, 0x00, 0x18, 0xac, 0xd3,
  0x7d, 0x3f, 0x02, 0x18, 0x38, 0x8c, 0xad, 0xd3, 0xc0, 0xc1, 0xe2, 0x84, 0x00, 0x00, 0xac, 0xd3,
  0x7c, 0x01, 0x02, 0x00, 0x3c, 0x8c, 0xad, 0xd3, 0xa4, 0xa9, 0xf2, 0x84, 0x00, 0x18, 0xac, 0xd3,
  0x7c, 0x01, 0x02, 0x00, 0x3c, 0x8c, 0xad, 0xd3, 0xa8, 0xb9, 0xf2, 0x84, 0x00, 0x00, 0xac, 0xd3,
  0x7c, 0x01, 0x02, 0x08, 0x40, 0x8c, 0xad, 0xd3, 0xac, 0xa9, 0x02, 0x85, 0x00, 0x18, 0xac, 0xd3,
  0x7c, 0x01, 0x02, 0x08, 0x40, 0x8c, 0xad, 0xd3, 0xb0, 0xb9, 0x02, 0x85, 0x00, 0x00, 0xac, 0xd3,
  0x7d, 0x01, 0x02, 0x00, 0x44, 0x8c, 0xad, 0xd3, 0xb4, 0xa9, 0x12, 0x85, 0x00, 0x18, 0xac, 0xd3,
  0x7d, 0x01, 0x02, 0x00, 0x44, 0x8c, 0xad, 0xd3, 0xb8, 0xb9, 0x12, 0x85, 0x00, 0x00, 0xac, 0xd3,
  0x7d, 0x01, 0x02, 0x08, 0x48, 0x8c, 0xad, 0xd3, 0xbc, 0xa9, 0x22, 0x85, 0x00, 0x18, 0xac, 0xd3,
  0x7d, 0x01, 0x02, 0x08, 0x48, 0x8c, 0xad, 0xd3, 0xc0, 0xb9, 0x22, 0x85, 0x00, 0x00, 0xac, 0xd3,
  0x7c, 0x01, 0x02, 0x10, 0x4c, 0x8c, 0xad, 0xd3, 0xa4, 0x99, 0x32, 0x85, 0x00, 0x18, 0xac, 0xd3,
  0x7c, 0x01, 0x02, 0x10, 0x4c, 0x8c, 0xad, 0xd3, 0xa8, 0xa1, 0x32, 0x85, 0x2e, 0x00, 0xfc, 0xbe,
  0x00, 0x00, 0xac, 0xd3, 0x7c, 0x01, 0x02, 0x18, 0x50, 0x8c, 0xad, 0xd3, 0xac, 0x99, 0x42, 0x85,
  0x00, 0x10, 0x5d, 0xe0, 0x13, 0x00, 0x01, 0x80, 0x00, 0x18, 0xac, 0xd3, 0x7c, 0x01, 0x02, 0x18,
  0x50, 0x8c, 0xad, 0xd3, 0xb0, 0xa1, 0x42, 0x85, 0x00, 0x00, 0xac, 0xd3, 0x7d, 0x01, 0x02, 0x10,
  0x54, 0x8c, 0xad, 0xd3, 0xb4, 0x99, 0x52, 0x85, 0x00, 0x18, 0xac, 0xd3, 0x7d, 0x01, 0x02, 0x10,
  0x54, 0x8c, 0xad, 0xd3, 0xb8, 0xa1, 0x52, 0x85, 0x2f, 0x00, 0xfc, 0xbe, 0x00, 0x00, 0xac, 0xd3,
  0x7d, 0x01, 0x02, 0x18, 0x58, 0x8c, 0xad, 0xd3, 0xbc, 0x99, 0x62, 0x85, 0x00, 0x10, 0x5d, 0xe0,
  0x15, 0x00, 0x01, 0x80, 0x00, 0x18, 0xac, 0xd3, 0x7d, 0x01, 0x02, 0x18, 0x58, 0x8c, 0xad, 0xd3,
  0xc0, 0xa1, 0x62, 0x85, 0x00, 0x00, 0xac, 0xd3, 0x7c, 0x03, 0x02, 0x00, 0x5c, 0x8c, 0xad, 0xd3,
  0xa4, 0x89, 0x72, 0x85, 0x00, 0x18, 0xac, 0xd3, 0x7c, 0x03, 0x02, 0x00, 0x5c, 0x8c, 0xad, 0xd3,
  0xa8, 0x91, 0x72, 0x85, 0x30, 0x00, 0xfc, 0xbe, 0x00, 0x00, 0xac, 0xd3, 0x7c, 0x03, 0x02, 0x08,
  0x60, 0x8c, 0xad, 0xd3, 0xac, 0x89, 0x82, 0x85, 0x00, 0x10, 0x5d, 0xe0, 0x17, 0x00, 0x01, 0x80,
  0x00, 0x18, 0xac, 0xd3, 0x7c, 0x03, 0x02, 0x08, 0x60, 0x8c, 0xad, 0xd3, 0xb0, 0x91, 0x82, 0x85,
  0x00, 0x00, 0xac, 0xd3, 0x7d, 0x03, 0x02, 0x00, 0x64, 0x8c, 0xad, 0xd3, 0xb4, 0x89, 0x92, 0x85,
  0x00, 0x18, 0xac, 0xd3, 0x7d, 0x03, 0x02, 0x00, 0x64, 0x8c, 0xad, 0xd3, 0xb8, 0x91, 0x92, 0x85,
  0x31, 0x00, 0xfc, 0xbe, 0x00, 0x00, 0xac, 0xd3, 0x7d, 0x03, 0x02, 0x08, 0x68, 0x8c, 0xad, 0xd3,
  0xbc, 0x89, 0xa2, 0x85, 0x00, 0x10, 0x5d, 0xe0, 0x19, 0x00, 0x01, 0x80, 0x7f, 0xc0, 0x8c, 0xbf,
  0x00, 0x00, 0x8a, 0xbf, 0x00, 0x00, 0xc4, 0xd9, 0x33, 0x00, 0x00, 0x1e, 0x00, 0x18, 0xac, 0xd3,
  0x7d, 0x03, 0x02, 0x08, 0x68, 0x8c, 0xad, 0xd3, 0xc0, 0x91, 0xa2, 0x85, 0x80, 0x00, 0xc4, 0xd9,
  0x33, 0x00, 0x00, 0x22, 0x00, 0x00, 0xac, 0xd3, 0x7c, 0x03, 0x02, 0x10, 0x6c, 0x8c, 0xad, 0xd3,
  0xa4, 0x79, 0xb2, 0x85, 0x00, 0x00, 0xc4, 0xd9, 0x32, 0x00, 0x00, 0x20, 0x00, 0x18, 0xac, 0xd3,
  0x7c, 0x03, 0x02, 0x10, 0x6c, 0x8c, 0xad, 0xd3, 0xa8, 0x81, 0xb2, 0x85, 0x00, 0x00, 0xac, 0xd3,
  0x7c, 0x03, 0x02, 0x18, 0x70, 0x8c, 0xad, 0xd3, 0xac, 0x79, 0xc2, 0x85, 0x00, 0x10, 0x50, 0xe0,
  0x2f, 0xa2, 0x02, 0x80, 0x00, 0x18, 0xac, 0xd3, 0x7c, 0x03, 0x02, 0x18, 0x70, 0x8c, 0xad, 0xd3,
  0xb0, 0x81, 0xc2, 0x85, 0x00, 0x00, 0xac, 0xd3, 0x7d, 0x03, 0x02, 0x10, 0x74, 0x8c, 0xad, 0xd3,
  0xb4, 0x79, 0xd2, 0x85, 0x00, 0x18, 0xac, 0xd3, 0x7d, 0x03, 0x02, 0x10, 0x74, 0x8c, 0xad, 0xd3,
  0xb8, 0x81, 0xd2, 0x85, 0x00, 0x00, 0xac, 0xd3, 0x7d, 0x03, 0x02, 0x18, 0x78, 0x8c, 0xad, 0xd3,
  0xbc, 0x79, 0xe2, 0x85, 0x74, 0x40, 0x8c, 0xbf, 0x00, 0x18, 0xac, 0xd3, 0x7d, 0x03, 0x02, 0x18,
  0x78, 0x8c, 0xad, 0xd3, 0xc0, 0x81, 0xe2, 0x85, 0x00, 0x00, 0x8a, 0xbf, 0x00, 0x00, 0xfe, 0xd9,
  0xf6, 0x00, 0x00, 0xa6, 0x00, 0x00, 0xac, 0xd3, 0x20, 0x3d, 0x02, 0x00, 0x84, 0x8c, 0xad, 0xd3,
  0x6c, 0xfd, 0x12, 0x86, 0x40, 0x00, 0xfe, 0xd9, 0xf6, 0x00, 0x00, 0xaa, 0x00, 0x18, 0xac, 0xd3,
  0x20, 0x3d, 0x02, 0x00, 0x84, 0x8c, 0xad, 0xd3, 0x70, 0x05, 0x13, 0x86, 0x00, 0x01, 0xfe, 0xd9,
  0xf6, 0x00, 0x00, 0xae, 0x00, 0x00, 0xac, 0xd3, 0x20, 0x3d, 0x02, 0x08, 0x8c, 0x8c, 0xad, 0xd3,
  0x74, 0xfd, 0x32, 0x86, 0x40, 0x01, 0xfe, 0xd9, 0xf6, 0x00, 0x00, 0xb2, 0x00, 0x18, 0xac, 0xd3,
  0x20, 0x3d, 0x02, 0x08, 0x8c, 0x8c, 0xad, 0xd3, 0x78, 0x05, 0x33, 0x86, 0x00, 0x02, 0xfe, 0xd9,
  0xf6, 0x00, 0x00, 0xb6, 0x00, 0x00, 0xac, 0xd3, 0x21, 0x3d, 0x02, 0x00, 0x90, 0x8c, 0xad, 0xd3,
  0x8e, 0xfd, 0x42, 0x86, 0x40, 0x02, 0xfe, 0xd9, 0xf6, 0x00, 0x00, 0xba, 0x00, 0x18, 0xac, 0xd3,
  0x21, 0x3d, 0x02, 0x00, 0x90, 0x8c, 0xad, 0xd3, 0xec, 0x05, 0x43, 0x86, 0x00, 0x03, 0xfe, 0xd9,
  0xf6, 0x00, 0x00, 0xbe, 0x00, 0x00, 0xac, 0xd3, 0x21, 0x3d, 0x02, 0x08, 0x98, 0x8c, 0xad, 0xd3,
  0x64, 0xfd, 0x62, 0x86, 0x40, 0x03, 0xfe, 0xd9, 0xf6, 0x00, 0x00, 0xf0, 0x00, 0x18, 0xac, 0xd3,
  0x21, 0x3d, 0x02, 0x08, 0x98, 0x8c, 0xad, 0xd3, 0x68, 0x05, 0x63, 0x86, 0x73, 0x4f, 0x8c, 0xbf,
  0x00, 0x00, 0x1a, 0xd8, 0x3b, 0xa1, 0x00, 0x00, 0x32, 0x00, 0xfc, 0xbe, 0x00, 0x00, 0xac, 0xd3,
  0x20, 0x3d, 0x02, 0x10, 0x80, 0x8c, 0xad, 0xd3, 0x6c, 0x0d, 0x03, 0x86, 0x00, 0x10, 0x5d, 0xe0,
  0x03, 0x00, 0x00, 0x80, 0x00, 0x18, 0xac, 0xd3, 0x20, 0x3d, 0x02, 0x10, 0x80, 0x8c, 0xad, 0xd3,
  0x70, 0x15, 0x03, 0x86, 0x00, 0x00, 0xac, 0xd3, 0x20, 0x3d, 0x02, 0x18, 0x88, 0x8c, 0xad, 0xd3,
  0x74, 0x0d, 0x23, 0x86, 0x00, 0x18, 0xac, 0xd3, 0x20, 0x3d, 0x02, 0x18, 0x88, 0x8c, 0xad, 0xd3,
  0x78, 0x15, 0x23, 0x86, 0x33, 0x00, 0xfc, 0xbe, 0x00, 0x00, 0xac, 0xd3, 0x21, 0x3d, 0x02, 0x10,
  0x94, 0x8c, 0xad, 0xd3, 0x8e, 0x0d, 0x53, 0x86, 0x00, 0x10, 0x5d, 0xe0, 0x05, 0x00, 0x00, 0x80,
  0x00, 0x18, 0xac, 0xd3, 0x21, 0x3d, 0x02, 0x10, 0x94, 0x8c, 0xad, 0xd3, 0xec, 0x15, 0x53, 0x86,
  0x00, 0x00, 0xac, 0xd3, 0x21, 0x3d, 0x02, 0x18, 0x9c, 0x8c, 0xad, 0xd3, 0x64, 0x0d, 0x73, 0x86,
  0x00, 0x18, 0xac, 0xd3, 0x21, 0x3d, 0x02, 0x18, 0x9c, 0x8c, 0xad, 0xd3, 0x68, 0x15, 0x73, 0x86,
  0x34, 0x00, 0xfc, 0xbe, 0x00, 0x00, 0xac, 0xd3, 0x20, 0x3f, 0x02, 0x00, 0xa0, 0x8c, 0xad, 0xd3,
  0x6c, 0x29, 0x83, 0x86, 0x00, 0x10, 0x5d, 0xe0, 0x07, 0x00, 0x00, 0x80, 0x00, 0x18, 0xac, 0xd3,
  0x20, 0x3f, 0x02, 0x00, 0xa0, 0x8c, 0xad, 0xd3, 0x70, 0x31, 0x83, 0x86, 0x00, 0x00, 0xac, 0xd3,
  0x20, 0x3f, 0x02, 0x08, 0xa4, 0x8c, 0xad, 0xd3, 0x74, 0x29, 0x93, 0x86, 0x00, 0x18, 0xac, 0xd3,
  0x20, 0x3f, 0x02, 0x08, 0xa4, 0x8c, 0xad, 0xd3, 0x78, 0x31, 0x93, 0x86, 0x35, 0x00, 0xfc, 0xbe,
  0x00, 0x00, 0xac, 0xd3, 0x21, 0x3f, 0x02, 0x00, 0xa8, 0x8c, 0xad, 0xd3, 0x8e, 0x29, 0xa3, 0x86,
  0x00, 0x10, 0x5d, 0xe0, 0x09, 0x00, 0x00, 0x80, 0x00, 0x18, 0xac, 0xd3, 0x21, 0x3f, 0x02, 0x00,
  0xa8, 0x8c, 0xad, 0xd3, 0xec, 0x31, 0xa3, 0x86, 0x00, 0x00, 0xac, 0xd3, 0x21, 0x3f, 0x02, 0x08,
  0xac, 0x8c, 0xad, 0xd3, 0x64, 0x29, 0xb3, 0x86, 0x00, 0x18, 0xac, 0xd3, 0x21, 0x3f, 0x02, 0x08,
  0xac, 0x8c, 0xad, 0xd3, 0x68, 0x31, 0xb3, 0x86, 0x36, 0x00, 0xfc, 0xbe, 0x00, 0x00, 0xac, 0xd3,
  0x20, 0x3f, 0x02, 0x10, 0xb0, 0x8c, 0xad, 0xd3, 0x6c, 0x89, 0xc3, 0x86, 0x00, 0x10, 0x5d, 0xe0,
  0x0b, 0x00, 0x00, 0x80, 0x00, 0x18, 0xac, 0xd3, 0x20, 0x3f, 0x02, 0x10, 0xb0, 0x8c, 0xad, 0xd3,
  0x70, 0x91, 0xc3, 0x86, 0x00, 0x00, 0xac, 0xd3, 0x20, 0x3f, 0x02, 0x18, 0xb4, 0x8c, 0xad, 0xd3,
  0x74, 0x89, 0xd3, 0x86, 0x00, 0x18, 0xac, 0xd3, 0x20, 0x3f, 0x02, 0x18, 0xb4, 0x8c, 0xad, 0xd3,
  0x78, 0x91, 0xd3, 0x86, 0x37, 0x00, 0xfc, 0xbe, 0x00, 0x00, 0xac, 0xd3, 0x21, 0x3f, 0x02, 0x10,
  0xb8, 0x8c, 0xad, 0xd3, 0x8e, 0x89, 0xe3, 0x86, 0x00, 0x10, 0x5d, 0xe0, 0x0d, 0x00, 0x00, 0x80,
  0x00, 0x18, 0xac, 0xd3, 0x21, 0x3f, 0x02, 0x10, 0xb8, 0x8c, 0xad, 0xd3, 0xec, 0x91, 0xe3, 0x86,
  0x00, 0x00, 0xac, 0xd3, 0x21, 0x3f, 0x02, 0x18, 0xbc, 0x8c, 0xad, 0xd3, 0x64, 0x89, 0xf3, 0x86,
  0x00, 0x18, 0xac, 0xd3, 0x21, 0x3f, 0x02, 0x18, 0xbc, 0x8c, 0xad, 0xd3, 0x68, 0x91, 0xf3, 0x86,
  0x38, 0x00, 0xfc, 0xbe, 0x00, 0x00, 0xac, 0xd3, 0x20, 0x45, 0x02, 0x00, 0xc0, 0x8c, 0xad, 0xd3,
  0x6c, 0x99, 0x03, 0x87, 0x00, 0x10, 0x5d, 0xe0, 0x0f, 0x00, 0x00, 0x80, 0x00, 0x18, 0xac, 0xd3,
  0x20, 0x45, 0x02, 0x00, 0xc0, 0x8c, 0xad, 0xd3, 0x70, 0xa1, 0x03, 0x87, 0x00, 0x00, 0xac, 0xd3,
  0x20, 0x45, 0x02, 0x08, 0xc4, 0x8c, 0xad, 0xd3, 0x74, 0x99, 0x13, 0x87, 0x00, 0x18, 0xac, 0xd3,
  0x20, 0x45, 0x02, 0x08, 0xc4, 0x8c, 0xad, 0xd3, 0x78, 0xa1, 0x13, 0x87, 0x39, 0x00, 0xfc, 0xbe,
  0x00, 0x00, 0xac, 0xd3, 0x21, 0x45, 0x02, 0x00, 0xcc, 0x8c, 0xad, 0xd3, 0x8e, 0x99, 0x33, 0x87,
  0x00, 0x10, 0x5d, 0xe0, 0x11, 0x00, 0x00, 0x80, 0x00, 0x18, 0xac, 0xd3, 0x21, 0x45, 0x02, 0x00,
  0xcc, 0x8c, 0xad, 0xd3, 0xec, 0xa1, 0x33, 0x87, 0x00, 0x00, 0xac, 0xd3, 0x21, 0x45, 0x02, 0x08,
  0xd4, 0x8c, 0xad, 0xd3, 0x64, 0x99, 0x53, 0x87, 0x00, 0x18, 0xac, 0xd3, 0x21, 0x45, 0x02, 0x08,
  0xd4, 0x8c, 0xad, 0xd3, 0x68, 0xa1, 0x53, 0x87, 0x3a, 0x00, 0xfc, 0xbe, 0x00, 0x00, 0xac, 0xd3,
  0x20, 0x45, 0x02, 0x10, 0xc8, 0x8c, 0xad, 0xd3, 0x6c, 0xa9, 0x23, 0x87, 0x00, 0x10, 0x5d, 0xe0,
  0x26, 0x00, 0x01, 0x80, 0x00, 0x18, 0xac, 0xd3, 0x20, 0x45, 0x02, 0x10, 0xc8, 0x8c, 0xad, 0xd3,
  0x70, 0xb1, 0x23, 0x87, 0x00, 0x00, 0xac, 0xd3, 0x20, 0x45, 0x02, 0x18, 0xd0, 0x8c, 0xad, 0xd3,
  0x74, 0xa9, 0x43, 0x87, 0x00, 0x18, 0xac, 0xd3, 0x20, 0x45, 0x02, 0x18, 0xd0, 0x8c, 0xad, 0xd3,
  0x78, 0xb1, 0x43, 0x87, 0x3b, 0x00, 0xfc, 0xbe, 0x00, 0x00, 0xac, 0xd3, 0x21, 0x45, 0x02, 0x10,
  0xd8, 0x8c, 0xad, 0xd3, 0x8e, 0xa9, 0x63, 0x87, 0x00, 0x10, 0x5d, 0xe0, 0x27, 0x00, 0x01, 0x80,
  0x00, 0x18, 0xac, 0xd3, 0x21, 0x45, 0x02, 0x10, 0xd8, 0x8c, 0xad, 0xd3, 0xec, 0xb1, 0x63, 0x87,
  0x00, 0x00, 0xac, 0xd3, 0x21, 0x45, 0x02, 0x18, 0xdc, 0x8c, 0xad, 0xd3, 0x64, 0xa9, 0x73, 0x87,
  0x00, 0x18, 0xac, 0xd3, 0x21, 0x45, 0x02, 0x18, 0xdc, 0x8c, 0xad, 0xd3, 0x68, 0xb1, 0x73, 0x87,
  0x3c, 0x00, 0xfc, 0xbe, 0x00, 0x00, 0xac, 0xd3, 0x20, 0x47, 0x02, 0x00, 0xe0, 0x8c, 0xad, 0xd3,
  0x6c, 0xb9, 0x83, 0x87, 0x00, 0x10, 0x5d, 0xe0, 0x28, 0x00, 0x01, 0x80, 0x00, 0x18, 0xac, 0xd3,
  0x20, 0x47, 0x02, 0x00, 0xe0, 0x8c, 0xad, 0xd3, 0x70, 0xc1, 0x83, 0x87, 0x00, 0x00, 0xac, 0xd3,
  0x20, 0x47, 0x02, 0x08, 0xe8, 0x8c, 0xad, 0xd3, 0x74, 0xb9, 0xa3, 0x87, 0x00, 0x18, 0xac, 0xd3,
  0x20, 0x47, 0x02, 0x08, 0xe8, 0x8c, 0xad, 0xd3, 0x78, 0xc1, 0xa3, 0x87, 0x3d, 0x00, 0xfc, 0xbe,
  0x00, 0x00, 0xac, 0xd3, 0x21, 0x47, 0x02, 0x00, 0xf0, 0x8c, 0xad, 0xd3, 0x8e, 0xb9, 0xc3, 0x87,
  0x00, 0x10, 0x5d, 0xe0, 0x29, 0x00, 0x01, 0x80, 0x00, 0x18, 0xac, 0xd3, 0x21, 0x47, 0x02, 0x00,
  0xf0, 0x8c, 0xad, 0xd3, 0xec, 0xc1, 0xc3, 0x87, 0x00, 0x00, 0xac, 0xd3, 0x21, 0x47, 0x02, 0x08,
  0xf8, 0x8c, 0xad, 0xd3, 0x64, 0xb9, 0xe3, 0x87, 0x00, 0x18, 0xac, 0xd3, 0x21, 0x47, 0x02, 0x08,
  0xf8, 0x8c, 0xad, 0xd3, 0x68, 0xc1, 0xe3, 0x87, 0x00, 0x00, 0xac, 0xd3, 0x20, 0x47, 0x02, 0x10,
  0xfc, 0x8c, 0xad, 0xd3, 0x6c, 0xc9, 0xf3, 0x87, 0x00, 0x10, 0x54, 0xe0, 0x1b, 0x9c, 0x04, 0x80,
  0x7f, 0xc0, 0x8c, 0xbf, 0x00, 0x00, 0x8a, 0xbf, 0x00, 0x00, 0xc4, 0xd9, 0x32, 0x00, 0x00, 0xa4,
  0x00, 0x18, 0xac, 0xd3, 0x20, 0x47, 0x02, 0x10, 0xfc, 0x8c, 0xad, 0xd3, 0x70, 0xd1, 0xf3, 0x87,
  0x00, 0x00, 0xac, 0xd3, 0x20, 0x47, 0x02, 0x18, 0xe4, 0x8c, 0xad, 0xd3, 0x74, 0xc9, 0x93, 0x87,
  0x00, 0x10, 0x50, 0xe0, 0x30, 0xa0, 0x02, 0x80, 0x00, 0x18, 0xac, 0xd3, 0x20, 0x47, 0x02, 0x18,
  0xe4, 0x8c, 0xad, 0xd3, 0x78, 0xd1, 0x93, 0x87, 0x00, 0x00, 0xac, 0xd3, 0x21, 0x47, 0x02, 0x10,
  0xec, 0x8c, 0xad, 0xd3, 0x8e, 0xc9, 0xb3, 0x87, 0x00, 0x18, 0xac, 0xd3, 0x21, 0x47, 0x02, 0x10,
  0xec, 0x8c, 0xad, 0xd3, 0xec, 0xd1, 0xb3, 0x87, 0x00, 0x00, 0xac, 0xd3, 0x21, 0x47, 0x02, 0x18,
  0xf4, 0x8c, 0xad, 0xd3, 0x64, 0xc9, 0xd3, 0x87, 0x75, 0x40, 0x8c, 0xbf, 0x00, 0x18, 0xac, 0xd3,
  0x21, 0x47, 0x02, 0x18, 0xf4, 0x8c, 0xad, 0xd3, 0x68, 0xd1, 0xd3, 0x87, 0x00, 0x00, 0x8a, 0xbf,
  0x00, 0x00, 0xac, 0xd3, 0xa4, 0x3d, 0x02, 0x00, 0x7c, 0x8c, 0xad, 0xd3, 0xa6, 0xfd, 0xf2, 0x85,
  0x00, 0x00, 0xfe, 0xd9, 0x2e, 0x00, 0x00, 0x74, 0x00, 0x18, 0xac, 0xd3, 0xa4, 0x3d, 0x02, 0x00,
  0x7c, 0x8c, 0xad, 0xd3, 0xaa, 0x05, 0xf3, 0x85, 0x40, 0x00, 0xfe, 0xd9, 0x2e, 0x00, 0x00, 0x78,
  0x00, 0x00, 0xac, 0xd3, 0xa4, 0x3d, 0x02, 0x08, 0x00, 0x8c, 0xad, 0xd3, 0xae, 0xfd, 0x02, 0x84,
  0x00, 0x01, 0xfe, 0xd9, 0x2e, 0x00, 0x00, 0x6c, 0x00, 0x18, 0xac, 0xd3, 0xa4, 0x3d, 0x02, 0x08,
  0x00, 0x8c, 0xad, 0xd3, 0xb2, 0x05, 0x03, 0x84, 0x40, 0x01, 0xfe, 0xd9, 0x2e, 0x00, 0x00, 0x70,
  0x00, 0x00, 0xac, 0xd3, 0xa5, 0x3d, 0x02, 0x00, 0x04, 0x8c, 0xad, 0xd3, 0xb6, 0xfd, 0x12, 0x84,
  0x00, 0x02, 0xfe, 0xd9, 0x2e, 0x00, 0x00, 0x64, 0x00, 0x18, 0xac, 0xd3, 0xa5, 0x3d, 0x02, 0x00,
  0x04, 0x8c, 0xad, 0xd3, 0xba, 0x05, 0x13, 0x84, 0x40, 0x02, 0xfe, 0xd9, 0x2e, 0x00, 0x00, 0x68,
  0x00, 0x00, 0xac, 0xd3, 0xa5, 0x3d, 0x02, 0x08, 0x08, 0x8c, 0xad, 0xd3, 0xbe, 0xfd, 0x22, 0x84,
  0x00, 0x03, 0xfe, 0xd9, 0x2e, 0x00, 0x00, 0x58, 0x00, 0x18, 0xac, 0xd3, 0xa5, 0x3d, 0x02, 0x08,
  0x08, 0x8c, 0xad, 0xd3, 0xf0, 0x05, 0x23, 0x84, 0x40, 0x03, 0xfe, 0xd9, 0x2e, 0x00, 0x00, 0x60,
  0x00, 0x00, 0xac, 0xd3, 0xa4, 0x3d, 0x02, 0x10, 0x0c, 0x8c, 0xad, 0xd3, 0xa6, 0x0d, 0x33, 0x84,
  0x00, 0x42, 0xfe, 0xd9, 0x2e, 0x00, 0x00, 0x54, 0x00, 0x18, 0xac, 0xd3, 0xa4, 0x3d, 0x02, 0x10,
  0x0c, 0x8c, 0xad, 0xd3, 0xaa, 0x15, 0x33, 0x84, 0x40, 0x42, 0xfe, 0xd9, 0x2e, 0x00, 0x00, 0x5c,
  0x00, 0x00, 0xac, 0xd3, 0xa4, 0x3d, 0x02, 0x18, 0x10, 0x8c, 0xad, 0xd3, 0xae, 0x0d, 0x43, 0x84,
  0x00, 0x43, 0xfe, 0xd9, 0x2e, 0x00, 0x00, 0x4c, 0x00, 0x18, 0xac, 0xd3, 0xa4, 0x3d, 0x02, 0x18,
  0x10, 0x8c, 0xad, 0xd3, 0xb2, 0x15, 0x43, 0x84, 0x40, 0x43, 0xfe, 0xd9, 0x2e, 0x00, 0x00, 0x50,
  0x00, 0x00, 0xac, 0xd3, 0xa5, 0x3d, 0x02, 0x10, 0x14, 0x8c, 0xad, 0xd3, 0xb6, 0x0d, 0x53, 0x84,
  0x00, 0x44, 0xfe, 0xd9, 0x2e, 0x00, 0x00, 0x44, 0x00, 0x18, 0xac, 0xd3, 0xa5, 0x3d, 0x02, 0x10,
  0x14, 0x8c, 0xad, 0xd3, 0xba, 0x15, 0x53, 0x84, 0x40, 0x44, 0xfe, 0xd9, 0x2e, 0x00, 0x00, 0x48,
  0x00, 0x00, 0xac, 0xd3, 0xa5, 0x3d, 0x02, 0x18, 0x18, 0x8c, 0xad, 0xd3, 0xbe, 0x0d, 0x63, 0x84,
  0x00, 0x45, 0xfe, 0xd9, 0x2e, 0x00, 0x00, 0x3c, 0x00, 0x18, 0xac, 0xd3, 0xa5, 0x3d, 0x02, 0x18,
  0x18, 0x8c, 0xad, 0xd3, 0xf0, 0x15, 0x63, 0x84, 0x40, 0x45, 0xfe, 0xd9, 0x2e, 0x00, 0x00, 0x40,
  0x00, 0x00, 0xac, 0xd3, 0xa4, 0x3f, 0x02, 0x00, 0x1c, 0x8c, 0xad, 0xd3, 0xa6, 0x29, 0x73, 0x84,
  0x00, 0x00, 0xfe, 0xd9, 0xf8, 0x00, 0x00, 0x7c, 0x00, 0x18, 0xac, 0xd3, 0xa4, 0x3f, 0x02, 0x00,
  0x1c, 0x8c, 0xad, 0xd3, 0xaa, 0x31, 0x73, 0x84, 0x40, 0x00, 0xfe, 0xd9, 0xf8, 0x00, 0x00, 0x84,
  0x00, 0x00, 0xac, 0xd3, 0xa4, 0x3f, 0x02, 0x08, 0x20, 0x8c, 0xad, 0xd3, 0xae, 0x29, 0x83, 0x84,
  0x00, 0x01, 0xfe, 0xd9, 0xf8, 0x00, 0x00, 0x80, 0x00, 0x18, 0xac, 0xd3, 0xa4, 0x3f, 0x02, 0x08,
  0x20, 0x8c, 0xad, 0xd3, 0xb2, 0x31, 0x83, 0x84, 0x40, 0x01, 0xfe, 0xd9, 0xf8, 0x00, 0x00, 0x88,
  0x00, 0x00, 0xac, 0xd3, 0xa5, 0x3f, 0x02, 0x00, 0x24, 0x8c, 0xad, 0xd3, 0xb6, 0x29, 0x93, 0x84,
  0x00, 0x02, 0xfe, 0xd9, 0xf8, 0x00, 0x00, 0x8c, 0x00, 0x18, 0xac, 0xd3, 0xa5, 0x3f, 0x02, 0x00,
  0x24, 0x8c, 0xad, 0xd3, 0xba, 0x31, 0x93, 0x84, 0x40, 0x02, 0xfe, 0xd9, 0xf8, 0x00, 0x00, 0x90,
  0x00, 0x00, 0xac, 0xd3, 0xa5, 0x3f, 0x02, 0x08, 0x2c, 0x8c, 0xad, 0xd3, 0xbe, 0x29, 0xb3, 0x84,
  0x00, 0x03, 0xfe, 0xd9, 0xf8, 0x00, 0x00, 0x94, 0x00, 0x18, 0xac, 0xd3, 0xa5, 0x3f, 0x02, 0x08,
  0x2c, 0x8c, 0xad, 0xd3, 0xf0, 0x31, 0xb3, 0x84, 0x40, 0x03, 0xfe, 0xd9, 0xf8, 0x00, 0x00, 0x98,
  0x00, 0x00, 0xac, 0xd3, 0xa4, 0x3f, 0x02, 0x10, 0x34, 0x8c, 0xad, 0xd3, 0xa6, 0x89, 0xd3, 0x84,
  0x74, 0x4f, 0x8c, 0xbf, 0x00, 0x00, 0x9a, 0xd8, 0xa3, 0x9e, 0x00, 0x00, 0x00, 0x18, 0xac, 0xd3,
  0xa4, 0x3f, 0x02, 0x10, 0x34, 0x8c, 0xad, 0xd3, 0xaa, 0x91, 0xd3, 0x84, 0x73, 0x4f, 0x8c, 0xbf,
  0x00, 0x00, 0x1a, 0xd8, 0x3b, 0xf4, 0x00, 0x00, 0x00, 0x00, 0xac, 0xd3, 0xa4, 0x3f, 0x02, 0x18,
  0x28, 0x8c, 0xad, 0xd3, 0xae, 0x89, 0xa3, 0x84, 0x00, 0x18, 0xac, 0xd3, 0xa4, 0x3f, 0x02, 0x18,
  0x28, 0x8c, 0xad, 0xd3, 0xb2, 0x91, 0xa3, 0x84, 0x00, 0x00, 0xac, 0xd3, 0xa5, 0x3f, 0x02, 0x10,
  0x30, 0x8c, 0xad, 0xd3, 0xb6, 0x89, 0xc3, 0x84, 0x00, 0x18, 0xac, 0xd3, 0xa5, 0x3f, 0x02, 0x10,
  0x30, 0x8c, 0xad, 0xd3, 0xba, 0x91, 0xc3, 0x84, 0x00, 0x00, 0xac, 0xd3, 0xa5, 0x3f, 0x02, 0x18,
  0x38, 0x8c, 0xad, 0xd3, 0xbe, 0x89, 0xe3, 0x84, 0x00, 0x18, 0xac, 0xd3, 0xa5, 0x3f, 0x02, 0x18,
  0x38, 0x8c, 0xad, 0xd3, 0xf0, 0x91, 0xe3, 0x84, 0x00, 0x00, 0xac, 0xd3, 0xa4, 0x45, 0x02, 0x00,
  0x3c, 0x8c, 0xad, 0xd3, 0xa6, 0x99, 0xf3, 0x84, 0x00, 0x18, 0xac, 0xd3, 0xa4, 0x45, 0x02, 0x00,
  0x3c, 0x8c, 0xad, 0xd3, 0xaa, 0xa1, 0xf3, 0x84, 0x00, 0x00, 0xac, 0xd3, 0xa4, 0x45, 0x02, 0x08,
  0x40, 0x8c, 0xad, 0xd3, 0xae, 0x99, 0x03, 0x85, 0x00, 0x18, 0xac, 0xd3, 0xa4, 0x45, 0x02, 0x08,
  0x40, 0x8c, 0xad, 0xd3, 0xb2, 0xa1, 0x03, 0x85, 0x00, 0x00, 0xac, 0xd3, 0xa5, 0x45, 0x02, 0x00,
  0x44, 0x8c, 0xad, 0xd3, 0xb6, 0x99, 0x13, 0x85, 0x00, 0x18, 0xac, 0xd3, 0xa5, 0x45, 0x02, 0x00,
  0x44, 0x8c, 0xad, 0xd3, 0xba, 0xa1, 0x13, 0x85, 0x00, 0x00, 0xac, 0xd3, 0xa5, 0x45, 0x02, 0x08,
  0x48, 0x8c, 0xad, 0xd3, 0xbe, 0x99, 0x23, 0x85, 0x00, 0x18, 0xac, 0xd3, 0xa5, 0x45, 0x02, 0x08,
  0x48, 0x8c, 0xad, 0xd3, 0xf0, 0xa1, 0x23, 0x85, 0x00, 0x00, 0xac, 0xd3, 0xa4, 0x45, 0x02, 0x10,
  0x4c, 0x8c, 0xad, 0xd3, 0xa6, 0xa9, 0x33, 0x85, 0x00, 0x18, 0xac, 0xd3, 0xa4, 0x45, 0x02, 0x10,
  0x4c, 0x8c, 0xad, 0xd3, 0xaa, 0xb1, 0x33, 0x85, 0x1c, 0x00, 0xfc, 0xbe, 0x00, 0x00, 0xac, 0xd3,
  0xa4, 0x45, 0x02, 0x18, 0x50, 0x8c, 0xad, 0xd3, 0xae, 0xa9, 0x43, 0x85, 0x00, 0x10, 0x5d, 0xe0,
  0x2a, 0x00, 0x01, 0x80, 0x00, 0x18, 0xac, 0xd3, 0xa4, 0x45, 0x02, 0x18, 0x50, 0x8c, 0xad, 0xd3,
  0xb2, 0xb1, 0x43, 0x85, 0x00, 0x00, 0xac, 0xd3, 0xa5, 0x45, 0x02, 0x10, 0x54, 0x8c, 0xad, 0xd3,
  0xb6, 0xa9, 0x53, 0x85, 0x00, 0x18, 0xac, 0xd3, 0xa5, 0x45, 0x02, 0x10, 0x54, 0x8c, 0xad, 0xd3,
  0xba, 0xb1, 0x53, 0x85, 0x1d, 0x00, 0xfc, 0xbe, 0x00, 0x00, 0xac, 0xd3, 0xa5, 0x45, 0x02, 0x18,
  0x58, 0x8c, 0xad, 0xd3, 0xbe, 0xa9, 0x63, 0x85, 0x00, 0x10, 0x5d, 0xe0, 0x2b, 0x00, 0x01, 0x80,
  0x00, 0x18, 0xac, 0xd3, 0xa5, 0x45, 0x02, 0x18, 0x58, 0x8c, 0xad, 0xd3, 0xf0, 0xb1, 0x63, 0x85,
  0x00, 0x00, 0xac, 0xd3, 0xa4, 0x47, 0x02, 0x00, 0x5c, 0x8c, 0xad, 0xd3, 0xa6, 0xb9, 0x73, 0x85,
  0x00, 0x18, 0xac, 0xd3, 0xa4, 0x47, 0x02, 0x00, 0x5c, 0x8c, 0xad, 0xd3, 0xaa, 0xc1, 0x73, 0x85,
  0x1e, 0x00, 0xfc, 0xbe, 0x00, 0x00, 0xac, 0xd3, 0xa4, 0x47, 0x02, 0x08, 0x60, 0x8c, 0xad, 0xd3,
  0xae, 0xb9, 0x83, 0x85, 0x00, 0x10, 0x5d, 0xe0, 0x2c, 0x00, 0x01, 0x80, 0x00, 0x18, 0xac, 0xd3,
  0xa4, 0x47, 0x02, 0x08, 0x60, 0x8c, 0xad, 0xd3, 0xb2, 0xc1, 0x83, 0x85, 0x00, 0x00, 0xac, 0xd3,
  0xa5, 0x47, 0x02, 0x00, 0x64, 0x8c, 0xad, 0xd3, 0xb6, 0xb9, 0x93, 0x85, 0x00, 0x18, 0xac, 0xd3,
  0xa5, 0x47, 0x02, 0x00, 0x64, 0x8c, 0xad, 0xd3, 0xba, 0xc1, 0x93, 0x85, 0x1f, 0x00, 0xfc, 0xbe,
  0x00, 0x00, 0xac, 0xd3, 0xa5, 0x47, 0x02, 0x08, 0x68, 0x8c, 0xad, 0xd3, 0xbe, 0xb9, 0xa3, 0x85,
  0x00, 0x10, 0x5d, 0xe0, 0x2d, 0x00, 0x01, 0x80, 0x7f, 0xc0, 0x8c, 0xbf, 0x00, 0x00, 0x8a, 0xbf,
  0x00, 0x00, 0xc4, 0xd9, 0x33, 0x00, 0x00, 0x1e, 0x00, 0x18, 0xac, 0xd3, 0xa5, 0x47, 0x02, 0x08,
  0x68, 0x8c, 0xad, 0xd3, 0xf0, 0xc1, 0xa3, 0x85, 0x80, 0x00, 0xc4, 0xd9, 0x33, 0x00, 0x00, 0x00,
  0x00, 0x00, 0xac, 0xd3, 0xa4, 0x47, 0x02, 0x10, 0x6c, 0x8c, 0xad, 0xd3, 0xa6, 0xc9, 0xb3, 0x85,
  0x00, 0x00, 0xc4, 0xd9, 0x32, 0x00, 0x00, 0x20, 0x00, 0x18, 0xac, 0xd3, 0xa4, 0x47, 0x02, 0x10,
  0x6c, 0x8c, 0xad, 0xd3, 0xaa, 0xd1, 0xb3, 0x85, 0x00, 0x00, 0xac, 0xd3, 0xa4, 0x47, 0x02, 0x18,
  0x70, 0x8c, 0xad, 0xd3, 0xae, 0xc9, 0xc3, 0x85, 0x00, 0x10, 0x50, 0xe0, 0x31, 0xa1, 0x02, 0x80,
  0x00, 0x18, 0xac, 0xd3, 0xa4, 0x47, 0x02, 0x18, 0x70, 0x8c, 0xad, 0xd3, 0xb2, 0xd1, 0xc3, 0x85,
  0x41, 0xff, 0x41, 0x80, 0x00, 0x01, 0x00, 0x00, 0x42, 0x80, 0x42, 0x82, 0x18, 0xff, 0x18, 0x80,
  0x00, 0x01, 0x00, 0x00, 0x43, 0x80, 0x43, 0x82, 0x14, 0x3f, 0x14, 0x80, 0x00, 0x00, 0xac, 0xd3,
  0xa5, 0x47, 0x02, 0x10, 0x74, 0x8c, 0xad, 0xd3, 0xb6, 0xc9, 0xd3, 0x85, 0x15, 0x40, 0x15, 0x82,
  0x0e, 0x1b, 0x0e, 0x80, 0x0f, 0x3e, 0x0f, 0x82, 0x44, 0x82, 0x44, 0x81, 0x44, 0x9c, 0x0a, 0xbf,
  0x00, 0x18, 0xac, 0xd3, 0xa5, 0x47, 0x02, 0x10, 0x74, 0x8c, 0xad, 0xd3, 0xba, 0xd1, 0xd3, 0x85,
  0x74, 0x40, 0x8c, 0xbf, 0x00, 0x00, 0x8a, 0xbf, 0x00, 0x00, 0xac, 0xd3, 0xa5, 0x47, 0x02, 0x18,
  0x78, 0x8c, 0xad, 0xd3, 0xbe, 0xc9, 0xe3, 0x85, 0x00, 0x18, 0xac, 0xd3, 0xa5, 0x47, 0x02, 0x18,
  0x78, 0x8c, 0xad, 0xd3, 0xf0, 0xd1, 0xe3, 0x85, 0xc9, 0xfa, 0x85, 0xbf, 0xff, 0x4a, 0x34, 0x26,
  0xe0, 0x00, 0x00, 0x00, 0x1b, 0x00, 0x00, 0xd2, 0x34, 0x07, 0x89, 0x00, 0x7f, 0xc0, 0x8c, 0xbf,
  0x00, 0x00, 0xac, 0xd3, 0x20, 0x3d, 0x02, 0x00, 0x84, 0x8c, 0xad, 0xd3, 0x7c, 0xe9, 0x12, 0x86,
  0x00, 0x18, 0xac, 0xd3, 0x20, 0x3d, 0x02, 0x00, 0x84, 0x8c, 0xad, 0xd3, 0x84, 0xf1, 0x12, 0x86,
  0x00, 0x00, 0xac, 0xd3, 0x20, 0x3d, 0x02, 0x08, 0x8c, 0x8c, 0xad, 0xd3, 0x80, 0xe9, 0x32, 0x86,
  0x00, 0x18, 0xac, 0xd3, 0x20, 0x3d, 0x02, 0x08, 0x8c, 0x8c, 0xad, 0xd3, 0x88, 0xf1, 0x32, 0x86,
  0x00, 0x00, 0xac, 0xd3, 0x21, 0x3d, 0x02, 0x00, 0x90, 0x8c, 0xad, 0xd3, 0x8c, 0xe9, 0x42, 0x86,
  0x00, 0x18, 0xac, 0xd3, 0x21, 0x3d, 0x02, 0x00, 0x90, 0x8c, 0xad, 0xd3, 0x90, 0xf1, 0x42, 0x86,
  0x00, 0x00, 0xac, 0xd3, 0x21, 0x3d, 0x02, 0x08, 0x98, 0x8c, 0xad, 0xd3, 0x94, 0xe9, 0x62, 0x86,
  0x00, 0x18, 0xac, 0xd3, 0x21, 0x3d, 0x02, 0x08, 0x98, 0x8c, 0xad, 0xd3, 0x98, 0xf1, 0x62, 0x86,
  0x00, 0x00, 0xac, 0xd3, 0x20, 0x3d, 0x02, 0x10, 0x80, 0x8c, 0xad, 0xd3, 0x7c, 0xd9, 0x02, 0x86,
  0x00, 0x18, 0xac, 0xd3, 0x20, 0x3d, 0x02, 0x10, 0x80, 0x8c, 0xad, 0xd3, 0x84, 0xe1, 0x02, 0x86,
  0x00, 0x00, 0xac, 0xd3, 0x20, 0x3d, 0x02, 0x18, 0x88, 0x8c, 0xad, 0xd3, 0x80, 0xd9, 0x22, 0x86,
  0x00, 0x18, 0xac, 0xd3, 0x20, 0x3d, 0x02, 0x18, 0x88, 0x8c, 0xad, 0xd3, 0x88, 0xe1, 0x22, 0x86,
  0x00, 0x00, 0xac, 0xd3, 0x21, 0x3d, 0x02, 0x10, 0x94, 0x8c, 0xad, 0xd3, 0x8c, 0xd9, 0x52, 0x86,
  0x00, 0x18, 0xac, 0xd3, 0x21, 0x3d, 0x02, 0x10, 0x94, 0x8c, 0xad, 0xd3, 0x90, 0xe1, 0x52, 0x86,
  0x00, 0x00, 0xac, 0xd3, 0x21, 0x3d, 0x02, 0x18, 0x9c, 0x8c, 0xad, 0xd3, 0x94, 0xd9, 0x72, 0x86,
  0x00, 0x18, 0xac, 0xd3, 0x21, 0x3d, 0x02, 0x18, 0x9c, 0x8c, 0xad, 0xd3, 0x98, 0xe1, 0x72, 0x86,
  0x00, 0x00, 0xac, 0xd3, 0x20, 0x3f, 0x02, 0x00, 0xa0, 0x8c, 0xad, 0xd3, 0x7c, 0xc9, 0x82, 0x86,
  0x00, 0x18, 0xac, 0xd3, 0x20, 0x3f, 0x02, 0x00, 0xa0, 0x8c, 0xad, 0xd3, 0x84, 0xd1, 0x82, 0x86,
  0x00, 0x00, 0xac, 0xd3, 0x20, 0x3f, 0x02, 0x08, 0xa4, 0x8c, 0xad, 0xd3, 0x80, 0xc9, 0x92, 0x86,
  0x00, 0x18, 0xac, 0xd3, 0x20, 0x3f, 0x02, 0x08, 0xa4, 0x8c, 0xad, 0xd3, 0x88, 0xd1, 0x92, 0x86,
  0x00, 0x00, 0xac, 0xd3, 0x21, 0x3f, 0x02, 0x00, 0xa8, 0x8c, 0xad, 0xd3, 0x8c, 0xc9, 0xa2, 0x86,
  0x00, 0x18, 0xac, 0xd3, 0x21, 0x3f, 0x02, 0x00, 0xa8, 0x8c, 0xad, 0xd3, 0x90, 0xd1, 0xa2, 0x86,
  0x00, 0x00, 0xac, 0xd3, 0x21, 0x3f, 0x02, 0x08, 0xac, 0x8c, 0xad, 0xd3, 0x94, 0xc9, 0xb2, 0x86,
  0x00, 0x18, 0xac, 0xd3, 0x21, 0x3f, 0x02, 0x08, 0xac, 0x8c, 0xad, 0xd3, 0x98, 0xd1, 0xb2, 0x86,
  0x00, 0x00, 0xac, 0xd3, 0x20, 0x3f, 0x02, 0x10, 0xb0, 0x8c, 0xad, 0xd3, 0x7c, 0xb1, 0xc2, 0x86,
  0x00, 0x18, 0xac, 0xd3, 0x20, 0x3f, 0x02, 0x10, 0xb0, 0x8c, 0xad, 0xd3, 0x84, 0xc1, 0xc2, 0x86,
  0x00, 0x00, 0xac, 0xd3, 0x20, 0x3f, 0x02, 0x18, 0xb4, 0x8c, 0xad, 0xd3, 0x80, 0xb1, 0xd2, 0x86,
  0x00, 0x18, 0xac, 0xd3, 0x20, 0x3f, 0x02, 0x18, 0xb4, 0x8c, 0xad, 0xd3, 0x88, 0xc1, 0xd2, 0x86,
  0x00, 0x00, 0xac, 0xd3, 0x21, 0x3f, 0x02, 0x10, 0xb8, 0x8c, 0xad, 0xd3, 0x8c, 0xb1, 0xe2, 0x86,
  0x00, 0x18, 0xac, 0xd3, 0x21, 0x3f, 0x02, 0x10, 0xb8, 0x8c, 0xad, 0xd3, 0x90, 0xc1, 0xe2, 0x86,
  0x00, 0x00, 0xac, 0xd3, 0x21, 0x3f, 0x02, 0x18, 0xbc, 0x8c, 0xad, 0xd3, 0x94, 0xb1, 0xf2, 0x86,
  0x00, 0x18, 0xac, 0xd3, 0x21, 0x3f, 0x02, 0x18, 0xbc, 0x8c, 0xad, 0xd3, 0x98, 0xc1, 0xf2, 0x86,
  0x00, 0x00, 0xac, 0xd3, 0x20, 0x01, 0x02, 0x00, 0xc0, 0x8c, 0xad, 0xd3, 0x7c, 0xa9, 0x02, 0x87,
  0x00, 0x18, 0xac, 0xd3, 0x20, 0x01, 0x02, 0x00, 0xc0, 0x8c, 0xad, 0xd3, 0x84, 0xb9, 0x02, 0x87,
  0x07, 0x00, 0x80, 0xbf, 0xc9, 0x40, 0xd8, 0xd3, 0xc3, 0x01, 0x00, 0x18, 0xc8, 0x40, 0xd8, 0xd3,
  0xc2, 0x01, 0x00, 0x18, 0xc7, 0x40, 0xd8, 0xd3, 0xc1, 0x01, 0x00, 0x18, 0xc6, 0x40, 0xd8, 0xd3,
  0xc0, 0x01, 0x00, 0x18, 0x00, 0x00, 0xac, 0xd3, 0x20, 0x01, 0x02, 0x08, 0xc0, 0x8c, 0xad, 0xd3,
  0x80, 0xa9, 0x12, 0x87, 0x00, 0x18, 0xac, 0xd3, 0x20, 0x01, 0x02, 0x08, 0xc0, 0x8c, 0xad, 0xd3,
  0x88, 0xb9, 0x02, 0x87, 0x07, 0x00, 0x80, 0xbf, 0xcd, 0x40, 0xd8, 0xd3, 0xc3, 0x01, 0x00, 0x18,
  0xcc, 0x40, 0xd8, 0xd3, 0xc2, 0x01, 0x00, 0x18, 0xcb, 0x40, 0xd8, 0xd3, 0xc1, 0x01, 0x00, 0x18,
  0xca, 0x40, 0xd8, 0xd3, 0xc0, 0x01, 0x00, 0x18, 0x00, 0x00, 0xac, 0xd3, 0x21, 0x01, 0x02, 0x00,
  0xc0, 0x8c, 0xad, 0xd3, 0x8c, 0xa9, 0x32, 0x87, 0x00, 0x18, 0xac, 0xd3, 0x21, 0x01, 0x02, 0x00,
  0xcc, 0x8c, 0xad, 0xd3, 0x90, 0xb9, 0x02, 0x87, 0x00, 0x00, 0xac, 0xd3, 0x21, 0x01, 0x02, 0x08,
  0xc0, 0x8c, 0xad, 0xd3, 0x94, 0xa9, 0x52, 0x87, 0x00, 0x18, 0xac, 0xd3, 0x21, 0x01, 0x02, 0x08,
  0xd4, 0x8c, 0xad, 0xd3, 0x98, 0xb9, 0x02, 0x87, 0x00, 0x00, 0xac, 0xd3, 0x20, 0x01, 0x02, 0x10,
  0xc0, 0x8c, 0xad, 0xd3, 0x7c, 0x99, 0x22, 0x87, 0x00, 0x18, 0xac, 0xd3, 0x20, 0x01, 0x02, 0x10,
  0xc0, 0x8c, 0xad, 0xd3, 0x84, 0xa1, 0x02, 0x87, 0x00, 0x00, 0xac, 0xd3, 0x20, 0x01, 0x02, 0x18,
  0xc4, 0x8c, 0xad, 0xd3, 0x80, 0x99, 0x42, 0x87, 0x00, 0x18, 0xac, 0xd3, 0x20, 0x01, 0x02, 0x18,
  0xc8, 0x8c, 0xad, 0xd3, 0x88, 0xa1, 0x12, 0x87, 0x00, 0x00, 0xac, 0xd3, 0x21, 0x01, 0x02, 0x10,
  0xc4, 0x8c, 0xad, 0xd3, 0x8c, 0x99, 0x62, 0x87, 0x00, 0x18, 0xac, 0xd3, 0x21, 0x01, 0x02, 0x10,
  0xc4, 0x8c, 0xad, 0xd3, 0x90, 0xa1, 0x12, 0x87, 0x00, 0x00, 0xac, 0xd3, 0x21, 0x01, 0x02, 0x18,
  0xd0, 0x8c, 0xad, 0xd3, 0x94, 0x99, 0x72, 0x87, 0x00, 0x18, 0xac, 0xd3, 0x21, 0x01, 0x02, 0x18,
  0xdc, 0x8c, 0xad, 0xd3, 0x98, 0xa1, 0x42, 0x87, 0x00, 0x00, 0xac, 0xd3, 0x20, 0x03, 0x02, 0x00,
  0xd0, 0x8c, 0xad, 0xd3, 0x7c, 0x89, 0x82, 0x87, 0x00, 0x18, 0xac, 0xd3, 0x20, 0x03, 0x02, 0x00,
  0xe0, 0x8c, 0xad, 0xd3, 0x84, 0x91, 0x42, 0x87, 0x00, 0x00, 0xac, 0xd3, 0x20, 0x03, 0x02, 0x08,
  0xd0, 0x8c, 0xad, 0xd3, 0x80, 0x89, 0xa2, 0x87, 0x00, 0x18, 0xac, 0xd3, 0x20, 0x03, 0x02, 0x08,
  0xe8, 0x8c, 0xad, 0xd3, 0x88, 0x91, 0x42, 0x87, 0x00, 0x00, 0xac, 0xd3, 0x21, 0x03, 0x02, 0x00,
  0xd0, 0x8c, 0xad, 0xd3, 0x8c, 0x89, 0xc2, 0x87, 0x00, 0x18, 0xac, 0xd3, 0x21, 0x03, 0x02, 0x00,
  0xf0, 0x8c, 0xad, 0xd3, 0x90, 0x91, 0x42, 0x87, 0x00, 0x00, 0xac, 0xd3, 0x21, 0x03, 0x02, 0x08,
  0xd0, 0x8c, 0xad, 0xd3, 0x94, 0x89, 0xe2, 0x87, 0x00, 0x18, 0xac, 0xd3, 0x21, 0x03, 0x02, 0x08,
  0xd0, 0x8c, 0xad, 0xd3, 0x98, 0x91, 0x42, 0x87, 0x07, 0x00, 0x80, 0xbf, 0xc2, 0x40, 0xd8, 0xd3,
  0xd0, 0x01, 0x00, 0x18, 0xc3, 0x40, 0xd8, 0xd3, 0xd1, 0x01, 0x00, 0x18, 0xc4, 0x40, 0xd8, 0xd3,
  0xd2, 0x01, 0x00, 0x18, 0xc5, 0x40, 0xd8, 0xd3, 0xd3, 0x01, 0x00, 0x18, 0x00, 0x00, 0xac, 0xd3,
  0x20, 0x03, 0x02, 0x10, 0xd0, 0x8c, 0xad, 0xd3, 0x7c, 0x79, 0xf2, 0x87, 0x00, 0x18, 0xac, 0xd3,
  0x20, 0x03, 0x02, 0x10, 0xf8, 0x8c, 0xad, 0xd3, 0x84, 0x81, 0x42, 0x87, 0x00, 0x00, 0xac, 0xd3,
  0x20, 0x03, 0x02, 0x18, 0xd0, 0x8c, 0xad, 0xd3, 0x80, 0x79, 0x92, 0x87, 0x00, 0x18, 0xac, 0xd3,
  0x20, 0x03, 0x02, 0x18, 0xd0, 0x8c, 0xad, 0xd3, 0x88, 0x81, 0x42, 0x87, 0x00, 0x00, 0xac, 0xd3,
  0x21, 0x03, 0x02, 0x10, 0xd8, 0x8c, 0xad, 0xd3, 0x8c, 0x79, 0xb2, 0x87, 0x00, 0x18, 0xac, 0xd3,
  0x21, 0x03, 0x02, 0x10, 0xe4, 0x8c, 0xad, 0xd3, 0x90, 0x81, 0x62, 0x87, 0x00, 0x00, 0xac, 0xd3,
  0x21, 0x03, 0x02, 0x18, 0xd8, 0x8c, 0xad, 0xd3, 0x94, 0x79, 0xd2, 0x87, 0x00, 0x18, 0xac, 0xd3,
  0x21, 0x03, 0x02, 0x18, 0xd8, 0x8c, 0xad, 0xd3, 0x98, 0x81, 0x62, 0x87, 0x74, 0x40, 0x8c, 0xbf,
  0x00, 0x00, 0x8a, 0xbf, 0xff, 0x70, 0x04, 0x68, 0xc0, 0x8b, 0x01, 0x00, 0x00, 0x00, 0xfe, 0xd9,
  0x02, 0x00, 0x00, 0x04, 0x40, 0x00, 0xfe, 0xd9, 0x02, 0x00, 0x00, 0x0a, 0x00, 0x01, 0xfe, 0xd9,
  0x02, 0x00, 0x00, 0x0e, 0x40, 0x01, 0xfe, 0xd9, 0x02, 0x00, 0x00, 0x12, 0x00, 0x02, 0xfe, 0xd9,
  0x02, 0x00, 0x00, 0x16, 0x40, 0x02, 0xfe, 0xd9, 0x02, 0x00, 0x00, 0x20, 0x00, 0x03, 0xfe, 0xd9,
  0x02, 0x00, 0x00, 0x26, 0x40, 0x03, 0xfe, 0xd9, 0x02, 0x00, 0x00, 0x2a, 0xff, 0x72, 0x10, 0x68,
  0xa0, 0x17, 0x02, 0x00, 0x73, 0x4f, 0x8c, 0xbf, 0x00, 0x00, 0x1a, 0xd8, 0x08, 0xa2, 0x00, 0x00,
  0x7f, 0xc0, 0x8c, 0xbf, 0x00, 0x00, 0x8a, 0xbf, 0x00, 0x00, 0xc4, 0xd9, 0x32, 0x00, 0x00, 0x02,
  0x7f, 0xc0, 0x8c, 0xbf, 0x00, 0x00, 0xac, 0xd3, 0x02, 0x3d, 0x02, 0x00, 0x7c, 0x8c, 0xad, 0xd3,
  0x04, 0xe9, 0xf2, 0x85, 0x00, 0x18, 0xac, 0xd3, 0x02, 0x3d, 0x02, 0x00, 0xfc, 0x8c, 0xad, 0xd3,
  0x0a, 0xf1, 0xf2, 0x85, 0x00, 0x00, 0xac, 0xd3, 0x02, 0x3d, 0x02, 0x08, 0x00, 0x8c, 0xad, 0xd3,
  0x0e, 0xe9, 0x02, 0x84, 0x00, 0x18, 0xac, 0xd3, 0x02, 0x3d, 0x02, 0x08, 0x00, 0x8c, 0xad, 0xd3,
  0x12, 0xf1, 0x02, 0x84, 0x00, 0x00, 0xac, 0xd3, 0x03, 0x3d, 0x02, 0x00, 0x04, 0x8c, 0xad, 0xd3,
  0x16, 0xe9, 0x12, 0x84, 0x00, 0x18, 0xac, 0xd3, 0x03, 0x3d, 0x02, 0x00, 0x04, 0x8c, 0xad, 0xd3,
  0x20, 0xf1, 0x12, 0x84, 0x00, 0x00, 0xac, 0xd3, 0x03, 0x3d, 0x02, 0x08, 0x08, 0x8c, 0xad, 0xd3,
  0x26, 0xe9, 0x22, 0x84, 0x00, 0x18, 0xac, 0xd3, 0x03, 0x3d, 0x02, 0x08, 0x08, 0x8c, 0xad, 0xd3,
  0x2a, 0xf1, 0x22, 0x84, 0x00, 0x00, 0xac, 0xd3, 0x02, 0x3d, 0x02, 0x10, 0x0c, 0x8c, 0xad, 0xd3,
  0x04, 0xd9, 0x32, 0x84, 0x00, 0x18, 0xac, 0xd3, 0x02, 0x3d, 0x02, 0x10, 0x0c, 0x8c, 0xad, 0xd3,
  0x0a, 0xe1, 0x32, 0x84, 0x00, 0x00, 0xac, 0xd3, 0x02, 0x3d, 0x02, 0x18, 0x10, 0x8c, 0xad, 0xd3,
  0x0e, 0xd9, 0x42, 0x84, 0x00, 0x18, 0xac, 0xd3, 0x02, 0x3d, 0x02, 0x18, 0x10, 0x8c, 0xad, 0xd3,
  0x12, 0xe1, 0x42, 0x84, 0x00, 0x00, 0xac, 0xd3, 0x03, 0x3d, 0x02, 0x10, 0x14, 0x8c, 0xad, 0xd3,
  0x16, 0xd9, 0x52, 0x84, 0x00, 0x18, 0xac, 0xd3, 0x03, 0x3d, 0x02, 0x10, 0x14, 0x8c, 0xad, 0xd3,
  0x20, 0xe1, 0x52, 0x84, 0x00, 0x00, 0xac, 0xd3, 0x03, 0x3d, 0x02, 0x18, 0x18, 0x8c, 0xad, 0xd3,
  0x26, 0xd9, 0x62, 0x84, 0x00, 0x18, 0xac, 0xd3, 0x03, 0x3d, 0x02, 0x18, 0x18, 0x8c, 0xad, 0xd3,
  0x2a, 0xe1, 0x62, 0x84, 0x00, 0x00, 0xac, 0xd3, 0x02, 0x3f, 0x02, 0x00, 0x1c, 0x8c, 0xad, 0xd3,
  0x04, 0xc9, 0x72, 0x84, 0x00, 0x18, 0xac, 0xd3, 0x02, 0x3f, 0x02, 0x00, 0x7c, 0x8c, 0xad, 0xd3,
  0x0a, 0xd1, 0x72, 0x84, 0x00, 0x00, 0xac, 0xd3, 0x02, 0x3f, 0x02, 0x08, 0x1c, 0x8c, 0xad, 0xd3,
  0x0e, 0xc9, 0x82, 0x84, 0x00, 0x18, 0xac, 0xd3, 0x02, 0x3f, 0x02, 0x08, 0x1c, 0x8c, 0xad, 0xd3,
  0x12, 0xd1, 0x72, 0x84, 0x07, 0x00, 0x80, 0xbf, 0xc1, 0x40, 0xd8, 0xd3, 0x1f, 0x01, 0x00, 0x18,
  0xc0, 0x40, 0xd8, 0xd3, 0x1e, 0x01, 0x00, 0x18, 0xbf, 0x40, 0xd8, 0xd3, 0x1d, 0x01, 0x00, 0x18,
  0xbe, 0x40, 0xd8, 0xd3, 0x1c, 0x01, 0x00, 0x18, 0x00, 0x00, 0xac, 0xd3, 0x03, 0x3f, 0x02, 0x00,
  0x1c, 0x8c, 0xad, 0xd3, 0x16, 0xc9, 0x92, 0x84, 0x00, 0x18, 0xac, 0xd3, 0x03, 0x3f, 0x02, 0x00,
  0x1c, 0x8c, 0xad, 0xd3, 0x20, 0xd1, 0x72, 0x84, 0x00, 0x00, 0xac, 0xd3, 0x03, 0x3f, 0x02, 0x08,
  0x20, 0x8c, 0xad, 0xd3, 0x26, 0xc9, 0xb2, 0x84, 0x00, 0x18, 0xac, 0xd3, 0x03, 0x3f, 0x02, 0x08,
  0x2c, 0x8c, 0xad, 0xd3, 0x2a, 0xd1, 0x82, 0x84, 0x00, 0x00, 0xac, 0xd3, 0x02, 0x3f, 0x02, 0x10,
  0x20, 0x8c, 0xad, 0xd3, 0x04, 0xb1, 0xd2, 0x84, 0x00, 0x18, 0xac, 0xd3, 0x02, 0x3f, 0x02, 0x10,
  0x20, 0x8c, 0xad, 0xd3, 0x0a, 0xc1, 0x82, 0x84, 0x00, 0x00, 0xac, 0xd3, 0x02, 0x3f, 0x02, 0x18,
  0x24, 0x8c, 0xad, 0xd3, 0x0e, 0xb1, 0xa2, 0x84, 0x00, 0x18, 0xac, 0xd3, 0x02, 0x3f, 0x02, 0x18,
  0xec, 0x8c, 0xad, 0xd3, 0x12, 0xc1, 0x92, 0x84, 0x00, 0x00, 0xac, 0xd3, 0x03, 0x3f, 0x02, 0x10,
  0x24, 0x8c, 0xad, 0xd3, 0x16, 0xb1, 0xc2, 0x84, 0x00, 0x18, 0xac, 0xd3, 0x03, 0x3f, 0x02, 0x10,
  0x24, 0x8c, 0xad, 0xd3, 0x20, 0xc1, 0x92, 0x84, 0x00, 0x00, 0xac, 0xd3, 0x03, 0x3f, 0x02, 0x18,
  0x28, 0x8c, 0xad, 0xd3, 0x26, 0xb1, 0xe2, 0x84, 0x00, 0x18, 0xac, 0xd3, 0x03, 0x3f, 0x02, 0x18,
  0xf4, 0x8c, 0xad, 0xd3, 0x2a, 0xc1, 0xa2, 0x84, 0x00, 0x00, 0xac, 0xd3, 0x02, 0x01, 0x02, 0x00,
  0x28, 0x8c, 0xad, 0xd3, 0x04, 0xa9, 0xf2, 0x84, 0x00, 0x18, 0xac, 0xd3, 0x02, 0x01, 0x02, 0x00,
  0x28, 0x8c, 0xad, 0xd3, 0x0a, 0xb9, 0xa2, 0x84, 0x07, 0x00, 0x80, 0xbf, 0xbd, 0x40, 0xd8, 0xd3,
  0x2b, 0x01, 0x00, 0x18, 0xbc, 0x40, 0xd8, 0xd3, 0x2a, 0x01, 0x00, 0x18, 0xbb, 0x40, 0xd8, 0xd3,
  0x29, 0x01, 0x00, 0x18, 0xba, 0x40, 0xd8, 0xd3, 0x28, 0x01, 0x00, 0x18, 0x00, 0x00, 0xac, 0xd3,
  0x02, 0x01, 0x02, 0x08, 0x28, 0x8c, 0xad, 0xd3, 0x0e, 0xa9, 0x02, 0x85, 0x00, 0x18, 0xac, 0xd3,
  0x02, 0x01, 0x02, 0x08, 0x40, 0x8c, 0xad, 0xd3, 0x12, 0xb9, 0xa2, 0x84, 0x00, 0x00, 0xac, 0xd3,
  0x03, 0x01, 0x02, 0x00, 0x28, 0x8c, 0xad, 0xd3, 0x16, 0xa9, 0x12, 0x85, 0x00, 0x18, 0xac, 0xd3,
  0x03, 0x01, 0x02, 0x00, 0x28, 0x8c, 0xad, 0xd3, 0x20, 0xb9, 0xa2, 0x84, 0x00, 0x00, 0xac, 0xd3,
  0x03, 0x01, 0x02, 0x08, 0x30, 0x8c, 0xad, 0xd3, 0x26, 0xa9, 0x22, 0x85, 0x00, 0x18, 0xac, 0xd3,
  0x03, 0x01, 0x02, 0x08, 0x44, 0x8c, 0xad, 0xd3, 0x2a, 0xb9, 0xc2, 0x84, 0x00, 0x00, 0xac, 0xd3,
  0x02, 0x01, 0x02, 0x10, 0x30, 0x8c, 0xad, 0xd3, 0x04, 0x99, 0x32, 0x85, 0x00, 0x18, 0xac, 0xd3,
  0x02, 0x01, 0x02, 0x10, 0x30, 0x8c, 0xad, 0xd3, 0x0a, 0xa1, 0xc2, 0x84, 0x00, 0x00, 0xac, 0xd3,
  0x02, 0x01, 0x02, 0x18, 0x34, 0x8c, 0xad, 0xd3, 0x0e, 0x99, 0x42, 0x85, 0x00, 0x18, 0xac, 0xd3,
  0x02, 0x01, 0x02, 0x18, 0x34, 0x8c, 0xad, 0xd3, 0x12, 0xa1, 0xd2, 0x84, 0x00, 0x00, 0xac, 0xd3,
  0x03, 0x01, 0x02, 0x10, 0x38, 0x8c, 0xad, 0xd3, 0x16, 0x99, 0x52, 0x85, 0x00, 0x18, 0xac, 0xd3,
  0x03, 0x01, 0x02, 0x10, 0x38, 0x8c, 0xad, 0xd3, 0x20, 0xa1, 0xe2, 0x84, 0x00, 0x00, 0xac, 0xd3,
  0x03, 0x01, 0x02, 0x18, 0x3c, 0x8c, 0xad, 0xd3, 0x26, 0x99, 0x62, 0x85, 0x00, 0x18, 0xac, 0xd3,
  0x03, 0x01, 0x02, 0x18, 0x3c, 0x8c, 0xad, 0xd3, 0x2a, 0xa1, 0xf2, 0x84, 0x00, 0x00, 0xac, 0xd3,
  0x02, 0x03, 0x02, 0x00, 0x48, 0x8c, 0xad, 0xd3, 0x04, 0x89, 0x72, 0x85, 0x00, 0x18, 0xac, 0xd3,
  0x02, 0x03, 0x02, 0x00, 0x48, 0x8c, 0xad, 0xd3, 0x0a, 0x91, 0x22, 0x85, 0x07, 0x00, 0x80, 0xbf,
  0xb9, 0x40, 0xd8, 0xd3, 0x4b, 0x01, 0x00, 0x18, 0xb8, 0x40, 0xd8, 0xd3, 0x4a, 0x01, 0x00, 0x18,
  0xb7, 0x40, 0xd8, 0xd3, 0x49, 0x01, 0x00, 0x18, 0xb6, 0x40, 0xd8, 0xd3, 0x48, 0x01, 0x00, 0x18,
  0x00, 0x00, 0xac, 0xd3, 0x02, 0x03, 0x02, 0x08, 0x48, 0x8c, 0xad, 0xd3, 0x0e, 0x89, 0x82, 0x85,
  0x00, 0x18, 0xac, 0xd3, 0x02, 0x03, 0x02, 0x08, 0x60, 0x8c, 0xad, 0xd3, 0x12, 0x91, 0x22, 0x85,
  0x00, 0x00, 0xac, 0xd3, 0x03, 0x03, 0x02, 0x00, 0x48, 0x8c, 0xad, 0xd3, 0x16, 0x89, 0x92, 0x85,
  0x00, 0x18, 0xac, 0xd3, 0x03, 0x03, 0x02, 0x00, 0x48, 0x8c, 0xad, 0xd3, 0x20, 0x91, 0x22, 0x85,
  0x00, 0x00, 0xac, 0xd3, 0x03, 0x03, 0x02, 0x08, 0x4c, 0x8c, 0xad, 0xd3, 0x26, 0x89, 0xa2, 0x85,
  0x00, 0x18, 0xac, 0xd3, 0x03, 0x03, 0x02, 0x08, 0x4c, 0x8c, 0xad, 0xd3, 0x2a, 0x91, 0x32, 0x85,
  0x00, 0x00, 0xac, 0xd3, 0x02, 0x03, 0x02, 0x10, 0x50, 0x8c, 0xad, 0xd3, 0x04, 0x79, 0xb2, 0x85,
  0x00, 0x18, 0xac, 0xd3, 0x02, 0x03, 0x02, 0x10, 0x50, 0x8c, 0xad, 0xd3, 0x0a, 0x81, 0x42, 0x85,
  0x00, 0x00, 0xac, 0xd3, 0x02, 0x03, 0x02, 0x18, 0x54, 0x8c, 0xad, 0xd3, 0x0e, 0x79, 0xc2, 0x85,
  0x00, 0x18, 0xac, 0xd3, 0x02, 0x03, 0x02, 0x18, 0x54, 0x8c, 0xad, 0xd3, 0x12, 0x81, 0x52, 0x85,
  0x00, 0x00, 0xac, 0xd3, 0x03, 0x03, 0x02, 0x10, 0x58, 0x8c, 0xad, 0xd3, 0x16, 0x79, 0xd2, 0x85,
  0x00, 0x18, 0xac, 0xd3, 0x03, 0x03, 0x02, 0x10, 0x58, 0x8c, 0xad, 0xd3, 0x20, 0x81, 0x62, 0x85,
  0x00, 0x00, 0xac, 0xd3, 0x03, 0x03, 0x02, 0x18, 0x5c, 0x8c, 0xad, 0xd3, 0x26, 0x79, 0xe2, 0x85,
  0x00, 0x18, 0xac, 0xd3, 0x03, 0x03, 0x02, 0x18, 0x5c, 0x8c, 0xad, 0xd3, 0x2a, 0x81, 0x72, 0x85,
  0x77, 0x00, 0x8c, 0xbf, 0x00, 0x00, 0x8a, 0xbf, 0x00, 0x84, 0xfe, 0xd9, 0x2e, 0x00, 0x00, 0x80,
  0x40, 0x84, 0xfe, 0xd9, 0x2e, 0x00, 0x00, 0x84, 0x00, 0x85, 0xfe, 0xd9, 0x2e, 0x00, 0x00, 0x88,
  0x40, 0x85, 0xfe, 0xd9, 0x2e, 0x00, 0x00, 0x8c, 0x00, 0x86, 0xfe, 0xd9, 0x2e, 0x00, 0x00, 0x64,
  0x40, 0x86, 0xfe, 0xd9, 0x2e, 0x00, 0x00, 0x68, 0x00, 0x87, 0xfe, 0xd9, 0x2e, 0x00, 0x00, 0x5c,
  0x40, 0x87, 0xfe, 0xd9, 0x2e, 0x00, 0x00, 0x60, 0x00, 0xc6, 0xfe, 0xd9, 0x2e, 0x00, 0x00, 0x54,
  0x40, 0xc6, 0xfe, 0xd9, 0x2e, 0x00, 0x00, 0x58, 0x00, 0xc7, 0xfe, 0xd9, 0x2e, 0x00, 0x00, 0x4c,
  0x40, 0xc7, 0xfe, 0xd9, 0x2e, 0x00, 0x00, 0x50, 0x00, 0xc8, 0xfe, 0xd9, 0x2e, 0x00, 0x00, 0x1e,
  0x40, 0xc8, 0xfe, 0xd9, 0x2e, 0x00, 0x00, 0x26, 0x00, 0xc9, 0xfe, 0xd9, 0x2e, 0x00, 0x00, 0x12,
  0x40, 0xc9, 0xfe, 0xd9, 0x2e, 0x00, 0x00, 0x16, 0xff, 0x70, 0x00, 0x68, 0xe0, 0x49, 0x01, 0x00,
  0x00, 0x00, 0xfe, 0xd9, 0x00, 0x00, 0x00, 0x90, 0x40, 0x00, 0xfe, 0xd9, 0x00, 0x00, 0x00, 0x94,
  0x00, 0x01, 0xfe, 0xd9, 0x00, 0x00, 0x00, 0x98, 0x40, 0x01, 0xfe, 0xd9, 0x00, 0x00, 0x00, 0xa2,
  0x00, 0x02, 0xfe, 0xd9, 0x00, 0x00, 0x00, 0xa6, 0x40, 0x02, 0xfe, 0xd9, 0x00, 0x00, 0x00, 0xaa,
  0x00, 0x03, 0xfe, 0xd9, 0x00, 0x00, 0x00, 0xae, 0x40, 0x03, 0xfe, 0xd9, 0x00, 0x00, 0x00, 0xb2,
  0xff, 0x74, 0x00, 0x68, 0xa0, 0x0f, 0x02, 0x00, 0x76, 0x0f, 0x8c, 0xbf, 0x00, 0x00, 0x9a, 0xd8,
  0x00, 0x9c, 0x00, 0x00, 0x75, 0x0f, 0x8c, 0xbf, 0x00, 0x00, 0x1a, 0xd8, 0x08, 0xa0, 0x00, 0x00,
  0x7f, 0xc0, 0x8c, 0xbf, 0x00, 0x00, 0x8a, 0xbf, 0x00, 0x00, 0xc4, 0xd9, 0x33, 0x00, 0x00, 0x04,
  0x80, 0x00, 0xc4, 0xd9, 0x33, 0x00, 0x00, 0x00, 0x00, 0x00, 0xc4, 0xd9, 0x32, 0x00, 0x00, 0x06,
  0x84, 0x4a, 0x04, 0x20, 0x90, 0x04, 0x06, 0x28, 0xa0, 0x04, 0x12, 0x28, 0xb0, 0x04, 0x14, 0x28,
  0x1c, 0x00, 0x85, 0xd2, 0x02, 0x35, 0x00, 0x00, 0x22, 0x00, 0x85, 0xd2, 0x03, 0x35, 0x00, 0x00,
  0x23, 0x00, 0x85, 0xd2, 0x09, 0x35, 0x00, 0x00, 0x25, 0x00, 0x85, 0xd2, 0x0a, 0x35, 0x00, 0x00,
  0x21, 0x1a, 0x00, 0x92, 0x00, 0x9f, 0x01, 0x90, 0x00, 0x81, 0x80, 0x8e, 0x0c, 0x00, 0x0c, 0x80,
  0x0d, 0x01, 0x05, 0x82, 0x1a, 0x86, 0x00, 0x8e, 0x00, 0x9f, 0x01, 0x90, 0x00, 0x81, 0x80, 0x8e,
  0x0c, 0x00, 0x08, 0x80, 0x05, 0x01, 0x03, 0x82, 0x08, 0x00, 0x04, 0x80, 0x03, 0x01, 0x02, 0x82,
  0x04, 0x00, 0x00, 0x80, 0x02, 0x01, 0x01, 0x82, 0x7f, 0xc0, 0x8c, 0xbf, 0x00, 0x00, 0xac, 0xd3,
  0x06, 0x09, 0x02, 0x00, 0x64, 0x8c, 0xad, 0xd3, 0x90, 0x01, 0x13, 0x86, 0x00, 0x18, 0xac, 0xd3,
  0x06, 0x09, 0x02, 0x00, 0x64, 0x8c, 0xad, 0xd3, 0x94, 0x09, 0x93, 0x85, 0x00, 0x00, 0xac, 0xd3,
  0x06, 0x09, 0x02, 0x08, 0x68, 0x8c, 0xad, 0xd3, 0x98, 0x01, 0x33, 0x86, 0x00, 0x18, 0xac, 0xd3,
  0x06, 0x09, 0x02, 0x08, 0x68, 0x8c, 0xad, 0xd3, 0xa2, 0x09, 0xa3, 0x85, 0x00, 0x00, 0xac, 0xd3,
  0x07, 0x09, 0x02, 0x00, 0x6c, 0x8c, 0xad, 0xd3, 0xa6, 0x01, 0x43, 0x86, 0x00, 0x18, 0xac, 0xd3,
  0x07, 0x09, 0x02, 0x00, 0x6c, 0x8c, 0xad, 0xd3, 0xaa, 0x09, 0xb3, 0x85, 0x00, 0x00, 0xac, 0xd3,
  0x07, 0x09, 0x02, 0x08, 0x70, 0x8c, 0xad, 0xd3, 0xae, 0x01, 0x63, 0x86, 0x00, 0x18, 0xac, 0xd3,
  0x07, 0x09, 0x02, 0x08, 0x70, 0x8c, 0xad, 0xd3, 0xb2, 0x09, 0xc3, 0x85, 0x00, 0x00, 0xac, 0xd3,
  0x06, 0x09, 0x02, 0x10, 0x74, 0x8c, 0xad, 0xd3, 0x90, 0x11, 0x03, 0x86, 0x00, 0x18, 0xac, 0xd3,
  0x06, 0x09, 0x02, 0x10, 0x74, 0x8c, 0xad, 0xd3, 0x94, 0x19, 0xd3, 0x85, 0x00, 0x00, 0xac, 0xd3,
  0x06, 0x09, 0x02, 0x18, 0x78, 0x8c, 0xad, 0xd3, 0x98, 0x11, 0x23, 0x86, 0x00, 0x18, 0xac, 0xd3,
  0x06, 0x09, 0x02, 0x18, 0x78, 0x8c, 0xad, 0xd3, 0xa2, 0x19, 0xe3, 0x85, 0x00, 0x00, 0xac, 0xd3,
  0x07, 0x09, 0x02, 0x10, 0x80, 0x8c, 0xad, 0xd3, 0xa6, 0x11, 0x53, 0x86, 0x00, 0x18, 0xac, 0xd3,
  0x07, 0x09, 0x02, 0x10, 0x80, 0x8c, 0xad, 0xd3, 0xaa, 0x19, 0x03, 0x86, 0x00, 0x00, 0xac, 0xd3,
  0x07, 0x09, 0x02, 0x18, 0x84, 0x8c, 0xad, 0xd3, 0xae, 0x11, 0x73, 0x86, 0x00, 0x18, 0xac, 0xd3,
  0x07, 0x09, 0x02, 0x18, 0x84, 0x8c, 0xad, 0xd3, 0xb2, 0x19, 0x13, 0x86, 0x71, 0x00, 0x8c, 0xbf,
  0x00, 0x00, 0x8a, 0xbf, 0xff, 0x70, 0x04, 0x68, 0xc0, 0xcd, 0x01, 0x00, 0x00, 0x00, 0xfe, 0xd9,
  0x02, 0x00, 0x00, 0x2a, 0x40, 0x00, 0xfe, 0xd9, 0x02, 0x00, 0x00, 0x2e, 0x00, 0x01, 0xfe, 0xd9,
  0x02, 0x00, 0x00, 0x34, 0x40, 0x01, 0xfe, 0xd9, 0x02, 0x00, 0x00, 0x38, 0x00, 0x02, 0xfe, 0xd9,
  0x02, 0x00, 0x00, 0x3c, 0x40, 0x02, 0xfe, 0xd9, 0x02, 0x00, 0x00, 0x40, 0x00, 0x03, 0xfe, 0xd9,
  0x02, 0x00, 0x00, 0x44, 0x40, 0x03, 0xfe, 0xd9, 0x02, 0x00, 0x00, 0x48, 0x70, 0x0f, 0x8c, 0xbf,
  0x00, 0x00, 0x1a, 0xd8, 0x08, 0xa1, 0x00, 0x00, 0x7f, 0xc0, 0x8c, 0xbf, 0x00, 0x00, 0x8a, 0xbf,
  0x00, 0x00, 0xc4, 0xd9, 0x32, 0x00, 0x00, 0x02, 0x00, 0x00, 0xac, 0xd3, 0x06, 0x0b, 0x02, 0x00,
  0x88, 0x8c, 0xad, 0xd3, 0x90, 0xc9, 0x82, 0x86, 0x00, 0x18, 0xac, 0xd3, 0x06, 0x0b, 0x02, 0x00,
  0x88, 0x8c, 0xad, 0xd3, 0x94, 0xd1, 0x22, 0x86, 0x00, 0x00, 0xac, 0xd3, 0x06, 0x0b, 0x02, 0x08,
  0x8c, 0x8c, 0xad, 0xd3, 0x98, 0xc9, 0x92, 0x86, 0x00, 0x18, 0xac, 0xd3, 0x06, 0x0b, 0x02, 0x08,
  0x8c, 0x8c, 0xad, 0xd3, 0xa2, 0xd1, 0x32, 0x86, 0x00, 0x00, 0xac, 0xd3, 0x07, 0x0b, 0x02, 0x00,
  0x90, 0x8c, 0xad, 0xd3, 0xa6, 0xc9, 0xa2, 0x86, 0x00, 0x18, 0xac, 0xd3, 0x07, 0x0b, 0x02, 0x00,
  0x90, 0x8c, 0xad, 0xd3, 0xaa, 0xd1, 0x42, 0x86, 0x00, 0x00, 0xac, 0xd3, 0x07, 0x0b, 0x02, 0x08,
  0x94, 0x8c, 0xad, 0xd3, 0xae, 0xc9, 0xb2, 0x86, 0x00, 0x18, 0xac, 0xd3, 0x07, 0x0b, 0x02, 0x08,
  0x94, 0x8c, 0xad, 0xd3, 0xb2, 0xd1, 0x52, 0x86, 0x00, 0x00, 0xac, 0xd3, 0x06, 0x0b, 0x02, 0x10,
  0x98, 0x8c, 0xad, 0xd3, 0x90, 0xb9, 0xc2, 0x86, 0x00, 0x18, 0xac, 0xd3, 0x06, 0x0b, 0x02, 0x10,
  0x98, 0x8c, 0xad, 0xd3, 0x94, 0xc1, 0x62, 0x86, 0x00, 0x00, 0xac, 0xd3, 0x06, 0x0b, 0x02, 0x18,
  0x9c, 0x8c, 0xad, 0xd3, 0x98, 0xb9, 0xd2, 0x86, 0x00, 0x18, 0xac, 0xd3, 0x06, 0x0b, 0x02, 0x18,
  0x9c, 0x8c, 0xad, 0xd3, 0xa2, 0xc1, 0x72, 0x86, 0x00, 0x00, 0xac, 0xd3, 0x07, 0x0b, 0x02, 0x10,
  0xa0, 0x8c, 0xad, 0xd3, 0xa6, 0xb9, 0xe2, 0x86, 0x00, 0x18, 0xac, 0xd3, 0x07, 0x0b, 0x02, 0x10,
  0xa0, 0x8c, 0xad, 0xd3, 0xaa, 0xc1, 0x82, 0x86, 0x00, 0x00, 0xac, 0xd3, 0x07, 0x0b, 0x02, 0x18,
  0xa4, 0x8c, 0xad, 0xd3, 0xae, 0xb9, 0xf2, 0x86, 0x00, 0x18, 0xac, 0xd3, 0x07, 0x0b, 0x02, 0x18,
  0xa4, 0x8c, 0xad, 0xd3, 0xb2, 0xc1, 0x92, 0x86, 0x08, 0x40, 0xd8, 0xd3, 0x64, 0x01, 0x00, 0x18,
  0x09, 0x40, 0xd8, 0xd3, 0x65, 0x01, 0x00, 0x18, 0x0a, 0x00, 0x68, 0xd2, 0x08, 0x13, 0x02, 0x00,
  0x08, 0x40, 0xd8, 0xd3, 0x66, 0x01, 0x00, 0x18, 0x09, 0x40, 0xd8, 0xd3, 0x67, 0x01, 0x00, 0x18,
  0x0b, 0x00, 0x68, 0xd2, 0x08, 0x13, 0x02, 0x00, 0x08, 0x40, 0xd8, 0xd3, 0x68, 0x01, 0x00, 0x18,
  0x09, 0x40, 0xd8, 0xd3, 0x69, 0x01, 0x00, 0x18, 0x0e, 0x00, 0x68, 0xd2, 0x08, 0x13, 0x02, 0x00,
  0x08, 0x40, 0xd8, 0xd3, 0x6a, 0x01, 0x00, 0x18, 0x09, 0x40, 0xd8, 0xd3, 0x6b, 0x01, 0x00, 0x18,
  0x0f, 0x00, 0x68, 0xd2, 0x08, 0x13, 0x02, 0x00, 0x08, 0x40, 0xd8, 0xd3, 0x6c, 0x01, 0x00, 0x18,
  0x09, 0x40, 0xd8, 0xd3, 0x6d, 0x01, 0x00, 0x18, 0x6c, 0x00, 0x68, 0xd2, 0x08, 0x13, 0x02, 0x00,
  0x08, 0x40, 0xd8, 0xd3, 0x6e, 0x01, 0x00, 0x18, 0x09, 0x40, 0xd8, 0xd3, 0x6f, 0x01, 0x00, 0x18,
  0x6d, 0x00, 0x68, 0xd2, 0x08, 0x13, 0x02, 0x00, 0x08, 0x40, 0xd8, 0xd3, 0x70, 0x01, 0x00, 0x18,
  0x09, 0x40, 0xd8, 0xd3, 0x71, 0x01, 0x00, 0x18, 0x70, 0x00, 0x68, 0xd2, 0x08, 0x13, 0x02, 0x00,
  0x08, 0x40, 0xd8, 0xd3, 0x72, 0x01, 0x00, 0x18, 0x09, 0x40, 0xd8, 0xd3, 0x73, 0x01, 0x00, 0x18,
  0x71, 0x00, 0x68, 0xd2, 0x08, 0x13, 0x02, 0x00, 0x08, 0x40, 0xd8, 0xd3, 0x74, 0x01, 0x00, 0x18,
  0x09, 0x40, 0xd8, 0xd3, 0x75, 0x01, 0x00, 0x18, 0x0c, 0x00, 0x68, 0xd2, 0x08, 0x13, 0x02, 0x00,
  0x08, 0x40, 0xd8, 0xd3, 0x76, 0x01, 0x00, 0x18, 0x09, 0x40, 0xd8, 0xd3, 0x77, 0x01, 0x00, 0x18,
  0x0d, 0x00, 0x68, 0xd2, 0x08, 0x13, 0x02, 0x00, 0x08, 0x40, 0xd8, 0xd3, 0x78, 0x01, 0x00, 0x18,
  0x09, 0x40, 0xd8, 0xd3, 0x79, 0x01, 0x00, 0x18, 0x10, 0x00, 0x68, 0xd2, 0x08, 0x13, 0x02, 0x00,
  0x08, 0x40, 0xd8, 0xd3, 0x7a, 0x01, 0x00, 0x18, 0x09, 0x40, 0xd8, 0xd3, 0x7b, 0x01, 0x00, 0x18,
  0x11, 0x00, 0x68, 0xd2, 0x08, 0x13, 0x02, 0x00, 0x08, 0x40, 0xd8, 0xd3, 0x80, 0x01, 0x00, 0x18,
  0x09, 0x40, 0xd8, 0xd3, 0x81, 0x01, 0x00, 0x18, 0x6e, 0x00, 0x68, 0xd2, 0x08, 0x13, 0x02, 0x00,
  0x08, 0x40, 0xd8, 0xd3, 0x82, 0x01, 0x00, 0x18, 0x09, 0x40, 0xd8, 0xd3, 0x83, 0x01, 0x00, 0x18,
  0x6f, 0x00, 0x68, 0xd2, 0x08, 0x13, 0x02, 0x00, 0x08, 0x40, 0xd8, 0xd3, 0x84, 0x01, 0x00, 0x18,
  0x09, 0x40, 0xd8, 0xd3, 0x85, 0x01, 0x00, 0x18, 0x72, 0x00, 0x68, 0xd2, 0x08, 0x13, 0x02, 0x00,
  0x08, 0x40, 0xd8, 0xd3, 0x86, 0x01, 0x00, 0x18, 0x09, 0x40, 0xd8, 0xd3, 0x87, 0x01, 0x00, 0x18,
  0x73, 0x00, 0x68, 0xd2, 0x08, 0x13, 0x02, 0x00, 0x88, 0x48, 0x10, 0x24, 0xff, 0x3a, 0x64, 0x26,
  0x70, 0x00, 0x00, 0x00, 0x81, 0x48, 0x66, 0x26, 0x8c, 0x66, 0x12, 0x24, 0x90, 0x48, 0x48, 0x26,
  0x84, 0x48, 0xe8, 0x24, 0x00, 0x2e, 0x06, 0xb0, 0x08, 0x00, 0x01, 0xd2, 0x08, 0x0d, 0x24, 0x04,
  0xff, 0x02, 0x12, 0x7e, 0x70, 0x00, 0x00, 0x00, 0x09, 0x07, 0x34, 0xd2, 0x17, 0x3a, 0x26, 0x0c,
  0x1d, 0x00, 0x02, 0xd2, 0x74, 0x11, 0x26, 0x04, 0x16, 0x3a, 0xe8, 0x28, 0x80, 0xe8, 0x10, 0x68,
  0x00, 0x00, 0xbe, 0xd9, 0x08, 0x0a, 0x00, 0x00, 0x09, 0x00, 0xf3, 0xd1, 0x74, 0x41, 0x01, 0x02,
  0x00, 0x00, 0xbe, 0xd9, 0x09, 0x0e, 0x00, 0x00, 0x0a, 0x00, 0xf3, 0xd1, 0x74, 0x81, 0x01, 0x02,
  0x00, 0x00, 0xbe, 0xd9, 0x0a, 0x6c, 0x00, 0x00, 0x60, 0x00, 0x06, 0xb0, 0x16, 0x02, 0x16, 0x7e,
  0x0b, 0x06, 0x34, 0xd2, 0x1d, 0x0d, 0x2c, 0xc4, 0x80, 0x16, 0x16, 0x68, 0x00, 0x00, 0xbe, 0xd9,
  0x0b, 0x70, 0x00, 0x00, 0x7f, 0xc0, 0x8c, 0xbf, 0x00, 0x00, 0x8a, 0xbf, 0x84, 0x34, 0x18, 0x24,
  0x81, 0x34, 0x1a, 0x20, 0x88, 0x48, 0x1c, 0x24, 0x0c, 0x06, 0x34, 0xd2, 0x0c, 0x1b, 0xca, 0xc4,
  0x0d, 0x00, 0xfd, 0xd1, 0x33, 0x1b, 0x01, 0x02, 0x0c, 0x00, 0xff, 0xd1, 0x0d, 0x1d, 0x32, 0x04,
  0x00, 0x00, 0xfe, 0xd9, 0x0c, 0x00, 0x00, 0x6c, 0x00, 0x01, 0xfe, 0xd9, 0x0c, 0x00, 0x00, 0x72,
  0x80, 0x00, 0xfe, 0xd9, 0x0c, 0x00, 0x00, 0x76, 0x80, 0x01, 0xfe, 0xd9, 0x0c, 0x00, 0x00, 0x7c,
  0x05, 0xff, 0x0d, 0x86, 0xff, 0xff, 0x00, 0x00, 0xff, 0x00, 0x8f, 0xbe, 0x00, 0x70, 0x02, 0x00,
  0xff, 0x00, 0x8e, 0xbe, 0xfe, 0xff, 0xff, 0x7f, 0x7f, 0xc3, 0x8c, 0xbf, 0x6c, 0x03, 0xe0, 0x7e,
  0x6d, 0x03, 0xe2, 0x7e, 0x0d, 0x00, 0xfe, 0xd1, 0x1c, 0x37, 0x06, 0x02, 0x7f, 0xc2, 0x8c, 0xbf,
  0x00, 0x10, 0x7c, 0xe0, 0x0d, 0x70, 0x03, 0x80, 0x7f, 0xc1, 0x8c, 0xbf, 0x76, 0x03, 0xf4, 0x7e,
  0x77, 0x03, 0xf6, 0x7e, 0x0e, 0x00, 0xfe, 0xd1, 0x22, 0x37, 0x06, 0x02, 0x7f, 0xc0, 0x8c, 0xbf,
  0x00, 0x10, 0x7c, 0xe0, 0x0e, 0x7a, 0x03, 0x80, 0x74, 0x03, 0xe0, 0x7e, 0x75, 0x03, 0xe2, 0x7e,
  0x0f, 0x00, 0xfe, 0xd1, 0x23, 0x37, 0x06, 0x02, 0x00, 0x10, 0x7c, 0xe0, 0x0f, 0x6e, 0x03, 0x80,
  0x7e, 0x03, 0xf4, 0x7e, 0x7f, 0x03, 0xf6, 0x7e, 0x10, 0x00, 0xfe, 0xd1, 0x25, 0x37, 0x06, 0x02,
  0x00, 0x10, 0x7c, 0xe0, 0x10, 0x78, 0x03, 0x80, 0x64, 0x40, 0xd9, 0xd3, 0xc6, 0x01, 0x00, 0x18,
  0x65, 0x40, 0xd9, 0xd3, 0xc7, 0x01, 0x00, 0x18, 0x66, 0x40, 0xd9, 0xd3, 0xc8, 0x01, 0x00, 0x18,
  0x67, 0x40, 0xd9, 0xd3, 0xc9, 0x01, 0x00, 0x18, 0x01, 0x00, 0x80, 0xbf, 0x00, 0x00, 0xac, 0xd3,
  0x06, 0x01, 0x02, 0x00, 0x64, 0x8c, 0xad, 0xd3, 0x90, 0xa9, 0x92, 0x85, 0x00, 0x18, 0xac, 0xd3,
  0x06, 0x01, 0x02, 0x00, 0x64, 0x8c, 0xad, 0xd3, 0x94, 0xb1, 0x92, 0x85, 0x68, 0x40, 0xd9, 0xd3,
  0xca, 0x01, 0x00, 0x18, 0x69, 0x40, 0xd9, 0xd3, 0xcb, 0x01, 0x00, 0x18, 0x6a, 0x40, 0xd9, 0xd3,
  0xcc, 0x01, 0x00, 0x18, 0x6b, 0x40, 0xd9, 0xd3, 0xcd, 0x01, 0x00, 0x18, 0x01, 0x00, 0x80, 0xbf,
  0x00, 0x00, 0xac, 0xd3, 0x06, 0x01, 0x02, 0x08, 0x68, 0x8c, 0xad, 0xd3, 0x98, 0xa9, 0xa2, 0x85,
  0x00, 0x18, 0xac, 0xd3, 0x06, 0x01, 0x02, 0x08, 0x68, 0x8c, 0xad, 0xd3, 0xa2, 0xb1, 0xa2, 0x85,
  0x00, 0x00, 0xac, 0xd3, 0x07, 0x01, 0x02, 0x00, 0x6c, 0x8c, 0xad, 0xd3, 0xa6, 0xa9, 0x32, 0x87,
  0x00, 0x18, 0xac, 0xd3, 0x07, 0x01, 0x02, 0x00, 0x6c, 0x8c, 0xad, 0xd3, 0xaa, 0xb1, 0xb2, 0x85,
  0x00, 0x00, 0xac, 0xd3, 0x07, 0x01, 0x02, 0x08, 0x70, 0x8c, 0xad, 0xd3, 0xae, 0xa9, 0x52, 0x87,
  0x00, 0x18, 0xac, 0xd3, 0x07, 0x01, 0x02, 0x08, 0x70, 0x8c, 0xad, 0xd3, 0xb2, 0xb1, 0xc2, 0x85,
  0x00, 0x00, 0xac, 0xd3, 0x06, 0x01, 0x02, 0x10, 0x74, 0x8c, 0xad, 0xd3, 0x90, 0x99, 0x02, 0x87,
  0x00, 0x18, 0xac, 0xd3, 0x06, 0x01, 0x02, 0x10, 0x74, 0x8c, 0xad, 0xd3, 0x94, 0xa1, 0xd2, 0x85,
  0x00, 0x00, 0xac, 0xd3, 0x06, 0x01, 0x02, 0x18, 0x78, 0x8c, 0xad, 0xd3, 0x98, 0x99, 0x22, 0x87,
  0x00, 0x18, 0xac, 0xd3, 0x06, 0x01, 0x02, 0x18, 0x78, 0x8c, 0xad, 0xd3, 0xa2, 0xa1, 0xe2, 0x85,
  0x00, 0x00, 0xac, 0xd3, 0x07, 0x01, 0x02, 0x10, 0x80, 0x8c, 0xad, 0xd3, 0xa6, 0x99, 0x12, 0x87,
  0x00, 0x18, 0xac, 0xd3, 0x07, 0x01, 0x02, 0x10, 0x80, 0x8c, 0xad, 0xd3, 0xaa, 0xa1, 0x02, 0x86,
  0x00, 0x00, 0xac, 0xd3, 0x07, 0x01, 0x02, 0x18, 0x84, 0x8c, 0xad, 0xd3, 0xae, 0x99, 0x72, 0x87,
  0x00, 0x18, 0xac, 0xd3, 0x07, 0x01, 0x02, 0x18, 0x84, 0x8c, 0xad, 0xd3, 0xb2, 0xa1, 0x12, 0x86,
  0x1a, 0x40, 0xd8, 0xd3, 0x88, 0x01, 0x00, 0x18, 0x11, 0x40, 0xd8, 0xd3, 0x89, 0x01, 0x00, 0x18,
  0x1a, 0x00, 0x68, 0xd2, 0x1a, 0x23, 0x02, 0x00, 0x1c, 0x40, 0xd8, 0xd3, 0x8a, 0x01, 0x00, 0x18,
  0x11, 0x40, 0xd8, 0xd3, 0x8b, 0x01, 0x00, 0x18, 0x1b, 0x00, 0x68, 0xd2, 0x1c, 0x23, 0x02, 0x00,
  0x1c, 0x40, 0xd8, 0xd3, 0x8c, 0x01, 0x00, 0x18, 0x11, 0x40, 0xd8, 0xd3, 0x8d, 0x01, 0x00, 0x18,
  0x22, 0x00, 0x68, 0xd2, 0x1c, 0x23, 0x02, 0x00, 0x1c, 0x40, 0xd8, 0xd3, 0x8e, 0x01, 0x00, 0x18,
  0x11, 0x40, 0xd8, 0xd3, 0x8f, 0x01, 0x00, 0x18, 0x23, 0x00, 0x68, 0xd2, 0x1c, 0x23, 0x02, 0x00,
  0x1c, 0x40, 0xd8, 0xd3, 0x90, 0x01, 0x00, 0x18, 0x11, 0x40, 0xd8, 0xd3, 0x91, 0x01, 0x00, 0x18,
  0x6c, 0x00, 0x68, 0xd2, 0x1c, 0x23, 0x02, 0x00, 0x1c, 0x40, 0xd8, 0xd3, 0x92, 0x01, 0x00, 0x18,
  0x11, 0x40, 0xd8, 0xd3, 0x93, 0x01, 0x00, 0x18, 0x6d, 0x00, 0x68, 0xd2, 0x1c, 0x23, 0x02, 0x00,
  0x1c, 0x40, 0xd8, 0xd3, 0x94, 0x01, 0x00, 0x18, 0x11, 0x40, 0xd8, 0xd3, 0x95, 0x01, 0x00, 0x18,
  0x70, 0x00, 0x68, 0xd2, 0x1c, 0x23, 0x02, 0x00, 0x1c, 0x40, 0xd8, 0xd3, 0x96, 0x01, 0x00, 0x18,
  0x11, 0x40, 0xd8, 0xd3, 0x97, 0x01, 0x00, 0x18, 0x71, 0x00, 0x68, 0xd2, 0x1c, 0x23, 0x02, 0x00,
  0x1c, 0x40, 0xd8, 0xd3, 0x98, 0x01, 0x00, 0x18, 0x11, 0x40, 0xd8, 0xd3, 0x99, 0x01, 0x00, 0x18,
  0x1c, 0x00, 0x68, 0xd2, 0x1c, 0x23, 0x02, 0x00, 0x24, 0x40, 0xd8, 0xd3, 0x9a, 0x01, 0x00, 0x18,
  0x11, 0x40, 0xd8, 0xd3, 0x9b, 0x01, 0x00, 0x18, 0x1d, 0x00, 0x68, 0xd2, 0x24, 0x23, 0x02, 0x00,
  0x24, 0x40, 0xd8, 0xd3, 0x9c, 0x01, 0x00, 0x18, 0x11, 0x40, 0xd8, 0xd3, 0x9d, 0x01, 0x00, 0x18,
  0x24, 0x00, 0x68, 0xd2, 0x24, 0x23, 0x02, 0x00, 0x32, 0x40, 0xd8, 0xd3, 0x9e, 0x01, 0x00, 0x18,
  0x11, 0x40, 0xd8, 0xd3, 0x9f, 0x01, 0x00, 0x18, 0x25, 0x00, 0x68, 0xd2, 0x32, 0x23, 0x02, 0x00,
  0x32, 0x40, 0xd8, 0xd3, 0xa0, 0x01, 0x00, 0x18, 0x11, 0x40, 0xd8, 0xd3, 0xa1, 0x01, 0x00, 0x18,
  0x6e, 0x00, 0x68, 0xd2, 0x32, 0x23, 0x02, 0x00, 0x32, 0x40, 0xd8, 0xd3, 0xa2, 0x01, 0x00, 0x18,
  0x11, 0x40, 0xd8, 0xd3, 0xa3, 0x01, 0x00, 0x18, 0x6f, 0x00, 0x68, 0xd2, 0x32, 0x23, 0x02, 0x00,
  0x32, 0x40, 0xd8, 0xd3, 0xa4, 0x01, 0x00, 0x18, 0x11, 0x40, 0xd8, 0xd3, 0xa5, 0x01, 0x00, 0x18,
  0x72, 0x00, 0x68, 0xd2, 0x32, 0x23, 0x02, 0x00, 0x32, 0x40, 0xd8, 0xd3, 0xa6, 0x01, 0x00, 0x18,
  0x11, 0x40, 0xd8, 0xd3, 0xa7, 0x01, 0x00, 0x18, 0x73, 0x00, 0x68, 0xd2, 0x32, 0x23, 0x02, 0x00,
  0x7f, 0xc0, 0x8c, 0xbf, 0x00, 0x00, 0x8a, 0xbf, 0x00, 0x00, 0xbe, 0xd9, 0x08, 0x1a, 0x00, 0x00,
  0x00, 0x00, 0xbe, 0xd9, 0x09, 0x22, 0x00, 0x00, 0x00, 0x00, 0xbe, 0xd9, 0x0a, 0x6c, 0x00, 0x00,
  0x00, 0x00, 0xbe, 0xd9, 0x0b, 0x70, 0x00, 0x00, 0x7f, 0xc0, 0x8c, 0xbf, 0x00, 0x00, 0x8a, 0xbf,
  0x00, 0x00, 0xfe, 0xd9, 0x0c, 0x00, 0x00, 0x6c, 0x00, 0x01, 0xfe, 0xd9, 0x0c, 0x00, 0x00, 0x72,
  0x80, 0x00, 0xfe, 0xd9, 0x0c, 0x00, 0x00, 0x76, 0x80, 0x01, 0xfe, 0xd9, 0x0c, 0x00, 0x00, 0x7c,
  0x03, 0xff, 0x09, 0x86, 0xff, 0xff, 0x00, 0x00, 0x0e, 0x00, 0x8a, 0xbe, 0x0f, 0x00, 0x8b, 0xbe,
  0x7f, 0xc3, 0x8c, 0xbf, 0x6c, 0x03, 0xe0, 0x7e, 0x6d, 0x03, 0xe2, 0x7e, 0x7f, 0xc2, 0x8c, 0xbf,
  0x00, 0x10, 0x7c, 0xe0, 0x0d, 0x70, 0x02, 0x80, 0x7f, 0xc1, 0x8c, 0xbf, 0x76, 0x03, 0xf4, 0x7e,
  0x77, 0x03, 0xf6, 0x7e, 0x7f, 0xc0, 0x8c, 0xbf, 0x00, 0x10, 0x7c, 0xe0, 0x0e, 0x7a, 0x02, 0x80,
  0x74, 0x03, 0xe0, 0x7e, 0x75, 0x03, 0xe2, 0x7e, 0x00, 0x10, 0x7c, 0xe0, 0x0f, 0x6e, 0x02, 0x80,
  0x7e, 0x03, 0xf4, 0x7e, 0x7f, 0x03, 0xf6, 0x7e, 0x00, 0x10, 0x7c, 0xe0, 0x10, 0x78, 0x02, 0x80,
  0x00, 0x00, 0xac, 0xd3, 0x06, 0x03, 0x02, 0x00, 0x88, 0x8c, 0xad, 0xd3, 0x90, 0x3d, 0x82, 0x87,
  0x00, 0x18, 0xac, 0xd3, 0x06, 0x03, 0x02, 0x00, 0x88, 0x8c, 0xad, 0xd3, 0x94, 0x4d, 0x22, 0x86,
  0x00, 0x00, 0xac, 0xd3, 0x06, 0x03, 0x02, 0x08, 0x8c, 0x8c, 0xad, 0xd3, 0x98, 0x3d, 0xa2, 0x87,
  0x00, 0x18, 0xac, 0xd3, 0x06, 0x03, 0x02, 0x08, 0x8c, 0x8c, 0xad, 0xd3, 0xa2, 0x4d, 0x32, 0x86,
  0x00, 0x00, 0xac, 0xd3, 0x07, 0x03, 0x02, 0x00, 0x90, 0x8c, 0xad, 0xd3, 0xa6, 0x3d, 0xc2, 0x87,
  0x00, 0x18, 0xac, 0xd3, 0x07, 0x03, 0x02, 0x00, 0x90, 0x8c, 0xad, 0xd3, 0xaa, 0x4d, 0x42, 0x86,
  0x94, 0x40, 0xd9, 0xd3, 0xc2, 0x01, 0x00, 0x18, 0x95, 0x40, 0xd9, 0xd3, 0xc3, 0x01, 0x00, 0x18,
  0x96, 0x40, 0xd9, 0xd3, 0xc4, 0x01, 0x00, 0x18, 0x97, 0x40, 0xd9, 0xd3, 0xc5, 0x01, 0x00, 0x18,
  0x01, 0x00, 0x80, 0xbf, 0x00, 0x00, 0xac, 0xd3, 0x07, 0x03, 0x02, 0x08, 0x94, 0x8c, 0xad, 0xd3,
  0xae, 0x3d, 0x52, 0x86, 0x00, 0x18, 0xac, 0xd3, 0x07, 0x03, 0x02, 0x08, 0x94, 0x8c, 0xad, 0xd3,
  0xb2, 0x4d, 0x52, 0x86, 0x00, 0x00, 0xac, 0xd3, 0x06, 0x03, 0x02, 0x10, 0x98, 0x8c, 0xad, 0xd3,
  0x90, 0x25, 0xe2, 0x87, 0x00, 0x18, 0xac, 0xd3, 0x06, 0x03, 0x02, 0x10, 0x98, 0x8c, 0xad, 0xd3,
  0x94, 0x2d, 0x62, 0x86, 0x00, 0x00, 0xac, 0xd3, 0x06, 0x03, 0x02, 0x18, 0x9c, 0x8c, 0xad, 0xd3,
  0x98, 0x25, 0x42, 0x87, 0x00, 0x18, 0xac, 0xd3, 0x06, 0x03, 0x02, 0x18, 0x9c, 0x8c, 0xad, 0xd3,
  0xa2, 0x2d, 0x72, 0x86, 0x00, 0x00, 0xac, 0xd3, 0x07, 0x03, 0x02, 0x10, 0xa0, 0x8c, 0xad, 0xd3,
  0xa6, 0x25, 0x92, 0x87, 0x00, 0x18, 0xac, 0xd3, 0x07, 0x03, 0x02, 0x10, 0xa0, 0x8c, 0xad, 0xd3,
  0xaa, 0x2d, 0x82, 0x86, 0x00, 0x00, 0xac, 0xd3, 0x07, 0x03, 0x02, 0x18, 0xa4, 0x8c, 0xad, 0xd3,
  0xae, 0x25, 0x62, 0x87, 0x00, 0x18, 0xac, 0xd3, 0x07, 0x03, 0x02, 0x18, 0xa4, 0x8c, 0xad, 0xd3,
  0xb2, 0x2d, 0x92, 0x86, 0x06, 0x40, 0xd8, 0xd3, 0x64, 0x01, 0x00, 0x18, 0x07, 0x40, 0xd8, 0xd3,
  0x65, 0x01, 0x00, 0x18, 0x1a, 0x00, 0x68, 0xd2, 0x06, 0x0f, 0x02, 0x00, 0x06, 0x40, 0xd8, 0xd3,
  0x66, 0x01, 0x00, 0x18, 0x07, 0x40, 0xd8, 0xd3, 0x67, 0x01, 0x00, 0x18, 0x1b, 0x00, 0x68, 0xd2,
  0x06, 0x0f, 0x02, 0x00, 0x06, 0x40, 0xd8, 0xd3, 0x68, 0x01, 0x00, 0x18, 0x07, 0x40, 0xd8, 0xd3,
  0x69, 0x01, 0x00, 0x18, 0x22, 0x00, 0x68, 0xd2, 0x06, 0x0f, 0x02, 0x00, 0x06, 0x40, 0xd8, 0xd3,
  0x6a, 0x01, 0x00, 0x18, 0x07, 0x40, 0xd8, 0xd3, 0x6b, 0x01, 0x00, 0x18, 0x23, 0x00, 0x68, 0xd2,
  0x06, 0x0f, 0x02, 0x00, 0x06, 0x40, 0xd8, 0xd3, 0x6c, 0x01, 0x00, 0x18, 0x07, 0x40, 0xd8, 0xd3,
  0x6d, 0x01, 0x00, 0x18, 0x6c, 0x00, 0x68, 0xd2, 0x06, 0x0f, 0x02, 0x00, 0x06, 0x40, 0xd8, 0xd3,
  0x6e, 0x01, 0x00, 0x18, 0x07, 0x40, 0xd8, 0xd3, 0x6f, 0x01, 0x00, 0x18, 0x6d, 0x00, 0x68, 0xd2,
  0x06, 0x0f, 0x02, 0x00, 0x06, 0x40, 0xd8, 0xd3, 0x70, 0x01, 0x00, 0x18, 0x07, 0x40, 0xd8, 0xd3,
  0x71, 0x01, 0x00, 0x18, 0x70, 0x00, 0x68, 0xd2, 0x06, 0x0f, 0x02, 0x00, 0x06, 0x40, 0xd8, 0xd3,
  0x72, 0x01, 0x00, 0x18, 0x07, 0x40, 0xd8, 0xd3, 0x73, 0x01, 0x00, 0x18, 0x71, 0x00, 0x68, 0xd2,
  0x06, 0x0f, 0x02, 0x00, 0x06, 0x40, 0xd8, 0xd3, 0x74, 0x01, 0x00, 0x18, 0x07, 0x40, 0xd8, 0xd3,
  0x75, 0x01, 0x00, 0x18, 0x1c, 0x00, 0x68, 0xd2, 0x06, 0x0f, 0x02, 0x00, 0x06, 0x40, 0xd8, 0xd3,
  0x76, 0x01, 0x00, 0x18, 0x07, 0x40, 0xd8, 0xd3, 0x77, 0x01, 0x00, 0x18, 0x1d, 0x00, 0x68, 0xd2,
  0x06, 0x0f, 0x02, 0x00, 0x06, 0x40, 0xd8, 0xd3, 0x78, 0x01, 0x00, 0x18, 0x07, 0x40, 0xd8, 0xd3,
  0x79, 0x01, 0x00, 0x18, 0x24, 0x00, 0x68, 0xd2, 0x06, 0x0f, 0x02, 0x00, 0x06, 0x40, 0xd8, 0xd3,
  0x7a, 0x01, 0x00, 0x18, 0x07, 0x40, 0xd8, 0xd3, 0x7b, 0x01, 0x00, 0x18, 0x25, 0x00, 0x68, 0xd2,
  0x06, 0x0f, 0x02, 0x00, 0x06, 0x40, 0xd8, 0xd3, 0x80, 0x01, 0x00, 0x18, 0x07, 0x40, 0xd8, 0xd3,
  0x81, 0x01, 0x00, 0x18, 0x6e, 0x00, 0x68, 0xd2, 0x06, 0x0f, 0x02, 0x00, 0x06, 0x40, 0xd8, 0xd3,
  0x82, 0x01, 0x00, 0x18, 0x07, 0x40, 0xd8, 0xd3, 0x83, 0x01, 0x00, 0x18, 0x6f, 0x00, 0x68, 0xd2,
  0x06, 0x0f, 0x02, 0x00, 0x06, 0x40, 0xd8, 0xd3, 0x84, 0x01, 0x00, 0x18, 0x07, 0x40, 0xd8, 0xd3,
  0x85, 0x01, 0x00, 0x18, 0x72, 0x00, 0x68, 0xd2, 0x06, 0x0f, 0x02, 0x00, 0x06, 0x40, 0xd8, 0xd3,
  0x86, 0x01, 0x00, 0x18, 0x07, 0x40, 0xd8, 0xd3, 0x87, 0x01, 0x00, 0x18, 0x73, 0x00, 0x68, 0xd2,
  0x06, 0x0f, 0x02, 0x00, 0x7f, 0xc0, 0x8c, 0xbf, 0x00, 0x00, 0x8a, 0xbf, 0x00, 0x00, 0xbe, 0xd9,
  0x08, 0x1a, 0x00, 0x00, 0x00, 0x00, 0xbe, 0xd9, 0x09, 0x22, 0x00, 0x00, 0x00, 0x00, 0xbe, 0xd9,
  0x0a, 0x6c, 0x00, 0x00, 0x00, 0x00, 0xbe, 0xd9, 0x0b, 0x70, 0x00, 0x00, 0x7f, 0xc0, 0x8c, 0xbf,
  0x00, 0x00, 0x8a, 0xbf, 0x00, 0x00, 0xfe, 0xd9, 0x0c, 0x00, 0x00, 0x6c, 0x00, 0x01, 0xfe, 0xd9,
  0x0c, 0x00, 0x00, 0x72, 0x80, 0x00, 0xfe, 0xd9, 0x0c, 0x00, 0x00, 0x76, 0x80, 0x01, 0xfe, 0xd9,
  0x0c, 0x00, 0x00, 0x7c, 0x02, 0xff, 0x05, 0x86, 0xff, 0xff, 0x00, 0x00, 0x0e, 0x00, 0x86, 0xbe,
  0x0f, 0x00, 0x87, 0xbe, 0x7f, 0xc3, 0x8c, 0xbf, 0x6c, 0x03, 0xe0, 0x7e, 0x6d, 0x03, 0xe2, 0x7e,
  0x7f, 0xc2, 0x8c, 0xbf, 0x00, 0x10, 0x7c, 0xe0, 0x0d, 0x70, 0x01, 0x80, 0x7f, 0xc1, 0x8c, 0xbf,
  0x76, 0x03, 0xf4, 0x7e, 0x77, 0x03, 0xf6, 0x7e, 0x7f, 0xc0, 0x8c, 0xbf, 0x00, 0x10, 0x7c, 0xe0,
  0x0e, 0x7a, 0x01, 0x80, 0x74, 0x03, 0xe0, 0x7e, 0x75, 0x03, 0xe2, 0x7e, 0x00, 0x10, 0x7c, 0xe0,
  0x0f, 0x6e, 0x01, 0x80, 0x7e, 0x03, 0xf4, 0x7e, 0x7f, 0x03, 0xf6, 0x7e, 0x00, 0x10, 0x7c, 0xe0,
  0x10, 0x78, 0x01, 0x80, 0x00, 0x00, 0xac, 0xd3, 0x02, 0x09, 0x02, 0x00, 0x64, 0x8c, 0xad, 0xd3,
  0x2a, 0x01, 0xf3, 0x87, 0x00, 0x18, 0xac, 0xd3, 0x02, 0x09, 0x02, 0x00, 0x64, 0x8c, 0xad, 0xd3,
  0x2e, 0x09, 0x93, 0x85, 0x00, 0x00, 0xac, 0xd3, 0x02, 0x09, 0x02, 0x08, 0x00, 0x8c, 0xad, 0xd3,
  0x34, 0x01, 0x03, 0x84, 0x00, 0x18, 0xac, 0xd3, 0x02, 0x09, 0x02, 0x08, 0x00, 0x8c, 0xad, 0xd3,
  0x38, 0x09, 0x03, 0x84, 0x00, 0x00, 0xac, 0xd3, 0x03, 0x09, 0x02, 0x00, 0x04, 0x8c, 0xad, 0xd3,
  0x3c, 0x01, 0x13, 0x84, 0x00, 0x18, 0xac, 0xd3, 0x03, 0x09, 0x02, 0x00, 0x04, 0x8c, 0xad, 0xd3,
  0x40, 0x09, 0x13, 0x84, 0x00, 0x00, 0xac, 0xd3, 0x03, 0x09, 0x02, 0x08, 0x08, 0x8c, 0xad, 0xd3,
  0x44, 0x01, 0x23, 0x84, 0x00, 0x18, 0xac, 0xd3, 0x03, 0x09, 0x02, 0x08, 0x08, 0x8c, 0xad, 0xd3,
  0x48, 0x09, 0x23, 0x84, 0x00, 0x00, 0xac, 0xd3, 0x02, 0x09, 0x02, 0x10, 0x0c, 0x8c, 0xad, 0xd3,
  0x2a, 0x11, 0x33, 0x84, 0x00, 0x18, 0xac, 0xd3, 0x02, 0x09, 0x02, 0x10, 0x0c, 0x8c, 0xad, 0xd3,
  0x2e, 0x19, 0x33, 0x84, 0x00, 0x00, 0xac, 0xd3, 0x02, 0x09, 0x02, 0x18, 0x10, 0x8c, 0xad, 0xd3,
  0x34, 0x11, 0x43, 0x84, 0x00, 0x18, 0xac, 0xd3, 0x02, 0x09, 0x02, 0x18, 0x10, 0x8c, 0xad, 0xd3,
  0x38, 0x19, 0x43, 0x84, 0x00, 0x00, 0xac, 0xd3, 0x03, 0x09, 0x02, 0x10, 0x14, 0x8c, 0xad, 0xd3,
  0x3c, 0x11, 0x53, 0x84, 0x00, 0x18, 0xac, 0xd3, 0x03, 0x09, 0x02, 0x10, 0x14, 0x8c, 0xad, 0xd3,
  0x40, 0x19, 0x53, 0x84, 0x00, 0x00, 0xac, 0xd3, 0x03, 0x09, 0x02, 0x18, 0x18, 0x8c, 0xad, 0xd3,
  0x44, 0x11, 0x63, 0x84, 0x00, 0x18, 0xac, 0xd3, 0x03, 0x09, 0x02, 0x18, 0x18, 0x8c, 0xad, 0xd3,
  0x48, 0x19, 0x63, 0x84, 0x04, 0x40, 0xd8, 0xd3, 0x88, 0x01, 0x00, 0x18, 0x07, 0x40, 0xd8, 0xd3,
  0x89, 0x01, 0x00, 0x18, 0x1a, 0x00, 0x68, 0xd2, 0x04, 0x0f, 0x02, 0x00, 0x04, 0x40, 0xd8, 0xd3,
  0x8a, 0x01, 0x00, 0x18, 0x07, 0x40, 0xd8, 0xd3, 0x8b, 0x01, 0x00, 0x18, 0x1b, 0x00, 0x68, 0xd2,
  0x04, 0x0f, 0x02, 0x00, 0x04, 0x40, 0xd8, 0xd3, 0x8c, 0x01, 0x00, 0x18, 0x07, 0x40, 0xd8, 0xd3,
  0x8d, 0x01, 0x00, 0x18, 0x22, 0x00, 0x68, 0xd2, 0x04, 0x0f, 0x02, 0x00, 0x04, 0x40, 0xd8, 0xd3,
  0x8e, 0x01, 0x00, 0x18, 0x07, 0x40, 0xd8, 0xd3, 0x8f, 0x01, 0x00, 0x18, 0x23, 0x00, 0x68, 0xd2,
  0x04, 0x0f, 0x02, 0x00, 0x04, 0x40, 0xd8, 0xd3, 0x90, 0x01, 0x00, 0x18, 0x07, 0x40, 0xd8, 0xd3,
  0x91, 0x01, 0x00, 0x18, 0x6c, 0x00, 0x68, 0xd2, 0x04, 0x0f, 0x02, 0x00, 0x04, 0x40, 0xd8, 0xd3,
  0x92, 0x01, 0x00, 0x18, 0x07, 0x40, 0xd8, 0xd3, 0x93, 0x01, 0x00, 0x18, 0x6d, 0x00, 0x68, 0xd2,
  0x04, 0x0f, 0x02, 0x00, 0x04, 0x40, 0xd8, 0xd3, 0x94, 0x01, 0x00, 0x18, 0x07, 0x40, 0xd8, 0xd3,
  0x95, 0x01, 0x00, 0x18, 0x70, 0x00, 0x68, 0xd2, 0x04, 0x0f, 0x02, 0x00, 0x04, 0x40, 0xd8, 0xd3,
  0x96, 0x01, 0x00, 0x18, 0x07, 0x40, 0xd8, 0xd3, 0x97, 0x01, 0x00, 0x18, 0x71, 0x00, 0x68, 0xd2,
  0x04, 0x0f, 0x02, 0x00, 0x04, 0x40, 0xd8, 0xd3, 0x98, 0x01, 0x00, 0x18, 0x07, 0x40, 0xd8, 0xd3,
  0x99, 0x01, 0x00, 0x18, 0x1c, 0x00, 0x68, 0xd2, 0x04, 0x0f, 0x02, 0x00, 0x04, 0x40, 0xd8, 0xd3,
  0x9a, 0x01, 0x00, 0x18, 0x07, 0x40, 0xd8, 0xd3, 0x9b, 0x01, 0x00, 0x18, 0x1d, 0x00, 0x68, 0xd2,
  0x04, 0x0f, 0x02, 0x00, 0x04, 0x40, 0xd8, 0xd3, 0x9c, 0x01, 0x00, 0x18, 0x07, 0x40, 0xd8, 0xd3,
  0x9d, 0x01, 0x00, 0x18, 0x24, 0x00, 0x68, 0xd2, 0x04, 0x0f, 0x02, 0x00, 0x04, 0x40, 0xd8, 0xd3,
  0x9e, 0x01, 0x00, 0x18, 0x07, 0x40, 0xd8, 0xd3, 0x9f, 0x01, 0x00, 0x18, 0x25, 0x00, 0x68, 0xd2,
  0x04, 0x0f, 0x02, 0x00, 0x04, 0x40, 0xd8, 0xd3, 0xa0, 0x01, 0x00, 0x18, 0x07, 0x40, 0xd8, 0xd3,
  0xa1, 0x01, 0x00, 0x18, 0x6e, 0x00, 0x68, 0xd2, 0x04, 0x0f, 0x02, 0x00, 0x04, 0x40, 0xd8, 0xd3,
  0xa2, 0x01, 0x00, 0x18, 0x07, 0x40, 0xd8, 0xd3, 0xa3, 0x01, 0x00, 0x18, 0x6f, 0x00, 0x68, 0xd2,
  0x04, 0x0f, 0x02, 0x00, 0x04, 0x40, 0xd8, 0xd3, 0xa4, 0x01, 0x00, 0x18, 0x07, 0x40, 0xd8, 0xd3,
  0xa5, 0x01, 0x00, 0x18, 0x72, 0x00, 0x68, 0xd2, 0x04, 0x0f, 0x02, 0x00, 0x04, 0x40, 0xd8, 0xd3,
  0xa6, 0x01, 0x00, 0x18, 0x07, 0x40, 0xd8, 0xd3, 0xa7, 0x01, 0x00, 0x18, 0x73, 0x00, 0x68, 0xd2,
  0x04, 0x0f, 0x02, 0x00, 0x7f, 0xc0, 0x8c, 0xbf, 0x00, 0x00, 0x8a, 0xbf, 0x00, 0x00, 0xbe, 0xd9,
  0x08, 0x1a, 0x00, 0x00, 0x00, 0x00, 0xbe, 0xd9, 0x09, 0x22, 0x00, 0x00, 0x00, 0x00, 0xbe, 0xd9,
  0x0a, 0x6c, 0x00, 0x00, 0x00, 0x00, 0xbe, 0xd9, 0x0b, 0x70, 0x00, 0x00, 0x7f, 0xc0, 0x8c, 0xbf,
  0x00, 0x00, 0x8a, 0xbf, 0x00, 0x00, 0xfe, 0xd9, 0x0c, 0x00, 0x00, 0x6c, 0x00, 0x01, 0xfe, 0xd9,
  0x0c, 0x00, 0x00, 0x72, 0x80, 0x00, 0xfe, 0xd9, 0x0c, 0x00, 0x00, 0x76, 0x80, 0x01, 0xfe, 0xd9,
  0x0c, 0x00, 0x00, 0x7c, 0x01, 0xff, 0x01, 0x86, 0xff, 0xff, 0x00, 0x00, 0x0e, 0x00, 0x82, 0xbe,
  0x0f, 0x00, 0x83, 0xbe, 0x7f, 0xc3, 0x8c, 0xbf, 0x6c, 0x03, 0xe0, 0x7e, 0x6d, 0x03, 0xe2, 0x7e,
  0x7f, 0xc2, 0x8c, 0xbf, 0x00, 0x10, 0x7c, 0xe0, 0x0d, 0x70, 0x00, 0x80, 0x7f, 0xc1, 0x8c, 0xbf,
  0x76, 0x03, 0xf4, 0x7e, 0x77, 0x03, 0xf6, 0x7e, 0x7f, 0xc0, 0x8c, 0xbf, 0x00, 0x10, 0x7c, 0xe0,
  0x0e, 0x7a, 0x00, 0x80, 0x74, 0x03, 0xe0, 0x7e, 0x75, 0x03, 0xe2, 0x7e, 0x00, 0x10, 0x7c, 0xe0,
  0x0f, 0x6e, 0x00, 0x80, 0x7e, 0x03, 0xf4, 0x7e, 0x7f, 0x03, 0xf6, 0x7e, 0x00, 0x10, 0x7c, 0xe0,
  0x10, 0x78, 0x00, 0x80, 0x00, 0x00, 0xac, 0xd3, 0x02, 0x0b, 0x02, 0x00, 0x68, 0x8c, 0xad, 0xd3,
  0x2a, 0xc9, 0xf2, 0x85, 0x00, 0x18, 0xac, 0xd3, 0x02, 0x0b, 0x02, 0x00, 0x68, 0x8c, 0xad, 0xd3,
  0x2e, 0xd1, 0xa2, 0x85, 0x6c, 0x40, 0xd9, 0xd3, 0xbe, 0x01, 0x00, 0x18, 0x6d, 0x40, 0xd9, 0xd3,
  0xbf, 0x01, 0x00, 0x18, 0x6e, 0x40, 0xd9, 0xd3, 0xc0, 0x01, 0x00, 0x18, 0x6f, 0x40, 0xd9, 0xd3,
  0xc1, 0x01, 0x00, 0x18, 0x01, 0x00, 0x80, 0xbf, 0x00, 0x00, 0xac, 0xd3, 0x02, 0x0b, 0x02, 0x08,
  0x6c, 0x8c, 0xad, 0xd3, 0x34, 0xc9, 0xb2, 0x85, 0x00, 0x18, 0xac, 0xd3, 0x02, 0x0b, 0x02, 0x08,
  0x6c, 0x8c, 0xad, 0xd3, 0x38, 0xd1, 0xb2, 0x85, 0x00, 0x00, 0xac, 0xd3, 0x03, 0x0b, 0x02, 0x00,
  0x1c, 0x8c, 0xad, 0xd3, 0x3c, 0xc9, 0x72, 0x84, 0x00, 0x18, 0xac, 0xd3, 0x03, 0x0b, 0x02, 0x00,
  0x1c, 0x8c, 0xad, 0xd3, 0x40, 0xd1, 0x72, 0x84, 0x00, 0x00, 0xac, 0xd3, 0x03, 0x0b, 0x02, 0x08,
  0x2c, 0x8c, 0xad, 0xd3, 0x44, 0xc9, 0xb2, 0x84, 0x00, 0x18, 0xac, 0xd3, 0x03, 0x0b, 0x02, 0x08,
  0x2c, 0x8c, 0xad, 0xd3, 0x48, 0xd1, 0xb2, 0x84, 0x00, 0x00, 0xac, 0xd3, 0x02, 0x0b, 0x02, 0x10,
  0x20, 0x8c, 0xad, 0xd3, 0x2a, 0xb9, 0x82, 0x84, 0x00, 0x18, 0xac, 0xd3, 0x02, 0x0b, 0x02, 0x10,
  0x20, 0x8c, 0xad, 0xd3, 0x2e, 0xc1, 0x82, 0x84, 0x00, 0x00, 0xac, 0xd3, 0x02, 0x0b, 0x02, 0x18,
  0x70, 0x8c, 0xad, 0xd3, 0x34, 0xb9, 0xb2, 0x87, 0x00, 0x18, 0xac, 0xd3, 0x02, 0x0b, 0x02, 0x18,
  0x70, 0x8c, 0xad, 0xd3, 0x38, 0xc1, 0xc2, 0x85, 0x00, 0x00, 0xac, 0xd3, 0x03, 0x0b, 0x02, 0x10,
  0x24, 0x8c, 0xad, 0xd3, 0x3c, 0xb9, 0x92, 0x84, 0x00, 0x18, 0xac, 0xd3, 0x03, 0x0b, 0x02, 0x10,
  0x24, 0x8c, 0xad, 0xd3, 0x40, 0xc1, 0x92, 0x84, 0x00, 0x00, 0xac, 0xd3, 0x03, 0x0b, 0x02, 0x18,
  0x74, 0x8c, 0xad, 0xd3, 0x44, 0xb9, 0xd2, 0x87, 0x00, 0x18, 0xac, 0xd3, 0x03, 0x0b, 0x02, 0x18,
  0x74, 0x8c, 0xad, 0xd3, 0x48, 0xc1, 0xd2, 0x85, 0x04, 0x40, 0xd8, 0xd3, 0x64, 0x01, 0x00, 0x18,
  0x05, 0x40, 0xd8, 0xd3, 0x65, 0x01, 0x00, 0x18, 0x04, 0x00, 0x68, 0xd2, 0x04, 0x0b, 0x02, 0x00,
  0x06, 0x40, 0xd8, 0xd3, 0x66, 0x01, 0x00, 0x18, 0x05, 0x40, 0xd8, 0xd3, 0x67, 0x01, 0x00, 0x18,
  0x05, 0x00, 0x68, 0xd2, 0x06, 0x0b, 0x02, 0x00, 0x06, 0x40, 0xd8, 0xd3, 0x00, 0x01, 0x00, 0x18,
  0x07, 0x40, 0xd8, 0xd3, 0x01, 0x01, 0x00, 0x18, 0x1a, 0x00, 0x68, 0xd2, 0x06, 0x0f, 0x02, 0x00,
  0x06, 0x40, 0xd8, 0xd3, 0x02, 0x01, 0x00, 0x18, 0x07, 0x40, 0xd8, 0xd3, 0x03, 0x01, 0x00, 0x18,
  0x1b, 0x00, 0x68, 0xd2, 0x06, 0x0f, 0x02, 0x00, 0x06, 0x40, 0xd8, 0xd3, 0x04, 0x01, 0x00, 0x18,
  0x07, 0x40, 0xd8, 0xd3, 0x05, 0x01, 0x00, 0x18, 0x22, 0x00, 0x68, 0xd2, 0x06, 0x0f, 0x02, 0x00,
  0x06, 0x40, 0xd8, 0xd3, 0x06, 0x01, 0x00, 0x18, 0x07, 0x40, 0xd8, 0xd3, 0x07, 0x01, 0x00, 0x18,
  0x23, 0x00, 0x68, 0xd2, 0x06, 0x0f, 0x02, 0x00, 0x06, 0x40, 0xd8, 0xd3, 0x08, 0x01, 0x00, 0x18,
  0x07, 0x40, 0xd8, 0xd3, 0x09, 0x01, 0x00, 0x18, 0x5c, 0x00, 0x68, 0xd2, 0x06, 0x0f, 0x02, 0x00,
  0x06, 0x40, 0xd8, 0xd3, 0x0a, 0x01, 0x00, 0x18, 0x07, 0x40, 0xd8, 0xd3, 0x0b, 0x01, 0x00, 0x18,
  0x5d, 0x00, 0x68, 0xd2, 0x06, 0x0f, 0x02, 0x00, 0x06, 0x40, 0xd8, 0xd3, 0x0c, 0x01, 0x00, 0x18,
  0x07, 0x40, 0xd8, 0xd3, 0x0d, 0x01, 0x00, 0x18, 0x06, 0x00, 0x68, 0xd2, 0x06, 0x0f, 0x02, 0x00,
  0x1c, 0x40, 0xd8, 0xd3, 0x0e, 0x01, 0x00, 0x18, 0x07, 0x40, 0xd8, 0xd3, 0x0f, 0x01, 0x00, 0x18,
  0x07, 0x00, 0x68, 0xd2, 0x1c, 0x0f, 0x02, 0x00, 0x1c, 0x40, 0xd8, 0xd3, 0x10, 0x01, 0x00, 0x18,
  0x11, 0x40, 0xd8, 0xd3, 0x11, 0x01, 0x00, 0x18, 0x1c, 0x00, 0x68, 0xd2, 0x1c, 0x23, 0x02, 0x00,
  0x24, 0x40, 0xd8, 0xd3, 0x12, 0x01, 0x00, 0x18, 0x11, 0x40, 0xd8, 0xd3, 0x13, 0x01, 0x00, 0x18,
  0x1d, 0x00, 0x68, 0xd2, 0x24, 0x23, 0x02, 0x00, 0x24, 0x40, 0xd8, 0xd3, 0x14, 0x01, 0x00, 0x18,
  0x11, 0x40, 0xd8, 0xd3, 0x15, 0x01, 0x00, 0x18, 0x24, 0x00, 0x68, 0xd2, 0x24, 0x23, 0x02, 0x00,
  0x32, 0x40, 0xd8, 0xd3, 0x16, 0x01, 0x00, 0x18, 0x11, 0x40, 0xd8, 0xd3, 0x17, 0x01, 0x00, 0x18,
  0x25, 0x00, 0x68, 0xd2, 0x32, 0x23, 0x02, 0x00, 0x32, 0x40, 0xd8, 0xd3, 0x18, 0x01, 0x00, 0x18,
  0x11, 0x40, 0xd8, 0xd3, 0x19, 0x01, 0x00, 0x18, 0x5e, 0x00, 0x68, 0xd2, 0x32, 0x23, 0x02, 0x00,
  0x32, 0x40, 0xd8, 0xd3, 0x1a, 0x01, 0x00, 0x18, 0x11, 0x40, 0xd8, 0xd3, 0x1b, 0x01, 0x00, 0x18,
  0x5f, 0x00, 0x68, 0xd2, 0x32, 0x23, 0x02, 0x00, 0x7f, 0xc0, 0x8c, 0xbf, 0x00, 0x00, 0x8a, 0xbf,
  0x00, 0x00, 0xbe, 0xd9, 0x08, 0x04, 0x00, 0x00, 0x00, 0x00, 0xbe, 0xd9, 0x09, 0x1a, 0x00, 0x00,
  0x00, 0x00, 0xbe, 0xd9, 0x0a, 0x22, 0x00, 0x00, 0x00, 0x00, 0xbe, 0xd9, 0x0b, 0x5c, 0x00, 0x00,
  0x7f, 0xc0, 0x8c, 0xbf, 0x00, 0x00, 0x8a, 0xbf, 0x00, 0x00, 0xfe, 0xd9, 0x0c, 0x00, 0x00, 0x5c,
  0x00, 0x01, 0xfe, 0xd9, 0x0c, 0x00, 0x00, 0x62, 0x80, 0x00, 0xfe, 0xd9, 0x0c, 0x00, 0x00, 0x66,
  0x80, 0x01, 0xfe, 0xd9, 0x0c, 0x00, 0x00, 0x6c, 0x7f, 0xc3, 0x8c, 0xbf, 0x5c, 0x03, 0xc0, 0x7e,
  0x5d, 0x03, 0xc2, 0x7e, 0x7f, 0xc2, 0x8c, 0xbf, 0x00, 0x11, 0x7c, 0xe0, 0x0d, 0x60, 0x03, 0x80,
  0x7f, 0xc1, 0x8c, 0xbf, 0x66, 0x03, 0xd4, 0x7e, 0x67, 0x03, 0xd6, 0x7e, 0x7f, 0xc0, 0x8c, 0xbf,
  0x00, 0x11, 0x7c, 0xe0, 0x0e, 0x6a, 0x03, 0x80, 0x64, 0x03, 0xc0, 0x7e, 0x65, 0x03, 0xc2, 0x7e,
  0x00, 0x11, 0x7c, 0xe0, 0x0f, 0x5e, 0x03, 0x80, 0x6e, 0x03, 0xd4, 0x7e, 0x6f, 0x03, 0xd6, 0x7e,
  0x00, 0x11, 0x7c, 0xe0, 0x10, 0x68, 0x03, 0x80, 0x00, 0x40, 0xd9, 0xd3, 0xba, 0x01, 0x00, 0x18,
  0x01, 0x40, 0xd9, 0xd3, 0xbb, 0x01, 0x00, 0x18, 0x02, 0x40, 0xd9, 0xd3, 0xbc, 0x01, 0x00, 0x18,
  0x03, 0x40, 0xd9, 0xd3, 0xbd, 0x01, 0x00, 0x18, 0x01, 0x00, 0x80, 0xbf, 0x00, 0x00, 0xac, 0xd3,
  0x02, 0x01, 0x02, 0x00, 0x00, 0x8c, 0xad, 0xd3, 0x2a, 0xa9, 0x02, 0x84, 0x00, 0x18, 0xac, 0xd3,
  0x02, 0x01, 0x02, 0x00, 0x00, 0x8c, 0xad, 0xd3, 0x2e, 0xb1, 0x02, 0x84, 0x00, 0x00, 0xac, 0xd3,
  0x02, 0x01, 0x02, 0x08, 0x04, 0x8c, 0xad, 0xd3, 0x34, 0xa9, 0x02, 0x85, 0x00, 0x18, 0xac, 0xd3,
  0x02, 0x01, 0x02, 0x08, 0x04, 0x8c, 0xad, 0xd3, 0x38, 0xb1, 0x12, 0x84, 0x00, 0x00, 0xac, 0xd3,
  0x03, 0x01, 0x02, 0x00, 0x08, 0x8c, 0xad, 0xd3, 0x3c, 0xa9, 0xa2, 0x84, 0x00, 0x18, 0xac, 0xd3,
  0x03, 0x01, 0x02, 0x00, 0x08, 0x8c, 0xad, 0xd3, 0x40, 0xb1, 0x22, 0x84, 0x00, 0x00, 0xac, 0xd3,
  0x03, 0x01, 0x02, 0x08, 0x0c, 0x8c, 0xad, 0xd3, 0x44, 0xa9, 0x12, 0x85, 0x00, 0x18, 0xac, 0xd3,
  0x03, 0x01, 0x02, 0x08, 0x0c, 0x8c, 0xad, 0xd3, 0x48, 0xb1, 0x32, 0x84, 0x00, 0x00, 0xac, 0xd3,
  0x02, 0x01, 0x02, 0x10, 0x10, 0x8c, 0xad, 0xd3, 0x2a, 0x99, 0xc2, 0x84, 0x00, 0x18, 0xac, 0xd3,
  0x02, 0x01, 0x02, 0x10, 0x10, 0x8c, 0xad, 0xd3, 0x2e, 0xa1, 0x42, 0x84, 0x00, 0x00, 0xac, 0xd3,
  0x02, 0x01, 0x02, 0x18, 0x14, 0x8c, 0xad, 0xd3, 0x34, 0x99, 0xd2, 0x84, 0x00, 0x18, 0xac, 0xd3,
  0x02, 0x01, 0x02, 0x18, 0x14, 0x8c, 0xad, 0xd3, 0x38, 0xa1, 0x52, 0x84, 0x00, 0x00, 0xac, 0xd3,
  0x03, 0x01, 0x02, 0x10, 0x18, 0x8c, 0xad, 0xd3, 0x3c, 0x99, 0xe2, 0x84, 0x00, 0x18, 0xac, 0xd3,
  0x03, 0x01, 0x02, 0x10, 0x18, 0x8c, 0xad, 0xd3, 0x40, 0xa1, 0x62, 0x84, 0x00, 0x00, 0xac, 0xd3,
  0x03, 0x01, 0x02, 0x18, 0x28, 0x8c, 0xad, 0xd3, 0x44, 0x99, 0xf2, 0x84, 0x00, 0x18, 0xac, 0xd3,
  0x03, 0x01, 0x02, 0x18, 0x28, 0x8c, 0xad, 0xd3, 0x48, 0xa1, 0xa2, 0x84, 0x00, 0x40, 0xd8, 0xd3,
  0x68, 0x01, 0x00, 0x18, 0x05, 0x40, 0xd8, 0xd3, 0x69, 0x01, 0x00, 0x18, 0x04, 0x00, 0x68, 0xd2,
  0x00, 0x0b, 0x02, 0x00, 0x00, 0x40, 0xd8, 0xd3, 0x6a, 0x01, 0x00, 0x18, 0x05, 0x40, 0xd8, 0xd3,
  0x6b, 0x01, 0x00, 0x18, 0x05, 0x00, 0x68, 0xd2, 0x00, 0x0b, 0x02, 0x00, 0x00, 0x40, 0xd8, 0xd3,
  0x6c, 0x01, 0x00, 0x18, 0x07, 0x40, 0xd8, 0xd3, 0x6d, 0x01, 0x00, 0x18, 0x1a, 0x00, 0x68, 0xd2,
  0x00, 0x0f, 0x02, 0x00, 0x00, 0x40, 0xd8, 0xd3, 0x6e, 0x01, 0x00, 0x18, 0x07, 0x40, 0xd8, 0xd3,
  0x6f, 0x01, 0x00, 0x18, 0x1b, 0x00, 0x68, 0xd2, 0x00, 0x0f, 0x02, 0x00, 0x00, 0x40, 0xd8, 0xd3,
  0x1c, 0x01, 0x00, 0x18, 0x07, 0x40, 0xd8, 0xd3, 0x1d, 0x01, 0x00, 0x18, 0x22, 0x00, 0x68, 0xd2,
  0x00, 0x0f, 0x02, 0x00, 0x00, 0x40, 0xd8, 0xd3, 0x1e, 0x01, 0x00, 0x18, 0x07, 0x40, 0xd8, 0xd3,
  0x1f, 0x01, 0x00, 0x18, 0x23, 0x00, 0x68, 0xd2, 0x00, 0x0f, 0x02, 0x00, 0x00, 0x40, 0xd8, 0xd3,
  0x2c, 0x01, 0x00, 0x18, 0x07, 0x40, 0xd8, 0xd3, 0x2d, 0x01, 0x00, 0x18, 0x4c, 0x00, 0x68, 0xd2,
  0x00, 0x0f, 0x02, 0x00, 0x00, 0x40, 0xd8, 0xd3, 0x2e, 0x01, 0x00, 0x18, 0x07, 0x40, 0xd8, 0xd3,
  0x2f, 0x01, 0x00, 0x18, 0x4d, 0x00, 0x68, 0xd2, 0x00, 0x0f, 0x02, 0x00, 0x00, 0x40, 0xd8, 0xd3,
  0x20, 0x01, 0x00, 0x18, 0x07, 0x40, 0xd8, 0xd3, 0x21, 0x01, 0x00, 0x18, 0x06, 0x00, 0x68, 0xd2,
  0x00, 0x0f, 0x02, 0x00, 0x00, 0x40, 0xd8, 0xd3, 0x22, 0x01, 0x00, 0x18, 0x07, 0x40, 0xd8, 0xd3,
  0x23, 0x01, 0x00, 0x18, 0x07, 0x00, 0x68, 0xd2, 0x00, 0x0f, 0x02, 0x00, 0x00, 0x40, 0xd8, 0xd3,
  0x70, 0x01, 0x00, 0x18, 0x11, 0x40, 0xd8, 0xd3, 0x71, 0x01, 0x00, 0x18, 0x1c, 0x00, 0x68, 0xd2,
  0x00, 0x23, 0x02, 0x00, 0x00, 0x40, 0xd8, 0xd3, 0x72, 0x01, 0x00, 0x18, 0x11, 0x40, 0xd8, 0xd3,
  0x73, 0x01, 0x00, 0x18, 0x1d, 0x00, 0x68, 0xd2, 0x00, 0x23, 0x02, 0x00, 0x00, 0x40, 0xd8, 0xd3,
  0x24, 0x01, 0x00, 0x18, 0x11, 0x40, 0xd8, 0xd3, 0x25, 0x01, 0x00, 0x18, 0x24, 0x00, 0x68, 0xd2,
  0x00, 0x23, 0x02, 0x00, 0x00, 0x40, 0xd8, 0xd3, 0x26, 0x01, 0x00, 0x18, 0x11, 0x40, 0xd8, 0xd3,
  0x27, 0x01, 0x00, 0x18, 0x25, 0x00, 0x68, 0xd2, 0x00, 0x23, 0x02, 0x00, 0x00, 0x40, 0xd8, 0xd3,
  0x74, 0x01, 0x00, 0x18, 0x11, 0x40, 0xd8, 0xd3, 0x75, 0x01, 0x00, 0x18, 0x4e, 0x00, 0x68, 0xd2,
  0x00, 0x23, 0x02, 0x00, 0x00, 0x40, 0xd8, 0xd3, 0x76, 0x01, 0x00, 0x18, 0x11, 0x40, 0xd8, 0xd3,
  0x77, 0x01, 0x00, 0x18, 0x4f, 0x00, 0x68, 0xd2, 0x00, 0x23, 0x02, 0x00, 0x7f, 0xc0, 0x8c, 0xbf,
  0x00, 0x00, 0x8a, 0xbf, 0x00, 0x00, 0xbe, 0xd9, 0x08, 0x04, 0x00, 0x00, 0x00, 0x00, 0xbe, 0xd9,
  0x09, 0x1a, 0x00, 0x00, 0x00, 0x00, 0xbe, 0xd9, 0x0a, 0x22, 0x00, 0x00, 0x00, 0x00, 0xbe, 0xd9,
  0x0b, 0x4c, 0x00, 0x00, 0x7f, 0xc0, 0x8c, 0xbf, 0x00, 0x00, 0x8a, 0xbf, 0x00, 0x00, 0xfe, 0xd9,
  0x0c, 0x00, 0x00, 0x4c, 0x00, 0x01, 0xfe, 0xd9, 0x0c, 0x00, 0x00, 0x52, 0x80, 0x00, 0xfe, 0xd9,
  0x0c, 0x00, 0x00, 0x56, 0x80, 0x01, 0xfe, 0xd9, 0x0c, 0x00, 0x00, 0x5c, 0x7f, 0xc3, 0x8c, 0xbf,
  0x4c, 0x03, 0xa0, 0x7e, 0x4d, 0x03, 0xa2, 0x7e, 0x7f, 0xc2, 0x8c, 0xbf, 0x00, 0x11, 0x7c, 0xe0,
  0x0d, 0x50, 0x02, 0x80, 0x7f, 0xc1, 0x8c, 0xbf, 0x56, 0x03, 0xb4, 0x7e, 0x57, 0x03, 0xb6, 0x7e,
  0x7f, 0xc0, 0x8c, 0xbf, 0x00, 0x11, 0x7c, 0xe0, 0x0e, 0x5a, 0x02, 0x80, 0x54, 0x03, 0xa0, 0x7e,
  0x55, 0x03, 0xa2, 0x7e, 0x00, 0x11, 0x7c, 0xe0, 0x0f, 0x4e, 0x02, 0x80, 0x5e, 0x03, 0xb4, 0x7e,
  0x5f, 0x03, 0xb6, 0x7e, 0x00, 0x11, 0x7c, 0xe0, 0x10, 0x58, 0x02, 0x80, 0x1c, 0x40, 0xd9, 0xd3,
  0xb6, 0x01, 0x00, 0x18, 0x1d, 0x40, 0xd9, 0xd3, 0xb7, 0x01, 0x00, 0x18, 0x1e, 0x40, 0xd9, 0xd3,
  0xb8, 0x01, 0x00, 0x18, 0x1f, 0x40, 0xd9, 0xd3, 0xb9, 0x01, 0x00, 0x18, 0x01, 0x00, 0x80, 0xbf,
  0x00, 0x00, 0xac, 0xd3, 0x02, 0x03, 0x02, 0x00, 0x1c, 0x8c, 0xad, 0xd3, 0x2a, 0x3d, 0x72, 0x84,
  0x00, 0x18, 0xac, 0xd3, 0x02, 0x03, 0x02, 0x00, 0x1c, 0x8c, 0xad, 0xd3, 0x2e, 0x4d, 0x72, 0x84,
  0x00, 0x00, 0xac, 0xd3, 0x02, 0x03, 0x02, 0x08, 0x20, 0x8c, 0xad, 0xd3, 0x34, 0x3d, 0x82, 0x85,
  0x00, 0x18, 0xac, 0xd3, 0x02, 0x03, 0x02, 0x08, 0x20, 0x8c, 0xad, 0xd3, 0x38, 0x4d, 0x82, 0x84,
  0x00, 0x00, 0xac, 0xd3, 0x03, 0x03, 0x02, 0x00, 0x24, 0x8c, 0xad, 0xd3, 0x3c, 0x3d, 0x22, 0x85,
  0x00, 0x18, 0xac, 0xd3, 0x03, 0x03, 0x02, 0x00, 0x24, 0x8c, 0xad, 0xd3, 0x40, 0x4d, 0x92, 0x84,
  0x00, 0x00, 0xac, 0xd3, 0x03, 0x03, 0x02, 0x08, 0x2c, 0x8c, 0xad, 0xd3, 0x44, 0x3d, 0x32, 0x85,
  0x00, 0x18, 0xac, 0xd3, 0x03, 0x03, 0x02, 0x08, 0x2c, 0x8c, 0xad, 0xd3, 0x48, 0x4d, 0xb2, 0x84,
  0x00, 0x00, 0xac, 0xd3, 0x02, 0x03, 0x02, 0x10, 0x30, 0x8c, 0xad, 0xd3, 0x2a, 0x25, 0x42, 0x85,
  0x00, 0x18, 0xac, 0xd3, 0x02, 0x03, 0x02, 0x10, 0x30, 0x8c, 0xad, 0xd3, 0x2e, 0x2d, 0xc2, 0x84,
  0x00, 0x00, 0xac, 0xd3, 0x02, 0x03, 0x02, 0x18, 0x34, 0x8c, 0xad, 0xd3, 0x34, 0x25, 0x52, 0x85,
  0x00, 0x18, 0xac, 0xd3, 0x02, 0x03, 0x02, 0x18, 0x34, 0x8c, 0xad, 0xd3, 0x38, 0x2d, 0xd2, 0x84,
  0x00, 0x00, 0xac, 0xd3, 0x03, 0x03, 0x02, 0x10, 0x38, 0x8c, 0xad, 0xd3, 0x3c, 0x25, 0x62, 0x85,
  0x00, 0x18, 0xac, 0xd3, 0x03, 0x03, 0x02, 0x10, 0x38, 0x8c, 0xad, 0xd3, 0x40, 0x2d, 0xe2, 0x84,
  0x00, 0x00, 0xac, 0xd3, 0x03, 0x03, 0x02, 0x18, 0x3c, 0x8c, 0xad, 0xd3, 0x44, 0x25, 0x72, 0x85,
  0x00, 0x18, 0xac, 0xd3, 0x03, 0x03, 0x02, 0x18, 0x3c, 0x8c, 0xad, 0xd3, 0x48, 0x2d, 0xf2, 0x84,
  0x00, 0x40, 0xd8, 0xd3, 0x00, 0x01, 0x00, 0x18, 0x01, 0x40, 0xd8, 0xd3, 0x01, 0x01, 0x00, 0x18,
  0x00, 0x00, 0x68, 0xd2, 0x00, 0x03, 0x02, 0x00, 0x02, 0x40, 0xd8, 0xd3, 0x02, 0x01, 0x00, 0x18,
  0x01, 0x40, 0xd8, 0xd3, 0x03, 0x01, 0x00, 0x18, 0x01, 0x00, 0x68, 0xd2, 0x02, 0x03, 0x02, 0x00,
  0x02, 0x40, 0xd8, 0xd3, 0x04, 0x01, 0x00, 0x18, 0x03, 0x40, 0xd8, 0xd3, 0x05, 0x01, 0x00, 0x18,
  0x04, 0x00, 0x68, 0xd2, 0x02, 0x07, 0x02, 0x00, 0x02, 0x40, 0xd8, 0xd3, 0x06, 0x01, 0x00, 0x18,
  0x03, 0x40, 0xd8, 0xd3, 0x07, 0x01, 0x00, 0x18, 0x05, 0x00, 0x68, 0xd2, 0x02, 0x07, 0x02, 0x00,
  0x02, 0x40, 0xd8, 0xd3, 0x08, 0x01, 0x00, 0x18, 0x03, 0x40, 0xd8, 0xd3, 0x09, 0x01, 0x00, 0x18,
  0x12, 0x00, 0x68, 0xd2, 0x02, 0x07, 0x02, 0x00, 0x02, 0x40, 0xd8, 0xd3, 0x0a, 0x01, 0x00, 0x18,
  0x03, 0x40, 0xd8, 0xd3, 0x0b, 0x01, 0x00, 0x18, 0x13, 0x00, 0x68, 0xd2, 0x02, 0x07, 0x02, 0x00,
  0x02, 0x40, 0xd8, 0xd3, 0x0c, 0x01, 0x00, 0x18, 0x03, 0x40, 0xd8, 0xd3, 0x0d, 0x01, 0x00, 0x18,
  0x16, 0x00, 0x68, 0xd2, 0x02, 0x07, 0x02, 0x00, 0x02, 0x40, 0xd8, 0xd3, 0x0e, 0x01, 0x00, 0x18,
  0x03, 0x40, 0xd8, 0xd3, 0x0f, 0x01, 0x00, 0x18, 0x17, 0x00, 0x68, 0xd2, 0x02, 0x07, 0x02, 0x00,
  0x02, 0x40, 0xd8, 0xd3, 0x10, 0x01, 0x00, 0x18, 0x03, 0x40, 0xd8, 0xd3, 0x11, 0x01, 0x00, 0x18,
  0x02, 0x00, 0x68, 0xd2, 0x02, 0x07, 0x02, 0x00, 0x06, 0x40, 0xd8, 0xd3, 0x12, 0x01, 0x00, 0x18,
  0x03, 0x40, 0xd8, 0xd3, 0x13, 0x01, 0x00, 0x18, 0x03, 0x00, 0x68, 0xd2, 0x06, 0x07, 0x02, 0x00,
  0x06, 0x40, 0xd8, 0xd3, 0x14, 0x01, 0x00, 0x18, 0x07, 0x40, 0xd8, 0xd3, 0x15, 0x01, 0x00, 0x18,
  0x06, 0x00, 0x68, 0xd2, 0x06, 0x0f, 0x02, 0x00, 0x14, 0x40, 0xd8, 0xd3, 0x16, 0x01, 0x00, 0x18,
  0x07, 0x40, 0xd8, 0xd3, 0x17, 0x01, 0x00, 0x18, 0x07, 0x00, 0x68, 0xd2, 0x14, 0x0f, 0x02, 0x00,
  0x14, 0x40, 0xd8, 0xd3, 0x18, 0x01, 0x00, 0x18, 0x11, 0x40, 0xd8, 0xd3, 0x19, 0x01, 0x00, 0x18,
  0x14, 0x00, 0x68, 0xd2, 0x14, 0x23, 0x02, 0x00, 0x18, 0x40, 0xd8, 0xd3, 0x1a, 0x01, 0x00, 0x18,
  0x11, 0x40, 0xd8, 0xd3, 0x1b, 0x01, 0x00, 0x18, 0x15, 0x00, 0x68, 0xd2, 0x18, 0x23, 0x02, 0x00,
  0x18, 0x40, 0xd8, 0xd3, 0x28, 0x01, 0x00, 0x18, 0x11, 0x40, 0xd8, 0xd3, 0x29, 0x01, 0x00, 0x18,
  0x18, 0x00, 0x68, 0xd2, 0x18, 0x23, 0x02, 0x00, 0x1a, 0x40, 0xd8, 0xd3, 0x2a, 0x01, 0x00, 0x18,
  0x11, 0x40, 0xd8, 0xd3, 0x2b, 0x01, 0x00, 0x18, 0x19, 0x00, 0x68, 0xd2, 0x1a, 0x23, 0x02, 0x00,
  0x7f, 0xc0, 0x8c, 0xbf, 0x00, 0x00, 0x8a, 0xbf, 0x00, 0x00, 0xbe, 0xd9, 0x08, 0x00, 0x00, 0x00,
  0x00, 0x00, 0xbe, 0xd9, 0x09, 0x04, 0x00, 0x00, 0x00, 0x00, 0xbe, 0xd9, 0x0a, 0x12, 0x00, 0x00,
  0x00, 0x00, 0xbe, 0xd9, 0x0b, 0x16, 0x00, 0x00, 0x7f, 0xc0, 0x8c, 0xbf, 0x00, 0x00, 0x8a, 0xbf,
  0x00, 0x00, 0xfe, 0xd9, 0x0c, 0x00, 0x00, 0x00, 0x00, 0x01, 0xfe, 0xd9, 0x0c, 0x00, 0x00, 0x14,
  0x80, 0x00, 0xfe, 0xd9, 0x0c, 0x00, 0x00, 0x18, 0x80, 0x01, 0xfe, 0xd9, 0x0c, 0x00, 0x00, 0x1e,
  0x7f, 0xc3, 0x8c, 0xbf, 0x00, 0x03, 0x24, 0x7e, 0x01, 0x03, 0x26, 0x7e, 0x7f, 0xc2, 0x8c, 0xbf,
  0x00, 0x11, 0x7c, 0xe0, 0x0d, 0x12, 0x01, 0x80, 0x7f, 0xc1, 0x8c, 0xbf, 0x18, 0x03, 0x38, 0x7e,
  0x19, 0x03, 0x3a, 0x7e, 0x7f, 0xc0, 0x8c, 0xbf, 0x00, 0x11, 0x7c, 0xe0, 0x0e, 0x1c, 0x01, 0x80,
  0x16, 0x03, 0x08, 0x7e, 0x17, 0x03, 0x0a, 0x7e, 0x00, 0x11, 0x7c, 0xe0, 0x0f, 0x02, 0x01, 0x80,
  0x20, 0x03, 0x38, 0x7e, 0x21, 0x03, 0x3a, 0x7e, 0x00, 0x11, 0x7c, 0xe0, 0x10, 0x1a, 0x01, 0x80,
  0x00, 0x40, 0xd8, 0xd3, 0x1c, 0x01, 0x00, 0x18, 0x01, 0x40, 0xd8, 0xd3, 0x1d, 0x01, 0x00, 0x18,
  0x00, 0x00, 0x68, 0xd2, 0x00, 0x03, 0x02, 0x00, 0x02, 0x40, 0xd8, 0xd3, 0x1e, 0x01, 0x00, 0x18,
  0x01, 0x40, 0xd8, 0xd3, 0x1f, 0x01, 0x00, 0x18, 0x01, 0x00, 0x68, 0xd2, 0x02, 0x03, 0x02, 0x00,
  0x02, 0x40, 0xd8, 0xd3, 0x20, 0x01, 0x00, 0x18, 0x03, 0x40, 0xd8, 0xd3, 0x21, 0x01, 0x00, 0x18,
  0x04, 0x00, 0x68, 0xd2, 0x02, 0x07, 0x02, 0x00, 0x02, 0x40, 0xd8, 0xd3, 0x22, 0x01, 0x00, 0x18,
  0x03, 0x40, 0xd8, 0xd3, 0x23, 0x01, 0x00, 0x18, 0x05, 0x00, 0x68, 0xd2, 0x02, 0x07, 0x02, 0x00,
  0x02, 0x40, 0xd8, 0xd3, 0x24, 0x01, 0x00, 0x18, 0x03, 0x40, 0xd8, 0xd3, 0x25, 0x01, 0x00, 0x18,
  0x12, 0x00, 0x68, 0xd2, 0x02, 0x07, 0x02, 0x00, 0x02, 0x40, 0xd8, 0xd3, 0x26, 0x01, 0x00, 0x18,
  0x03, 0x40, 0xd8, 0xd3, 0x27, 0x01, 0x00, 0x18, 0x13, 0x00, 0x68, 0xd2, 0x02, 0x07, 0x02, 0x00,
  0x02, 0x40, 0xd8, 0xd3, 0x2c, 0x01, 0x00, 0x18, 0x03, 0x40, 0xd8, 0xd3, 0x2d, 0x01, 0x00, 0x18,
  0x16, 0x00, 0x68, 0xd2, 0x02, 0x07, 0x02, 0x00, 0x02, 0x40, 0xd8, 0xd3, 0x2e, 0x01, 0x00, 0x18,
  0x03, 0x40, 0xd8, 0xd3, 0x2f, 0x01, 0x00, 0x18, 0x17, 0x00, 0x68, 0xd2, 0x02, 0x07, 0x02, 0x00,
  0x02, 0x40, 0xd8, 0xd3, 0x30, 0x01, 0x00, 0x18, 0x03, 0x40, 0xd8, 0xd3, 0x31, 0x01, 0x00, 0x18,
  0x02, 0x00, 0x68, 0xd2, 0x02, 0x07, 0x02, 0x00, 0x06, 0x40, 0xd8, 0xd3, 0x32, 0x01, 0x00, 0x18,
  0x03, 0x40, 0xd8, 0xd3, 0x33, 0x01, 0x00, 0x18, 0x03, 0x00, 0x68, 0xd2, 0x06, 0x07, 0x02, 0x00,
  0x06, 0x40, 0xd8, 0xd3, 0x34, 0x01, 0x00, 0x18, 0x07, 0x40, 0xd8, 0xd3, 0x35, 0x01, 0x00, 0x18,
  0x06, 0x00, 0x68, 0xd2, 0x06, 0x0f, 0x02, 0x00, 0x14, 0x40, 0xd8, 0xd3, 0x36, 0x01, 0x00, 0x18,
  0x07, 0x40, 0xd8, 0xd3, 0x37, 0x01, 0x00, 0x18, 0x07, 0x00, 0x68, 0xd2, 0x14, 0x0f, 0x02, 0x00,
  0x14, 0x40, 0xd8, 0xd3, 0x38, 0x01, 0x00, 0x18, 0x11, 0x40, 0xd8, 0xd3, 0x39, 0x01, 0x00, 0x18,
  0x14, 0x00, 0x68, 0xd2, 0x14, 0x23, 0x02, 0x00, 0x18, 0x40, 0xd8, 0xd3, 0x3a, 0x01, 0x00, 0x18,
  0x11, 0x40, 0xd8, 0xd3, 0x3b, 0x01, 0x00, 0x18, 0x15, 0x00, 0x68, 0xd2, 0x18, 0x23, 0x02, 0x00,
  0x18, 0x40, 0xd8, 0xd3, 0x3c, 0x01, 0x00, 0x18, 0x11, 0x40, 0xd8, 0xd3, 0x3d, 0x01, 0x00, 0x18,
  0x18, 0x00, 0x68, 0xd2, 0x18, 0x23, 0x02, 0x00, 0x1a, 0x40, 0xd8, 0xd3, 0x3e, 0x01, 0x00, 0x18,
  0x11, 0x40, 0xd8, 0xd3, 0x3f, 0x01, 0x00, 0x18, 0x19, 0x00, 0x68, 0xd2, 0x1a, 0x23, 0x02, 0x00,
  0x7f, 0xc0, 0x8c, 0xbf, 0x00, 0x00, 0x8a, 0xbf, 0x00, 0x00, 0xbe, 0xd9, 0x08, 0x00, 0x00, 0x00,
  0x00, 0x00, 0xbe, 0xd9, 0x09, 0x04, 0x00, 0x00, 0x00, 0x00, 0xbe, 0xd9, 0x0a, 0x12, 0x00, 0x00,
  0x00, 0x00, 0xbe, 0xd9, 0x0b, 0x16, 0x00, 0x00, 0x7f, 0xc0, 0x8c, 0xbf, 0x00, 0x00, 0x8a, 0xbf,
  0x00, 0x00, 0xfe, 0xd9, 0x0c, 0x00, 0x00, 0x00, 0x00, 0x01, 0xfe, 0xd9, 0x0c, 0x00, 0x00, 0x06,
  0x80, 0x00, 0xfe, 0xd9, 0x0c, 0x00, 0x00, 0x12, 0x80, 0x01, 0xfe, 0xd9, 0x0c, 0x00, 0x00, 0x18,
  0x7f, 0xc3, 0x8c, 0xbf, 0x00, 0x03, 0x08, 0x7e, 0x01, 0x03, 0x0a, 0x7e, 0x7f, 0xc2, 0x8c, 0xbf,
  0x00, 0x11, 0x7c, 0xe0, 0x0d, 0x04, 0x00, 0x80, 0x7f, 0xc1, 0x8c, 0xbf, 0x12, 0x03, 0x2c, 0x7e,
  0x13, 0x03, 0x2e, 0x7e, 0x7f, 0xc0, 0x8c, 0xbf, 0x00, 0x11, 0x7c, 0xe0, 0x0e, 0x16, 0x00, 0x80,
  0x08, 0x03, 0x08, 0x7e, 0x09, 0x03, 0x0a, 0x7e, 0x00, 0x11, 0x7c, 0xe0, 0x0f, 0x02, 0x00, 0x80,
  0x1a, 0x03, 0x2c, 0x7e, 0x1b, 0x03, 0x2e, 0x7e, 0x00, 0x11, 0x7c, 0xe0, 0x10, 0x14, 0x00, 0x80,
  0x00, 0x00, 0x81, 0xbf, 0x00, 0x00, 0x81, 0xbf, 0x00, 0x00, 0x80, 0xbf, 0x00, 0x00, 0x80, 0xbf,
  0x00, 0x00, 0x80, 0xbf, 0x00, 0x00, 0x80, 0xbf, 0x00, 0x00, 0x80, 0xbf, 0x00, 0x00, 0x80, 0xbf,
  0x00, 0x00, 0x80, 0xbf, 0x00, 0x00, 0x80, 0xbf, 0x00, 0x00, 0x80, 0xbf, 0x00, 0x00, 0x80, 0xbf,
  0x00, 0x00, 0x80, 0xbf, 0x00, 0x00, 0x80, 0xbf, 0x00, 0x00, 0x80, 0xbf, 0x00, 0x00, 0x80, 0xbf,
  0x00, 0x00, 0x80, 0xbf, 0x00, 0x00, 0x80, 0xbf, 0x00, 0x00, 0x80, 0xbf, 0x00, 0x00, 0x80, 0xbf,
  0x00, 0x00, 0x80, 0xbf, 0x00, 0x00, 0x80, 0xbf, 0x00, 0x00, 0x80, 0xbf, 0x00, 0x00, 0x80, 0xbf,
  0x00, 0x00, 0x80, 0xbf, 0x00, 0x00, 0x80, 0xbf, 0x00, 0x00, 0x80, 0xbf, 0x00, 0x00, 0x80, 0xbf,
  0x00, 0x00, 0x80, 0xbf, 0x00, 0x00, 0x80, 0xbf, 0x00, 0x00, 0x80, 0xbf, 0x00, 0x00, 0x80, 0xbf,
  0x00, 0x00, 0x80, 0xbf, 0x00, 0x00, 0x80, 0xbf, 0x00, 0x00, 0x80, 0xbf, 0x00, 0x00, 0x80, 0xbf,
  0x00, 0x00, 0x80, 0xbf, 0x00, 0x00, 0x80, 0xbf, 0x00, 0x00, 0x80, 0xbf, 0x00, 0x00, 0x80, 0xbf,
  0x00, 0x00, 0x80, 0xbf, 0x00, 0x00, 0x80, 0xbf, 0x00, 0x00, 0x80, 0xbf, 0x00, 0x00, 0x80, 0xbf,
  0x00, 0x00, 0x80, 0xbf, 0x00, 0x00, 0x80, 0xbf, 0x00, 0x00, 0x80, 0xbf, 0x00, 0x00, 0x80, 0xbf,
  0x00, 0x00, 0x80, 0xbf, 0x00, 0x00, 0x80, 0xbf, 0x00, 0x00, 0x80, 0xbf, 0x00, 0x00, 0x80, 0xbf,
  0x00, 0x00, 0x80, 0xbf, 0x00, 0x00, 0x80, 0xbf, 0x00, 0x00, 0x80, 0xbf, 0x00, 0x00, 0x80, 0xbf,
  0x00, 0x00, 0x80, 0xbf, 0x00, 0x00, 0x80, 0xbf, 0x00, 0x00, 0x80, 0xbf, 0x00, 0x00, 0x80, 0xbf,
  0x00, 0x00, 0x80, 0xbf, 0x00, 0x00, 0x80, 0xbf, 0x00, 0x00, 0x80, 0xbf, 0x00, 0x00, 0x80, 0xbf,
  0x00, 0x00, 0x80, 0xbf, 0x00, 0x00, 0x80, 0xbf, 0x00, 0x00, 0x80, 0xbf, 0x00, 0x00, 0x80, 0xbf,
  0x00, 0x00, 0x80, 0xbf, 0x00, 0x00, 0x80, 0xbf, 0x00, 0x00, 0x80, 0xbf, 0x00, 0x00, 0x80, 0xbf,
  0x00, 0x00, 0x80, 0xbf, 0x00, 0x00, 0x80, 0xbf, 0x00, 0x00, 0x80, 0xbf, 0x00, 0x00, 0x80, 0xbf,
  0x00, 0x00, 0x80, 0xbf, 0x00, 0x00, 0x80, 0xbf, 0x00, 0x00, 0x80, 0xbf, 0x00, 0x00, 0x80, 0xbf,
  0x00, 0x00, 0x80, 0xbf, 0x00, 0x00, 0x80, 0xbf, 0x00, 0x00, 0x80, 0xbf, 0x00, 0x00, 0x80, 0xbf,
  0x00, 0x00, 0x80, 0xbf, 0x00, 0x00, 0x80, 0xbf, 0x00, 0x00, 0x80, 0xbf, 0x00, 0x00, 0x80, 0xbf,
  0x00, 0x00, 0x80, 0xbf, 0x00, 0x00, 0x80, 0xbf, 0x00, 0x00, 0x80, 0xbf, 0x00, 0x00, 0x80, 0xbf,
  0x00, 0x00, 0x80, 0xbf, 0x00, 0x00, 0x80, 0xbf, 0x00, 0x00, 0x80, 0xbf, 0x00, 0x00, 0x80, 0xbf,
  0x00, 0x00, 0x80, 0xbf, 0x00, 0x00, 0x80, 0xbf, 0x00, 0x00, 0x80, 0xbf, 0x00, 0x00, 0x80, 0xbf,
  0x00, 0x00, 0x80, 0xbf, 0x00, 0x00, 0x80, 0xbf, 0x00, 0x00, 0x80, 0xbf, 0x00, 0x00, 0x80, 0xbf,
  0x00, 0x00, 0x80, 0xbf, 0x00, 0x00, 0x80, 0xbf, 0x00, 0x00, 0x80, 0xbf, 0x00, 0x00, 0x80, 0xbf,
  0x00, 0x00, 0x80, 0xbf, 0x00, 0x00, 0x80, 0xbf, 0x00, 0x00, 0x80, 0xbf, 0x00, 0x00, 0x80, 0xbf,
  0x00, 0x00, 0x80, 0xbf, 0x00, 0x00, 0x80, 0xbf, 0x00, 0x00, 0x80, 0xbf, 0x00, 0x00, 0x80, 0xbf,
  0x00, 0x00, 0x80, 0xbf, 0x00, 0x00, 0x80, 0xbf, 0x00, 0x00, 0x80, 0xbf, 0x00, 0x00, 0x80, 0xbf,
  0x00, 0x00, 0x80, 0xbf, 0x00, 0x00, 0x80, 0xbf, 0x00, 0x00, 0x80, 0xbf, 0x00, 0x00, 0x80, 0xbf,
  0x00, 0x00, 0x80, 0xbf, 0x00, 0x00, 0x80, 0xbf, 0x00, 0x00, 0x80, 0xbf, 0x00, 0x00, 0x80, 0xbf,
  0x00, 0x00, 0x80, 0xbf, 0x00, 0x00, 0x80, 0xbf, 0x00, 0x00, 0x80, 0xbf, 0x00, 0x00, 0x80, 0xbf,
  0x00, 0x00, 0x80, 0xbf, 0x00, 0x00, 0x80, 0xbf, 0x00, 0x00, 0x80, 0xbf, 0x00, 0x00, 0x80, 0xbf,
  0x00, 0x00, 0x80, 0xbf, 0x00, 0x00, 0x80, 0xbf, 0x00, 0x00, 0x80, 0xbf, 0x00, 0x00, 0x80, 0xbf,
  0x00, 0x00, 0x80, 0xbf, 0x00, 0x00, 0x80, 0xbf, 0x00, 0x00, 0x80, 0xbf, 0x00, 0x00, 0x80, 0xbf,
  0x00, 0x00, 0x80, 0xbf, 0x00, 0x00, 0x80, 0xbf, 0x00, 0x00, 0x80, 0xbf, 0x00, 0x00, 0x80, 0xbf,
  0x00, 0x00, 0x80, 0xbf, 0x00, 0x00, 0x80, 0xbf, 0x00, 0x00, 0x80, 0xbf, 0x00, 0x00, 0x80, 0xbf,
  0x00, 0x00, 0x80, 0xbf, 0x00, 0x00, 0x80, 0xbf, 0x00, 0x00, 0x80, 0xbf, 0x00, 0x00, 0x80, 0xbf,
  0x00, 0x00, 0x80, 0xbf, 0x00, 0x00, 0x80, 0xbf, 0x00, 0x00, 0x80, 0xbf, 0x00, 0x00, 0x80, 0xbf,
  0x00, 0x00, 0x80, 0xbf, 0x00, 0x00, 0x80, 0xbf, 0x00, 0x00, 0x80, 0xbf, 0x00, 0x00, 0x80, 0xbf,
  0x00, 0x00, 0x80, 0xbf, 0x00, 0x00, 0x80, 0xbf, 0x00, 0x00, 0x80, 0xbf, 0x00, 0x00, 0x80, 0xbf,
  0x00, 0x00, 0x80, 0xbf, 0x00, 0x00, 0x80, 0xbf, 0x00, 0x00, 0x80, 0xbf, 0x00, 0x00, 0x80, 0xbf,
  0x00, 0x00, 0x80, 0xbf, 0x00, 0x00, 0x80, 0xbf, 0x00, 0x00, 0x80, 0xbf, 0x00, 0x00, 0x80, 0xbf,
  0x00, 0x00, 0x80, 0xbf, 0x00, 0x00, 0x80, 0xbf, 0x00, 0x00, 0x80, 0xbf, 0x00, 0x00, 0x80, 0xbf,
  0x00, 0x00, 0x80, 0xbf, 0x00, 0x00, 0x80, 0xbf, 0x00, 0x00, 0x80, 0xbf, 0x00, 0x00, 0x80, 0xbf,
  0x00, 0x00, 0x80, 0xbf, 0x00, 0x00, 0x80, 0xbf, 0x00, 0x00, 0x80, 0xbf, 0x00, 0x00, 0x80, 0xbf,
  0x00, 0x00, 0x80, 0xbf, 0x00, 0x00, 0x80, 0xbf, 0x00, 0x00, 0x80, 0xbf, 0x00, 0x00, 0x80, 0xbf,
  0x00, 0x00, 0x80, 0xbf, 0x00, 0x00, 0x80, 0xbf, 0x00, 0x00, 0x80, 0xbf, 0x00, 0x00, 0x80, 0xbf,
  0x00, 0x00, 0x80, 0xbf, 0x00, 0x00, 0x80, 0xbf, 0x00, 0x00, 0x80, 0xbf, 0x00, 0x00, 0x80, 0xbf,
  0x00, 0x00, 0x80, 0xbf, 0x00, 0x00, 0x80, 0xbf, 0x00, 0x00, 0x80, 0xbf, 0x00, 0x00, 0x80, 0xbf,
  0x00, 0x00, 0x80, 0xbf, 0x00, 0x00, 0x80, 0xbf, 0x00, 0x00, 0x80, 0xbf, 0x00, 0x00, 0x80, 0xbf,
  0x00, 0x00, 0x80, 0xbf, 0x00, 0x00, 0x80, 0xbf, 0x00, 0x00, 0x80, 0xbf, 0x00, 0x00, 0x80, 0xbf,
  0x00, 0x00, 0x80, 0xbf, 0x00, 0x00, 0x80, 0xbf, 0x00, 0x00, 0x80, 0xbf, 0x00, 0x00, 0x80, 0xbf,
  0x00, 0x00, 0x80, 0xbf, 0x00, 0x00, 0x80, 0xbf, 0x00, 0x00, 0x80, 0xbf, 0x00, 0x00, 0x80, 0xbf,
  0x00, 0x00, 0x80, 0xbf, 0x00, 0x00, 0x80, 0xbf, 0x00, 0x00, 0x80, 0xbf, 0x00, 0x00, 0x80, 0xbf,
  0x00, 0x00, 0x80, 0xbf, 0x00, 0x00, 0x80, 0xbf, 0x00, 0x00, 0x80, 0xbf, 0x00, 0x00, 0x80, 0xbf,
  0x00, 0x00, 0x80, 0xbf, 0x00, 0x00, 0x80, 0xbf, 0x00, 0x00, 0x80, 0xbf, 0x00, 0x00, 0x80, 0xbf,
  0x00, 0x00, 0x80, 0xbf, 0x00, 0x00, 0x80, 0xbf, 0x00, 0x00, 0x80, 0xbf, 0x00, 0x00, 0x80, 0xbf,
  0x00, 0x00, 0x80, 0xbf, 0x00, 0x00, 0x80, 0xbf, 0x00, 0x00, 0x80, 0xbf, 0x00, 0x00, 0x80, 0xbf,
  0x00, 0x00, 0x80, 0xbf, 0x00, 0x00, 0x80, 0xbf, 0x00, 0x00, 0x80, 0xbf, 0x00, 0x00, 0x80, 0xbf,
  0x00, 0x00, 0x80, 0xbf, 0x00, 0x00, 0x80, 0xbf, 0x00, 0x00, 0x80, 0xbf, 0x00, 0x00, 0x80, 0xbf,
  0x00, 0x00, 0x80, 0xbf, 0x00, 0x00, 0x80, 0xbf, 0x00, 0x00, 0x80, 0xbf, 0x00, 0x00, 0x80, 0xbf,
  0x00, 0x00, 0x80, 0xbf, 0x00, 0x00, 0x80, 0xbf, 0x00, 0x00, 0x80, 0xbf, 0x00, 0x00, 0x80, 0xbf,
  0x00, 0x00, 0x80, 0xbf, 0x00, 0x00, 0x80, 0xbf, 0x00, 0x00, 0x80, 0xbf, 0x00, 0x00, 0x80, 0xbf,
  0x00, 0x00, 0x80, 0xbf, 0x00, 0x00, 0x80, 0xbf, 0x00, 0x00, 0x80, 0xbf, 0x00, 0x00, 0x80, 0xbf,
  0x00, 0x00, 0x80, 0xbf, 0x00, 0x00, 0x80, 0xbf, 0x00, 0x00, 0x80, 0xbf, 0x00, 0x00, 0x80, 0xbf,
  0x06, 0x00, 0x00, 0x00, 0x00, 0x00, 0x00, 0x00, 0x88, 0x0a, 0x00, 0x00, 0x00, 0x00, 0x00, 0x00,
  0x0b, 0x00, 0x00, 0x00, 0x00, 0x00, 0x00, 0x00, 0x18, 0x00, 0x00, 0x00, 0x00, 0x00, 0x00, 0x00,
  0x05, 0x00, 0x00, 0x00, 0x00, 0x00, 0x00, 0x00, 0x14, 0x0b, 0x00, 0x00, 0x00, 0x00, 0x00, 0x00,
  0x0a, 0x00, 0x00, 0x00, 0x00, 0x00, 0x00, 0x00, 0x32, 0x00, 0x00, 0x00, 0x00, 0x00, 0x00, 0x00,
  0xf5, 0xfe, 0xff, 0x6f, 0x00, 0x00, 0x00, 0x00, 0xd0, 0x0a, 0x00, 0x00, 0x00, 0x00, 0x00, 0x00,
  0x04, 0x00, 0x00, 0x00, 0x00, 0x00, 0x00, 0x00, 0xf4, 0x0a, 0x00, 0x00, 0x00, 0x00, 0x00, 0x00,
  0x00, 0x00, 0x00, 0x00, 0x00, 0x00, 0x00, 0x00, 0x00, 0x00, 0x00, 0x00, 0x00, 0x00, 0x00, 0x00,
  0x01, 0x11, 0x01, 0x25, 0x0e, 0x13, 0x05, 0x03, 0x0e, 0x10, 0x17, 0x1b, 0x0e, 0x11, 0x01, 0x12,
  0x06, 0x00, 0x00, 0x02, 0x2e, 0x00, 0x03, 0x0e, 0x20, 0x0b, 0x00, 0x00, 0x03, 0x2e, 0x01, 0x11,
  0x01, 0x12, 0x06, 0x31, 0x13, 0x00, 0x00, 0x04, 0x1d, 0x01, 0x31, 0x13, 0x11, 0x01, 0x12, 0x06,
  0x58, 0x0b, 0x59, 0x0b, 0x57, 0x0b, 0x00, 0x00, 0x05, 0x1d, 0x00, 0x31, 0x13, 0x11, 0x01, 0x12,
  0x06, 0x58, 0x0b, 0x59, 0x0b, 0x57, 0x0b, 0x00, 0x00, 0x00, 0x74, 0x72, 0x69, 0x74, 0x6f, 0x6e,
  0x00, 0x2f, 0x73, 0x68, 0x61, 0x72, 0x65, 0x64, 0x5f, 0x6e, 0x66, 0x73, 0x2f, 0x6b, 0x79, 0x6c,
  0x65, 0x2f, 0x67, 0x66, 0x78, 0x39, 0x2d, 0x67, 0x6c, 0x75, 0x6f, 0x6e, 0x2d, 0x74, 0x75, 0x74,
  0x6f, 0x72, 0x69, 0x61, 0x6c, 0x73, 0x2f, 0x6b, 0x65, 0x72, 0x6e, 0x65, 0x6c, 0x73, 0x2f, 0x67,
  0x65, 0x6d, 0x6d, 0x2f, 0x61, 0x34, 0x77, 0x34, 0x00, 0x6d, 0x78, 0x66, 0x70, 0x34, 0x5f, 0x67,
  0x6c, 0x75, 0x6f, 0x6e, 0x5f, 0x61, 0x73, 0x6d, 0x5f, 0x6b, 0x65, 0x72, 0x6e, 0x65, 0x6c, 0x00,
  0x6d, 0x61, 0x74, 0x6d, 0x75, 0x6c, 0x5f, 0x6b, 0x65, 0x72, 0x6e, 0x65, 0x6c, 0x2e, 0x70, 0x79,
  0x00, 0x00, 0x00, 0x00, 0x00, 0x00, 0x00, 0x00, 0x1c, 0x00, 0x00, 0x00, 0xff, 0xff, 0xff, 0xff,
  0x04, 0x5b, 0x6c, 0x6c, 0x76, 0x6d, 0x3a, 0x76, 0x30, 0x2e, 0x30, 0x5d, 0x00, 0x08, 0x00, 0x04,
  0x04, 0x10, 0x00, 0x00, 0x00, 0x00, 0x00, 0x00, 0x14, 0x00, 0x00, 0x00, 0x00, 0x00, 0x00, 0x00,
  0x00, 0x1c, 0x00, 0x00, 0x00, 0x00, 0x00, 0x00, 0x18, 0x4e, 0x00, 0x00, 0x00, 0x00, 0x00, 0x00,
  0x4c, 0x69, 0x6e, 0x6b, 0x65, 0x72, 0x3a, 0x20, 0x4c, 0x4c, 0x44, 0x20, 0x32, 0x30, 0x2e, 0x30,
  0x2e, 0x30, 0x20, 0x28, 0x68, 0x74, 0x74, 0x70, 0x73, 0x3a, 0x2f, 0x2f, 0x67, 0x69, 0x74, 0x68,
  0x75, 0x62, 0x2e, 0x63, 0x6f, 0x6d, 0x2f, 0x52, 0x4f, 0x43, 0x6d, 0x2f, 0x6c, 0x6c, 0x76, 0x6d,
  0x2d, 0x70, 0x72, 0x6f, 0x6a, 0x65, 0x63, 0x74, 0x2e, 0x67, 0x69, 0x74, 0x20, 0x32, 0x37, 0x36,
  0x38, 0x32, 0x61, 0x31, 0x36, 0x33, 0x36, 0x30, 0x65, 0x33, 0x33, 0x65, 0x33, 0x37, 0x63, 0x34,
  0x66, 0x33, 0x63, 0x63, 0x36, 0x61, 0x64, 0x66, 0x39, 0x61, 0x36, 0x32, 0x30, 0x37, 0x33, 0x33,
  0x66, 0x38, 0x66, 0x65, 0x31, 0x29, 0x00, 0x00, 0x00, 0x00, 0x00, 0x00, 0x00, 0x00, 0x00, 0x00,
  0x00, 0x00, 0x00, 0x00, 0x00, 0x00, 0x00, 0x00, 0x00, 0x00, 0x00, 0x00, 0x00, 0x00, 0x00, 0x00,
  0x01, 0x00, 0x00, 0x00, 0x00, 0x00, 0xf1, 0xff, 0xf5, 0x00, 0x00, 0x00, 0x00, 0x00, 0x00, 0x00,
  0x00, 0x00, 0x00, 0x00, 0x00, 0x00, 0x00, 0x00, 0x21, 0x00, 0x00, 0x00, 0x00, 0x00, 0xf1, 0xff,
  0x00, 0x01, 0x00, 0x00, 0x00, 0x00, 0x00, 0x00, 0x00, 0x00, 0x00, 0x00, 0x00, 0x00, 0x00, 0x00,
  0x41, 0x00, 0x00, 0x00, 0x00, 0x00, 0xf1, 0xff, 0x45, 0x00, 0x00, 0x00, 0x00, 0x00, 0x00, 0x00,
  0x00, 0x00, 0x00, 0x00, 0x00, 0x00, 0x00, 0x00, 0x66, 0x00, 0x00, 0x00, 0x00, 0x00, 0xf1, 0xff,
  0x00, 0x00, 0x00, 0x00, 0x00, 0x00, 0x00, 0x00, 0x00, 0x00, 0x00, 0x00, 0x00, 0x00, 0x00, 0x00,
  0x8f, 0x00, 0x00, 0x00, 0x00, 0x00, 0xf1, 0xff, 0x00, 0x00, 0x00, 0x00, 0x00, 0x00, 0x00, 0x00,
  0x00, 0x00, 0x00, 0x00, 0x00, 0x00, 0x00, 0x00, 0xb7, 0x00, 0x00, 0x00, 0x00, 0x00, 0xf1, 0xff,
  0x01, 0x00, 0x00, 0x00, 0x00, 0x00, 0x00, 0x00, 0x00, 0x00, 0x00, 0x00, 0x00, 0x00, 0x00, 0x00,
  0xd7, 0x00, 0x00, 0x00, 0x00, 0x00, 0xf1, 0xff, 0x00, 0x00, 0x00, 0x00, 0x00, 0x00, 0x00, 0x00,
  0x00, 0x00, 0x00, 0x00, 0x00, 0x00, 0x00, 0x00, 0x00, 0x01, 0x00, 0x00, 0x00, 0x00, 0xf1, 0xff,
  0x00, 0x00, 0x00, 0x00, 0x00, 0x00, 0x00, 0x00, 0x00, 0x00, 0x00, 0x00, 0x00, 0x00, 0x00, 0x00,
  0x2b, 0x01, 0x00, 0x00, 0x00, 0x00, 0xf1, 0xff, 0x00, 0x00, 0x00, 0x00, 0x00, 0x00, 0x00, 0x00,
  0x00, 0x00, 0x00, 0x00, 0x00, 0x00, 0x00, 0x00, 0x50, 0x01, 0x00, 0x00, 0x00, 0x00, 0xf1, 0xff,
  0x00, 0x00, 0x00, 0x00, 0x00, 0x00, 0x00, 0x00, 0x00, 0x00, 0x00, 0x00, 0x00, 0x00, 0x00, 0x00,
  0x79, 0x01, 0x00, 0x00, 0x00, 0x00, 0xf1, 0xff, 0x00, 0x00, 0x00, 0x00, 0x00, 0x00, 0x00, 0x00,
  0x00, 0x00, 0x00, 0x00, 0x00, 0x00, 0x00, 0x00, 0x8d, 0x01, 0x00, 0x00, 0x00, 0x00, 0xf1, 0xff,
  0x00, 0x00, 0x00, 0x00, 0x00, 0x00, 0x00, 0x00, 0x00, 0x00, 0x00, 0x00, 0x00, 0x00, 0x00, 0x00,
  0xa1, 0x01, 0x00, 0x00, 0x00, 0x00, 0xf1, 0xff, 0x00, 0x00, 0x00, 0x00, 0x00, 0x00, 0x00, 0x00,
  0x00, 0x00, 0x00, 0x00, 0x00, 0x00, 0x00, 0x00, 0xb5, 0x01, 0x00, 0x00, 0x00, 0x00, 0xf1, 0xff,
  0x00, 0x00, 0x00, 0x00, 0x00, 0x00, 0x00, 0x00, 0x00, 0x00, 0x00, 0x00, 0x00, 0x00, 0x00, 0x00,
  0x03, 0x02, 0x00, 0x00, 0x00, 0x02, 0x08, 0x00, 0x40, 0x7e, 0x00, 0x00, 0x00, 0x00, 0x00, 0x00,
  0x00, 0x00, 0x00, 0x00, 0x00, 0x00, 0x00, 0x00, 0xd2, 0x01, 0x00, 0x00, 0x12, 0x03, 0x07, 0x00,
  0x00, 0x1c, 0x00, 0x00, 0x00, 0x00, 0x00, 0x00, 0x18, 0x4e, 0x00, 0x00, 0x00, 0x00, 0x00, 0x00,
  0xe9, 0x01, 0x00, 0x00, 0x11, 0x00, 0x06, 0x00, 0x80, 0x0b, 0x00, 0x00, 0x00, 0x00, 0x00, 0x00,
  0x40, 0x00, 0x00, 0x00, 0x00, 0x00, 0x00, 0x00, 0x00, 0x2e, 0x6e, 0x6f, 0x74, 0x65, 0x00, 0x2e,
  0x64, 0x79, 0x6e, 0x73, 0x79, 0x6d, 0x00, 0x2e, 0x67, 0x6e, 0x75, 0x2e, 0x68, 0x61, 0x73, 0x68,
  0x00, 0x2e, 0x68, 0x61, 0x73, 0x68, 0x00, 0x2e, 0x64, 0x79, 0x6e, 0x73, 0x74, 0x72, 0x00, 0x2e,
  0x72, 0x6f, 0x64, 0x61, 0x74, 0x61, 0x00, 0x2e, 0x74, 0x65, 0x78, 0x74, 0x00, 0x2e, 0x64, 0x79,
  0x6e, 0x61, 0x6d, 0x69, 0x63, 0x00, 0x2e, 0x72, 0x65, 0x6c, 0x72, 0x6f, 0x5f, 0x70, 0x61, 0x64,
  0x64, 0x69, 0x6e, 0x67, 0x00, 0x2e, 0x41, 0x4d, 0x44, 0x47, 0x50, 0x55, 0x2e, 0x63, 0x73, 0x64,
  0x61, 0x74, 0x61, 0x00, 0x2e, 0x41, 0x4d, 0x44, 0x47, 0x50, 0x55, 0x2e, 0x67, 0x70, 0x72, 0x5f,
  0x6d, 0x61, 0x78, 0x69, 0x6d, 0x75, 0x6d, 0x73, 0x00, 0x2e, 0x64, 0x65, 0x62, 0x75, 0x67, 0x5f,
  0x61, 0x62, 0x62, 0x72, 0x65, 0x76, 0x00, 0x2e, 0x64, 0x65, 0x62, 0x75, 0x67, 0x5f, 0x73, 0x74,
  0x72, 0x00, 0x2e, 0x64, 0x65, 0x62, 0x75, 0x67, 0x5f, 0x6c, 0x69, 0x6e, 0x65, 0x00, 0x2e, 0x64,
  0x65, 0x62, 0x75, 0x67, 0x5f, 0x66, 0x72, 0x61, 0x6d, 0x65, 0x00, 0x2e, 0x63, 0x6f, 0x6d, 0x6d,
  0x65, 0x6e, 0x74, 0x00, 0x2e, 0x73, 0x79, 0x6d, 0x74, 0x61, 0x62, 0x00, 0x2e, 0x73, 0x68, 0x73,
  0x74, 0x72, 0x74, 0x61, 0x62, 0x00, 0x2e, 0x73, 0x74, 0x72, 0x74, 0x61, 0x62, 0x00, 0x00, 0x6d,
  0x78, 0x66, 0x70, 0x34, 0x5f, 0x67, 0x6c, 0x75, 0x6f, 0x6e, 0x5f, 0x61, 0x73, 0x6d, 0x5f, 0x6b,
  0x65, 0x72, 0x6e, 0x65, 0x6c, 0x2e, 0x6e, 0x75, 0x6d, 0x5f, 0x76, 0x67, 0x70, 0x72, 0x00, 0x6d,
  0x78, 0x66, 0x70, 0x34, 0x5f, 0x67, 0x6c, 0x75, 0x6f, 0x6e, 0x5f, 0x61, 0x73, 0x6d, 0x5f, 0x6b,
  0x65, 0x72, 0x6e, 0x65, 0x6c, 0x2e, 0x6e, 0x75, 0x6d, 0x5f, 0x61, 0x67, 0x70, 0x72, 0x00, 0x6d,
  0x78, 0x66, 0x70, 0x34, 0x5f, 0x67, 0x6c, 0x75, 0x6f, 0x6e, 0x5f, 0x61, 0x73, 0x6d, 0x5f, 0x6b,
  0x65, 0x72, 0x6e, 0x65, 0x6c, 0x2e, 0x6e, 0x75, 0x6d, 0x62, 0x65, 0x72, 0x65, 0x64, 0x5f, 0x73,
  0x67, 0x70, 0x72, 0x00, 0x6d, 0x78, 0x66, 0x70, 0x34, 0x5f, 0x67, 0x6c, 0x75, 0x6f, 0x6e, 0x5f,
  0x61, 0x73, 0x6d, 0x5f, 0x6b, 0x65, 0x72, 0x6e, 0x65, 0x6c, 0x2e, 0x6e, 0x75, 0x6d, 0x5f, 0x6e,
  0x61, 0x6d, 0x65, 0x64, 0x5f, 0x62, 0x61, 0x72, 0x72, 0x69, 0x65, 0x72, 0x00, 0x6d, 0x78, 0x66,
  0x70, 0x34, 0x5f, 0x67, 0x6c, 0x75, 0x6f, 0x6e, 0x5f, 0x61, 0x73, 0x6d, 0x5f, 0x6b, 0x65, 0x72,
  0x6e, 0x65, 0x6c, 0x2e, 0x70, 0x72, 0x69, 0x76, 0x61, 0x74, 0x65, 0x5f, 0x73, 0x65, 0x67, 0x5f,
  0x73, 0x69, 0x7a, 0x65, 0x00, 0x6d, 0x78, 0x66, 0x70, 0x34, 0x5f, 0x67, 0x6c, 0x75, 0x6f, 0x6e,
  0x5f, 0x61, 0x73, 0x6d, 0x5f, 0x6b, 0x65, 0x72, 0x6e, 0x65, 0x6c, 0x2e, 0x75, 0x73, 0x65, 0x73,
  0x5f, 0x76, 0x63, 0x63, 0x00, 0x6d, 0x78, 0x66, 0x70, 0x34, 0x5f, 0x67, 0x6c, 0x75, 0x6f, 0x6e,
  0x5f, 0x61, 0x73, 0x6d, 0x5f, 0x6b, 0x65, 0x72, 0x6e, 0x65, 0x6c, 0x2e, 0x75, 0x73, 0x65, 0x73,
  0x5f, 0x66, 0x6c, 0x61, 0x74, 0x5f, 0x73, 0x63, 0x72, 0x61, 0x74, 0x63, 0x68, 0x00, 0x6d, 0x78,
  0x66, 0x70, 0x34, 0x5f, 0x67, 0x6c, 0x75, 0x6f, 0x6e, 0x5f, 0x61, 0x73, 0x6d, 0x5f, 0x6b, 0x65,
  0x72, 0x6e, 0x65, 0x6c, 0x2e, 0x68, 0x61, 0x73, 0x5f, 0x64, 0x79, 0x6e, 0x5f, 0x73, 0x69, 0x7a,
  0x65, 0x64, 0x5f, 0x73, 0x74, 0x61, 0x63, 0x6b, 0x00, 0x6d, 0x78, 0x66, 0x70, 0x34, 0x5f, 0x67,
  0x6c, 0x75, 0x6f, 0x6e, 0x5f, 0x61, 0x73, 0x6d, 0x5f, 0x6b, 0x65, 0x72, 0x6e, 0x65, 0x6c, 0x2e,
  0x68, 0x61, 0x73, 0x5f, 0x72, 0x65, 0x63, 0x75, 0x72, 0x73, 0x69, 0x6f, 0x6e, 0x00, 0x6d, 0x78,
  0x66, 0x70, 0x34, 0x5f, 0x67, 0x6c, 0x75, 0x6f, 0x6e, 0x5f, 0x61, 0x73, 0x6d, 0x5f, 0x6b, 0x65,
  0x72, 0x6e, 0x65, 0x6c, 0x2e, 0x68, 0x61, 0x73, 0x5f, 0x69, 0x6e, 0x64, 0x69, 0x72, 0x65, 0x63,
  0x74, 0x5f, 0x63, 0x61, 0x6c, 0x6c, 0x00, 0x61, 0x6d, 0x64, 0x67, 0x70, 0x75, 0x2e, 0x6d, 0x61,
  0x78, 0x5f, 0x6e, 0x75, 0x6d, 0x5f, 0x76, 0x67, 0x70, 0x72, 0x00, 0x61, 0x6d, 0x64, 0x67, 0x70,
  0x75, 0x2e, 0x6d, 0x61, 0x78, 0x5f, 0x6e, 0x75, 0x6d, 0x5f, 0x61, 0x67, 0x70, 0x72, 0x00, 0x61,
  0x6d, 0x64, 0x67, 0x70, 0x75, 0x2e, 0x6d, 0x61, 0x78, 0x5f, 0x6e, 0x75, 0x6d, 0x5f, 0x73, 0x67,
  0x70, 0x72, 0x00, 0x61, 0x6d, 0x64, 0x67, 0x70, 0x75, 0x2e, 0x6d, 0x61, 0x78, 0x5f, 0x6e, 0x75,
  0x6d, 0x5f, 0x6e, 0x61, 0x6d, 0x65, 0x64, 0x5f, 0x62, 0x61, 0x72, 0x72, 0x69, 0x65, 0x72, 0x00,
  0x6d, 0x78, 0x66, 0x70, 0x34, 0x5f, 0x67, 0x6c, 0x75, 0x6f, 0x6e, 0x5f, 0x61, 0x73, 0x6d, 0x5f,
  0x6b, 0x65, 0x72, 0x6e, 0x65, 0x6c, 0x00, 0x6d, 0x78, 0x66, 0x70, 0x34, 0x5f, 0x67, 0x6c, 0x75,
  0x6f, 0x6e, 0x5f, 0x61, 0x73, 0x6d, 0x5f, 0x6b, 0x65, 0x72, 0x6e, 0x65, 0x6c, 0x2e, 0x6b, 0x64,
  0x00, 0x5f, 0x44, 0x59, 0x4e, 0x41, 0x4d, 0x49, 0x43, 0x00, 0x00, 0x00, 0x00, 0x00, 0x00, 0x00,
  0x00, 0x00, 0x00, 0x00, 0x00, 0x00, 0x00, 0x00, 0x00, 0x00, 0x00, 0x00, 0x00, 0x00, 0x00, 0x00,
  0x00, 0x00, 0x00, 0x00, 0x00, 0x00, 0x00, 0x00, 0x00, 0x00, 0x00, 0x00, 0x00, 0x00, 0x00, 0x00,
  0x00, 0x00, 0x00, 0x00, 0x00, 0x00, 0x00, 0x00, 0x00, 0x00, 0x00, 0x00, 0x00, 0x00, 0x00, 0x00,
  0x00, 0x00, 0x00, 0x00, 0x00, 0x00, 0x00, 0x00, 0x00, 0x00, 0x00, 0x00, 0x00, 0x00, 0x00, 0x00,
  0x01, 0x00, 0x00, 0x00, 0x07, 0x00, 0x00, 0x00, 0x02, 0x00, 0x00, 0x00, 0x00, 0x00, 0x00, 0x00,
  0x00, 0x02, 0x00, 0x00, 0x00, 0x00, 0x00, 0x00, 0x00, 0x02, 0x00, 0x00, 0x00, 0x00, 0x00, 0x00,
  0x84, 0x08, 0x00, 0x00, 0x00, 0x00, 0x00, 0x00, 0x00, 0x00, 0x00, 0x00, 0x00, 0x00, 0x00, 0x00,
  0x04, 0x00, 0x00, 0x00, 0x00, 0x00, 0x00, 0x00, 0x00, 0x00, 0x00, 0x00, 0x00, 0x00, 0x00, 0x00,
  0x07, 0x00, 0x00, 0x00, 0x0b, 0x00, 0x00, 0x00, 0x02, 0x00, 0x00, 0x00, 0x00, 0x00, 0x00, 0x00,
  0x88, 0x0a, 0x00, 0x00, 0x00, 0x00, 0x00, 0x00, 0x88, 0x0a, 0x00, 0x00, 0x00, 0x00, 0x00, 0x00,
  0x48, 0x00, 0x00, 0x00, 0x00, 0x00, 0x00, 0x00, 0x05, 0x00, 0x00, 0x00, 0x01, 0x00, 0x00, 0x00,
  0x08, 0x00, 0x00, 0x00, 0x00, 0x00, 0x00, 0x00, 0x18, 0x00, 0x00, 0x00, 0x00, 0x00, 0x00, 0x00,
  0x0f, 0x00, 0x00, 0x00, 0xf6, 0xff, 0xff, 0x6f, 0x02, 0x00, 0x00, 0x00, 0x00, 0x00, 0x00, 0x00,
  0xd0, 0x0a, 0x00, 0x00, 0x00, 0x00, 0x00, 0x00, 0xd0, 0x0a, 0x00, 0x00, 0x00, 0x00, 0x00, 0x00,
  0x24, 0x00, 0x00, 0x00, 0x00, 0x00, 0x00, 0x00, 0x02, 0x00, 0x00, 0x00, 0x00, 0x00, 0x00, 0x00,
  0x08, 0x00, 0x00, 0x00, 0x00, 0x00, 0x00, 0x00, 0x00, 0x00, 0x00, 0x00, 0x00, 0x00, 0x00, 0x00,
  0x19, 0x00, 0x00, 0x00, 0x05, 0x00, 0x00, 0x00, 0x02, 0x00, 0x00, 0x00, 0x00, 0x00, 0x00, 0x00,
  0xf4, 0x0a, 0x00, 0x00, 0x00, 0x00, 0x00, 0x00, 0xf4, 0x0a, 0x00, 0x00, 0x00, 0x00, 0x00, 0x00,
  0x20, 0x00, 0x00, 0x00, 0x00, 0x00, 0x00, 0x00, 0x02, 0x00, 0x00, 0x00, 0x00, 0x00, 0x00, 0x00,
  0x04, 0x00, 0x00, 0x00, 0x00, 0x00, 0x00, 0x00, 0x04, 0x00, 0x00, 0x00, 0x00, 0x00, 0x00, 0x00,
  0x1f, 0x00, 0x00, 0x00, 0x03, 0x00, 0x00, 0x00, 0x02, 0x00, 0x00, 0x00, 0x00, 0x00, 0x00, 0x00,
  0x14, 0x0b, 0x00, 0x00, 0x00, 0x00, 0x00, 0x00, 0x14, 0x0b, 0x00, 0x00, 0x00, 0x00, 0x00, 0x00,
  0x32, 0x00, 0x00, 0x00, 0x00, 0x00, 0x00, 0x00, 0x00, 0x00, 0x00, 0x00, 0x00, 0x00, 0x00, 0x00,
  0x01, 0x00, 0x00, 0x00, 0x00, 0x00, 0x00, 0x00, 0x00, 0x00, 0x00, 0x00, 0x00, 0x00, 0x00, 0x00,
  0x27, 0x00, 0x00, 0x00, 0x01, 0x00, 0x00, 0x00, 0x02, 0x00, 0x00, 0x00, 0x00, 0x00, 0x00, 0x00,
  0x80, 0x0b, 0x00, 0x00, 0x00, 0x00, 0x00, 0x00, 0x80, 0x0b, 0x00, 0x00, 0x00, 0x00, 0x00, 0x00,
  0x40, 0x00, 0x00, 0x00, 0x00, 0x00, 0x00, 0x00, 0x00, 0x00, 0x00, 0x00, 0x00, 0x00, 0x00, 0x00,
  0x40, 0x00, 0x00, 0x00, 0x00, 0x00, 0x00, 0x00, 0x00, 0x00, 0x00, 0x00, 0x00, 0x00, 0x00, 0x00,
  0x2f, 0x00, 0x00, 0x00, 0x01, 0x00, 0x00, 0x00, 0x06, 0x00, 0x00, 0x00, 0x00, 0x00, 0x00, 0x00,
  0x00, 0x1c, 0x00, 0x00, 0x00, 0x00, 0x00, 0x00, 0x00, 0x0c, 0x00, 0x00, 0x00, 0x00, 0x00, 0x00,
  0x40, 0x52, 0x00, 0x00, 0x00, 0x00, 0x00, 0x00, 0x00, 0x00, 0x00, 0x00, 0x00, 0x00, 0x00, 0x00,
  0x00, 0x01, 0x00, 0x00, 0x00, 0x00, 0x00, 0x00, 0x00, 0x00, 0x00, 0x00, 0x00, 0x00, 0x00, 0x00,
  0x35, 0x00, 0x00, 0x00, 0x06, 0x00, 0x00, 0x00, 0x03, 0x00, 0x00, 0x00, 0x00, 0x00, 0x00, 0x00,
  0x40, 0x7e, 0x00, 0x00, 0x00, 0x00, 0x00, 0x00, 0x40, 0x5e, 0x00, 0x00, 0x00, 0x00, 0x00, 0x00,
  0x70, 0x00, 0x00, 0x00, 0x00, 0x00, 0x00, 0x00, 0x05, 0x00, 0x00, 0x00, 0x00, 0x00, 0x00, 0x00,
  0x08, 0x00, 0x00, 0x00, 0x00, 0x00, 0x00, 0x00, 0x10, 0x00, 0x00, 0x00, 0x00, 0x00, 0x00, 0x00,
  0x3e, 0x00, 0x00, 0x00, 0x08, 0x00, 0x00, 0x00, 0x03, 0x00, 0x00, 0x00, 0x00, 0x00, 0x00, 0x00,
  0xb0, 0x7e, 0x00, 0x00, 0x00, 0x00, 0x00, 0x00, 0xb0, 0x5e, 0x00, 0x00, 0x00, 0x00, 0x00, 0x00,
  0x50, 0x01, 0x00, 0x00, 0x00, 0x00, 0x00, 0x00, 0x00, 0x00, 0x00, 0x00, 0x00, 0x00, 0x00, 0x00,
  0x01, 0x00, 0x00, 0x00, 0x00, 0x00, 0x00, 0x00, 0x00, 0x00, 0x00, 0x00, 0x00, 0x00, 0x00, 0x00,
  0x4d, 0x00, 0x00, 0x00, 0x01, 0x00, 0x00, 0x00, 0x00, 0x00, 0x00, 0x00, 0x00, 0x00, 0x00, 0x00,
  0x00, 0x00, 0x00, 0x00, 0x00, 0x00, 0x00, 0x00, 0xb0, 0x5e, 0x00, 0x00, 0x00, 0x00, 0x00, 0x00,
  0x00, 0x00, 0x00, 0x00, 0x00, 0x00, 0x00, 0x00, 0x00, 0x00, 0x00, 0x00, 0x00, 0x00, 0x00, 0x00,
  0x01, 0x00, 0x00, 0x00, 0x00, 0x00, 0x00, 0x00, 0x00, 0x00, 0x00, 0x00, 0x00, 0x00, 0x00, 0x00,
  0x5c, 0x00, 0x00, 0x00, 0x01, 0x00, 0x00, 0x00, 0x00, 0x00, 0x00, 0x00, 0x00, 0x00, 0x00, 0x00,
  0x00, 0x00, 0x00, 0x00, 0x00, 0x00, 0x00, 0x00, 0xb0, 0x5e, 0x00, 0x00, 0x00, 0x00, 0x00, 0x00,
  0x00, 0x00, 0x00, 0x00, 0x00, 0x00, 0x00, 0x00, 0x00, 0x00, 0x00, 0x00, 0x00, 0x00, 0x00, 0x00,
  0x01, 0x00, 0x00, 0x00, 0x00, 0x00, 0x00, 0x00, 0x00, 0x00, 0x00, 0x00, 0x00, 0x00, 0x00, 0x00,
  0x71, 0x00, 0x00, 0x00, 0x01, 0x00, 0x00, 0x00, 0x00, 0x00, 0x00, 0x00, 0x00, 0x00, 0x00, 0x00,
  0x00, 0x00, 0x00, 0x00, 0x00, 0x00, 0x00, 0x00, 0xb0, 0x5e, 0x00, 0x00, 0x00, 0x00, 0x00, 0x00,
  0x4a, 0x00, 0x00, 0x00, 0x00, 0x00, 0x00, 0x00, 0x00, 0x00, 0x00, 0x00, 0x00, 0x00, 0x00, 0x00,
  0x01, 0x00, 0x00, 0x00, 0x00, 0x00, 0x00, 0x00, 0x00, 0x00, 0x00, 0x00, 0x00, 0x00, 0x00, 0x00,
  0x7f, 0x00, 0x00, 0x00, 0x01, 0x00, 0x00, 0x00, 0x30, 0x00, 0x00, 0x00, 0x00, 0x00, 0x00, 0x00,
  0x00, 0x00, 0x00, 0x00, 0x00, 0x00, 0x00, 0x00, 0xfa, 0x5e, 0x00, 0x00, 0x00, 0x00, 0x00, 0x00,
  0x67, 0x00, 0x00, 0x00, 0x00, 0x00, 0x00, 0x00, 0x00, 0x00, 0x00, 0x00, 0x00, 0x00, 0x00, 0x00,
  0x01, 0x00, 0x00, 0x00, 0x00, 0x00, 0x00, 0x00, 0x01, 0x00, 0x00, 0x00, 0x00, 0x00, 0x00, 0x00,
  0x8a, 0x00, 0x00, 0x00, 0x01, 0x00, 0x00, 0x00, 0x00, 0x00, 0x00, 0x00, 0x00, 0x00, 0x00, 0x00,
  0x00, 0x00, 0x00, 0x00, 0x00, 0x00, 0x00, 0x00, 0x61, 0x5f, 0x00, 0x00, 0x00, 0x00, 0x00, 0x00,
  0x00, 0x00, 0x00, 0x00, 0x00, 0x00, 0x00, 0x00, 0x00, 0x00, 0x00, 0x00, 0x00, 0x00, 0x00, 0x00,
  0x01, 0x00, 0x00, 0x00, 0x00, 0x00, 0x00, 0x00, 0x00, 0x00, 0x00, 0x00, 0x00, 0x00, 0x00, 0x00,
  0x96, 0x00, 0x00, 0x00, 0x01, 0x00, 0x00, 0x00, 0x00, 0x00, 0x00, 0x00, 0x00, 0x00, 0x00, 0x00,
  0x00, 0x00, 0x00, 0x00, 0x00, 0x00, 0x00, 0x00, 0x68, 0x5f, 0x00, 0x00, 0x00, 0x00, 0x00, 0x00,
  0x38, 0x00, 0x00, 0x00, 0x00, 0x00, 0x00, 0x00, 0x00, 0x00, 0x00, 0x00, 0x00, 0x00, 0x00, 0x00,
  0x08, 0x00, 0x00, 0x00, 0x00, 0x00, 0x00, 0x00, 0x00, 0x00, 0x00, 0x00, 0x00, 0x00, 0x00, 0x00,
  0xa3, 0x00, 0x00, 0x00, 0x01, 0x00, 0x00, 0x00, 0x30, 0x00, 0x00, 0x00, 0x00, 0x00, 0x00, 0x00,
  0x00, 0x00, 0x00, 0x00, 0x00, 0x00, 0x00, 0x00, 0xa0, 0x5f, 0x00, 0x00, 0x00, 0x00, 0x00, 0x00,
  0x67, 0x00, 0x00, 0x00, 0x00, 0x00, 0x00, 0x00, 0x00, 0x00, 0x00, 0x00, 0x00, 0x00, 0x00, 0x00,
  0x01, 0x00, 0x00, 0x00, 0x00, 0x00, 0x00, 0x00, 0x01, 0x00, 0x00, 0x00, 0x00, 0x00, 0x00, 0x00,
  0xac, 0x00, 0x00, 0x00, 0x02, 0x00, 0x00, 0x00, 0x00, 0x00, 0x00, 0x00, 0x00, 0x00, 0x00, 0x00,
  0x00, 0x00, 0x00, 0x00, 0x00, 0x00, 0x00, 0x00, 0x08, 0x60, 0x00, 0x00, 0x00, 0x00, 0x00, 0x00,
  0xb0, 0x01, 0x00, 0x00, 0x00, 0x00, 0x00, 0x00, 0x13, 0x00, 0x00, 0x00, 0x10, 0x00, 0x00, 0x00,
  0x08, 0x00, 0x00, 0x00, 0x00, 0x00, 0x00, 0x00, 0x18, 0x00, 0x00, 0x00, 0x00, 0x00, 0x00, 0x00,
  0xb4, 0x00, 0x00, 0x00, 0x03, 0x00, 0x00, 0x00, 0x00, 0x00, 0x00, 0x00, 0x00, 0x00, 0x00, 0x00,
  0x00, 0x00, 0x00, 0x00, 0x00, 0x00, 0x00, 0x00, 0xb8, 0x61, 0x00, 0x00, 0x00, 0x00, 0x00, 0x00,
  0xc6, 0x00, 0x00, 0x00, 0x00, 0x00, 0x00, 0x00, 0x00, 0x00, 0x00, 0x00, 0x00, 0x00, 0x00, 0x00,
  0x01, 0x00, 0x00, 0x00, 0x00, 0x00, 0x00, 0x00, 0x00, 0x00, 0x00, 0x00, 0x00, 0x00, 0x00, 0x00,
  0xbe, 0x00, 0x00, 0x00, 0x03, 0x00, 0x00, 0x00, 0x00, 0x00, 0x00, 0x00, 0x00, 0x00, 0x00, 0x00,
  0x00, 0x00, 0x00, 0x00, 0x00, 0x00, 0x00, 0x00, 0x7e, 0x62, 0x00, 0x00, 0x00, 0x00, 0x00, 0x00,
  0x0c, 0x02, 0x00, 0x00, 0x00, 0x00, 0x00, 0x00, 0x00, 0x00, 0x00, 0x00, 0x00, 0x00, 0x00, 0x00,
  0x01, 0x00, 0x00, 0x00, 0x00, 0x00, 0x00, 0x00, 0x00, 0x00, 0x00, 0x00, 0x00, 0x00, 0x00, 0x00,
};
static const unsigned int mxfp4_asm_hsaco_len = 27024;
