R44_OPT_C_repro: SO=/shared_nfs/kyle/test/HipKittens/analysis/fp8_gemm/mi350x/build_R43A/tk_mxfp4_gluon_cpp_n32768_k28672_ts_lgk2_gm7_pfoff104_kx28672_btw_all_R43A_p2b_ctrl.cpython-310-x86_64-linux-gnu.so
R44_OPT_C_repro: M=4096 N=32768 K=28672
R44_OPT_C_repro: MOD_NAME=tk_mxfp4_gluon_cpp_n32768_k28672_ts_lgk2_gm7_pfoff104_kx28672_btw_all_R43A_p2b_ctrl
R44_OPT_C_repro: module loaded
:3:rocdevice.cpp            :420 : 1257967875108 us: [pid:1860587 tid: 0x7f5dddf62000] Initalizing runtime stack, Enumerated GPU agents = 1
:3:rocdevice.cpp            :187 : 1257967875159 us: [pid:1860587 tid: 0x7f5dddf62000] Numa selects cpu agent[1]=0x563d08c2d230(fine=0x563d08c2d440,coarse=0x563d08c2df80) for gpu agent=0x563d09426040 CPU<->GPU XGMI=0
:3:rocsettings.cpp          :277 : 1257967875172 us: [pid:1860587 tid: 0x7f5dddf62000] Using dev kernel arg wa = 2
:3:comgrctx.cpp             :127 : 1257967876544 us: [pid:1860587 tid: 0x7f5dddf62000] Loaded COMGR library version 3.0.
:3:rocdevice.cpp            :1590: 1257967877696 us: [pid:1860587 tid: 0x7f5dddf62000] addressableNumVGPRs=512, totalNumVGPRs=512, vGPRAllocGranule=8, availableRegistersPerCU_=131072
:3:rocdevice.cpp            :1604: 1257967878478 us: [pid:1860587 tid: 0x7f5dddf62000] imageSupport=0
:3:rocdevice.cpp            :1635: 1257967878481 us: [pid:1860587 tid: 0x7f5dddf62000] Gfx Major/Minor/Stepping: 9/5/0
:3:rocdevice.cpp            :1637: 1257967878483 us: [pid:1860587 tid: 0x7f5dddf62000] HMM support: 1, XNACK: 0, Direct host access: 0
:3:rocdevice.cpp            :1639: 1257967878484 us: [pid:1860587 tid: 0x7f5dddf62000] Max SDMA Read Mask: 0xffff, Max SDMA Write Mask: 0xffff
:4:rocdevice.cpp            :2005: 1257967879213 us: [pid:1860587 tid: 0x7f5dddf62000] Allocate hsa host memory 0x7f53f3200000, size 0x400000, numa_node = 1, mem_seg = 0
:4:rocdevice.cpp            :2005: 1257967879439 us: [pid:1860587 tid: 0x7f5dddf62000] Allocate hsa host memory 0x7f5c9ca64000, size 0x38, numa_node = 1, mem_seg = 1
:3:hip_context.cpp          :60  : 1257967880399 us: [pid:1860587 tid: 0x7f5dddf62000] HIP Version: 7.1.25424.4179531dcd, Direct Dispatch: 1
:3:os_posix.cpp             :961 : 1257967880406 us: [pid:1860587 tid: 0x7f5dddf62000] HIP Library Path: /opt/venv/lib/python3.10/site-packages/torch/lib/libamdhip64.so
:3:hip_device_runtime.cpp   :703 : 1257967908585 us: [pid:1860587 tid: 0x7f5dddf62000] [32m hipGetDeviceCount ( 0x7fffb5924b00 ) [0m
:3:hip_device_runtime.cpp   :705 : 1257967908593 us: [pid:1860587 tid: 0x7f5dddf62000] hipGetDeviceCount: Returned hipSuccess : 
:3:hip_device.cpp           :659 : 1257967908626 us: [pid:1860587 tid: 0x7f5dddf62000] [32m hipGetDevicePropertiesR0600 ( 0x563d0994eff0, 0 ) [0m
:3:hip_device.cpp           :661 : 1257967909722 us: [pid:1860587 tid: 0x7f5dddf62000] hipGetDevicePropertiesR0600: Returned hipSuccess : 
:3:hip_device_runtime.cpp   :703 : 1257967909742 us: [pid:1860587 tid: 0x7f5dddf62000] [32m hipGetDeviceCount ( 0x7fffb59249ac ) [0m
:3:hip_device_runtime.cpp   :705 : 1257967910769 us: [pid:1860587 tid: 0x7f5dddf62000] hipGetDeviceCount: Returned hipSuccess : 
:3:hip_device_runtime.cpp   :703 : 1257967910795 us: [pid:1860587 tid: 0x7f5dddf62000] [32m hipGetDeviceCount ( 0x7f5d1b510ee4 ) [0m
:3:hip_device_runtime.cpp   :705 : 1257967911825 us: [pid:1860587 tid: 0x7f5dddf62000] hipGetDeviceCount: Returned hipSuccess : 
:3:hip_device.cpp           :659 : 1257967911829 us: [pid:1860587 tid: 0x7f5dddf62000] [32m hipGetDevicePropertiesR0600 ( 0x7fffb59245e8, 0 ) [0m
:3:hip_device.cpp           :661 : 1257967911830 us: [pid:1860587 tid: 0x7f5dddf62000] hipGetDevicePropertiesR0600: Returned hipSuccess : 
:3:hip_device_runtime.cpp   :703 : 1257967911849 us: [pid:1860587 tid: 0x7f5dddf62000] [32m hipGetDeviceCount ( 0x7fffb5924afc ) [0m
:3:hip_device_runtime.cpp   :705 : 1257967912925 us: [pid:1860587 tid: 0x7f5dddf62000] hipGetDeviceCount: Returned hipSuccess : 
:3:hip_device_runtime.cpp   :687 : 1257967912951 us: [pid:1860587 tid: 0x7f5dddf62000] [32m hipGetDevice ( 0x7fffb59246bc ) [0m
:3:hip_device_runtime.cpp   :699 : 1257967914037 us: [pid:1860587 tid: 0x7f5dddf62000] hipGetDevice: Returned hipSuccess : 0
:3:hip_context.cpp          :365 : 1257967914304 us: [pid:1860587 tid: 0x7f5dddf62000] [32m hipDevicePrimaryCtxGetState ( 0, 0x7fffb59246d4, 0x7fffb59246d8 ) [0m
:3:hip_context.cpp          :379 : 1257967915035 us: [pid:1860587 tid: 0x7f5dddf62000] hipDevicePrimaryCtxGetState: Returned hipSuccess : 
:3:hip_device_runtime.cpp   :687 : 1257967915044 us: [pid:1860587 tid: 0x7f5dddf62000] [32m hipGetDevice ( 0x7fffb59246fc ) [0m
:3:hip_device_runtime.cpp   :699 : 1257967915045 us: [pid:1860587 tid: 0x7f5dddf62000] hipGetDevice: Returned hipSuccess : 0
:3:hip_context.cpp          :365 : 1257967915047 us: [pid:1860587 tid: 0x7f5dddf62000] [32m hipDevicePrimaryCtxGetState ( 0, 0x7fffb5924714, 0x7fffb5924718 ) [0m
:3:hip_context.cpp          :379 : 1257967915048 us: [pid:1860587 tid: 0x7f5dddf62000] hipDevicePrimaryCtxGetState: Returned hipSuccess : 
:3:hip_device_runtime.cpp   :687 : 1257967915055 us: [pid:1860587 tid: 0x7f5dddf62000] [32m hipGetDevice ( 0x7fffb59248ec ) [0m
:3:hip_device_runtime.cpp   :699 : 1257967915977 us: [pid:1860587 tid: 0x7f5dddf62000] hipGetDevice: Returned hipSuccess : 0
:3:hip_context.cpp          :365 : 1257967915978 us: [pid:1860587 tid: 0x7f5dddf62000] [32m hipDevicePrimaryCtxGetState ( 0, 0x7fffb5924904, 0x7fffb5924908 ) [0m
:3:hip_context.cpp          :379 : 1257967915980 us: [pid:1860587 tid: 0x7f5dddf62000] hipDevicePrimaryCtxGetState: Returned hipSuccess : 
:3:hip_device_runtime.cpp   :687 : 1257968124861 us: [pid:1860587 tid: 0x7f5dddf62000] [32m hipGetDevice ( 0x7fffb592464c ) [0m
:3:hip_device_runtime.cpp   :699 : 1257968124874 us: [pid:1860587 tid: 0x7f5dddf62000] hipGetDevice: Returned hipSuccess : 0
:3:hip_context.cpp          :365 : 1257968124880 us: [pid:1860587 tid: 0x7f5dddf62000] [32m hipDevicePrimaryCtxGetState ( 0, 0x7fffb5924664, 0x7fffb5924668 ) [0m
:3:hip_context.cpp          :379 : 1257968124882 us: [pid:1860587 tid: 0x7f5dddf62000] hipDevicePrimaryCtxGetState: Returned hipSuccess : 
:3:hip_device_runtime.cpp   :687 : 1257968124998 us: [pid:1860587 tid: 0x7f5dddf62000] [32m hipGetDevice ( 0x7fffb5924514 ) [0m
:3:hip_device_runtime.cpp   :699 : 1257968126208 us: [pid:1860587 tid: 0x7f5dddf62000] hipGetDevice: Returned hipSuccess : 0
:3:hip_device_runtime.cpp   :687 : 1257968126215 us: [pid:1860587 tid: 0x7f5dddf62000] [32m hipGetDevice ( 0x7fffb5924414 ) [0m
:3:hip_device_runtime.cpp   :699 : 1257968126216 us: [pid:1860587 tid: 0x7f5dddf62000] hipGetDevice: Returned hipSuccess : 0
:3:hip_device_runtime.cpp   :687 : 1257968126228 us: [pid:1860587 tid: 0x7f5dddf62000] [32m hipGetDevice ( 0x7fffb59240fc ) [0m
:3:hip_device_runtime.cpp   :699 : 1257968126230 us: [pid:1860587 tid: 0x7f5dddf62000] hipGetDevice: Returned hipSuccess : 0
:3:hip_stream.cpp           :316 : 1257968127273 us: [pid:1860587 tid: 0x7f5dddf62000] [32m hipDeviceGetStreamPriorityRange ( 0x7fffb59240b0, 0x7fffb59240d0 ) [0m
:3:hip_stream.cpp           :324 : 1257968127275 us: [pid:1860587 tid: 0x7f5dddf62000] hipDeviceGetStreamPriorityRange: Returned hipSuccess : 
:3:hip_error.cpp            :34  : 1257968127294 us: [pid:1860587 tid: 0x7f5dddf62000] [32m hipGetLastError (  ) [0m
:3:hip_device_runtime.cpp   :687 : 1257968128242 us: [pid:1860587 tid: 0x7f5dddf62000] [32m hipGetDevice ( 0x7fffb592390c ) [0m
:3:hip_device_runtime.cpp   :699 : 1257968128243 us: [pid:1860587 tid: 0x7f5dddf62000] hipGetDevice: Returned hipSuccess : 0
:3:hip_graph.cpp            :1075: 1257968128267 us: [pid:1860587 tid: 0x7f5dddf62000] [32m hipStreamIsCapturing ( char array:<null>, 0x7fffb5923b70 ) [0m
:3:hip_graph.cpp            :1076: 1257968129302 us: [pid:1860587 tid: 0x7f5dddf62000] hipStreamIsCapturing: Returned hipSuccess : 
:3:hip_memory.cpp           :759 : 1257968129318 us: [pid:1860587 tid: 0x7f5dddf62000] [32m hipMalloc ( 0x7fffb5923c50, 58720256 ) [0m
:4:rocdevice.cpp            :2179: 1257968130361 us: [pid:1860587 tid: 0x7f5dddf62000] Allocate hsa device memory 0x7f1be7800000, size 0x3800000, hsa_mem_flags 0x0h
:3:rocdevice.cpp            :2219: 1257968131412 us: [pid:1860587 tid: 0x7f5dddf62000] Device=0x563d095eefd0, freeMem_ = 0x47fb800000
:3:hip_memory.cpp           :761 : 1257968131420 us: [pid:1860587 tid: 0x7f5dddf62000] hipMalloc: Returned hipSuccess : 0x7f1be7800000: duration: 2102 us
:3:hip_device_runtime.cpp   :773 : 1257968131445 us: [pid:1860587 tid: 0x7f5dddf62000] [32m hipSetDevice ( 0 ) [0m
:3:hip_device_runtime.cpp   :778 : 1257968132384 us: [pid:1860587 tid: 0x7f5dddf62000] hipSetDevice: Returned hipSuccess : 
:3:hip_device_runtime.cpp   :773 : 1257968132387 us: [pid:1860587 tid: 0x7f5dddf62000] [32m hipSetDevice ( 0 ) [0m
:3:hip_device_runtime.cpp   :778 : 1257968132388 us: [pid:1860587 tid: 0x7f5dddf62000] hipSetDevice: Returned hipSuccess : 
:3:hip_device_runtime.cpp   :687 : 1257968132410 us: [pid:1860587 tid: 0x7f5dddf62000] [32m hipGetDevice ( 0x7fffb5924654 ) [0m
:3:hip_device_runtime.cpp   :699 : 1257968134634 us: [pid:1860587 tid: 0x7f5dddf62000] hipGetDevice: Returned hipSuccess : 0
:3:hip_device_runtime.cpp   :687 : 1257968135596 us: [pid:1860587 tid: 0x7f5dddf62000] [32m hipGetDevice ( 0x7fffb592417c ) [0m
:3:hip_device_runtime.cpp   :699 : 1257968136441 us: [pid:1860587 tid: 0x7f5dddf62000] hipGetDevice: Returned hipSuccess : 0
:3:hip_device_runtime.cpp   :687 : 1257968136450 us: [pid:1860587 tid: 0x7f5dddf62000] [32m hipGetDevice ( 0x7fffb5923e9c ) [0m
:3:hip_device_runtime.cpp   :699 : 1257968136452 us: [pid:1860587 tid: 0x7f5dddf62000] hipGetDevice: Returned hipSuccess : 0
:3:hip_device.cpp           :659 : 1257968136472 us: [pid:1860587 tid: 0x7f5dddf62000] [32m hipGetDevicePropertiesR0600 ( 0x7fffb59238c0, 0 ) [0m
:3:hip_device.cpp           :661 : 1257968137399 us: [pid:1860587 tid: 0x7f5dddf62000] hipGetDevicePropertiesR0600: Returned hipSuccess : 
:3:hip_device_runtime.cpp   :687 : 1257968137404 us: [pid:1860587 tid: 0x7f5dddf62000] [32m hipGetDevice ( 0x7fffb5923e9c ) [0m
:3:hip_device_runtime.cpp   :699 : 1257968137405 us: [pid:1860587 tid: 0x7f5dddf62000] hipGetDevice: Returned hipSuccess : 0
:3:hip_device_runtime.cpp   :687 : 1257968137407 us: [pid:1860587 tid: 0x7f5dddf62000] [32m hipGetDevice ( 0x7fffb5923e4c ) [0m
:3:hip_device_runtime.cpp   :699 : 1257968137408 us: [pid:1860587 tid: 0x7f5dddf62000] hipGetDevice: Returned hipSuccess : 0
:3:hip_context.cpp          :365 : 1257968137417 us: [pid:1860587 tid: 0x7f5dddf62000] [32m hipDevicePrimaryCtxGetState ( 0, 0x7fffb5923e64, 0x7fffb5923e68 ) [0m
:3:hip_context.cpp          :379 : 1257968138638 us: [pid:1860587 tid: 0x7f5dddf62000] hipDevicePrimaryCtxGetState: Returned hipSuccess : 
:3:hip_device_runtime.cpp   :687 : 1257968138642 us: [pid:1860587 tid: 0x7f5dddf62000] [32m hipGetDevice ( 0x7fffb5923e2c ) [0m
:3:hip_device_runtime.cpp   :699 : 1257968138643 us: [pid:1860587 tid: 0x7f5dddf62000] hipGetDevice: Returned hipSuccess : 0
:3:hip_graph.cpp            :1075: 1257968138653 us: [pid:1860587 tid: 0x7f5dddf62000] [32m hipStreamIsCapturing ( char array:<null>, 0x7fffb592406c ) [0m
:3:hip_graph.cpp            :1076: 1257968138657 us: [pid:1860587 tid: 0x7f5dddf62000] hipStreamIsCapturing: Returned hipSuccess : 
:3:hip_device_runtime.cpp   :687 : 1257968139680 us: [pid:1860587 tid: 0x7f5dddf62000] [32m hipGetDevice ( 0x7fffb5923e0c ) [0m
:3:hip_device_runtime.cpp   :699 : 1257968139681 us: [pid:1860587 tid: 0x7f5dddf62000] hipGetDevice: Returned hipSuccess : 0
:3:hip_context.cpp          :365 : 1257968139683 us: [pid:1860587 tid: 0x7f5dddf62000] [32m hipDevicePrimaryCtxGetState ( 0, 0x7fffb5923e24, 0x7fffb5923e28 ) [0m
:3:hip_context.cpp          :379 : 1257968139685 us: [pid:1860587 tid: 0x7f5dddf62000] hipDevicePrimaryCtxGetState: Returned hipSuccess : 
:3:hip_device_runtime.cpp   :687 : 1257968139686 us: [pid:1860587 tid: 0x7f5dddf62000] [32m hipGetDevice ( 0x7fffb5923dec ) [0m
:3:hip_device_runtime.cpp   :699 : 1257968139687 us: [pid:1860587 tid: 0x7f5dddf62000] hipGetDevice: Returned hipSuccess : 0
:3:hip_graph.cpp            :1075: 1257968139689 us: [pid:1860587 tid: 0x7f5dddf62000] [32m hipStreamIsCapturing ( char array:<null>, 0x7fffb592401c ) [0m
:3:hip_graph.cpp            :1076: 1257968139696 us: [pid:1860587 tid: 0x7f5dddf62000] hipStreamIsCapturing: Returned hipSuccess : 
:3:hip_device_runtime.cpp   :687 : 1257968139699 us: [pid:1860587 tid: 0x7f5dddf62000] [32m hipGetDevice ( 0x7fffb5923e8c ) [0m
:3:hip_device_runtime.cpp   :699 : 1257968139700 us: [pid:1860587 tid: 0x7f5dddf62000] hipGetDevice: Returned hipSuccess : 0
:3:hip_platform.cpp         :255 : 1257968140673 us: [pid:1860587 tid: 0x7f5dddf62000] [32m __hipPushCallConfiguration ( {2048,1,1}, {256,1,1}, 0, char array:<null> ) [0m
:3:hip_platform.cpp         :259 : 1257968141569 us: [pid:1860587 tid: 0x7f5dddf62000] __hipPushCallConfiguration: Returned hipSuccess : 
:3:hip_platform.cpp         :264 : 1257968141575 us: [pid:1860587 tid: 0x7f5dddf62000] [32m __hipPopCallConfiguration ( {3046261496,32767,3724515024}, {2875153064,32605,160844544}, 0x7fffb59240c0, 0x7fffb59240b8 ) [0m
:3:hip_platform.cpp         :273 : 1257968141577 us: [pid:1860587 tid: 0x7f5dddf62000] __hipPopCallConfiguration: Returned hipSuccess : 
:3:hip_module.cpp           :825 : 1257968141599 us: [pid:1860587 tid: 0x7f5dddf62000] [32m hipLaunchKernel ( 0x7f5dc0c7f998, {2048,1,1}, {256,1,1}, 0x7fffb59242a0, 0, char array:<null> ) [0m
:3:hip_fatbin.cpp           :511 : 1257968143039 us: [pid:1860587 tid: 0x7f5dddf62000] Looking up generic name of : amdgcn-amd-amdhsa--gfx950:sramecc+:xnack- - amdgcn-amd-amdhsa--gfx9-4-generic:sramecc+:xnack-
:3:hip_fatbin.cpp           :386 : 1257968145338 us: [pid:1860587 tid: 0x7f5dddf62000] Inserting bundle entry of amdgcn-amd-amdhsa--gfx950:sramecc+:xnack- : size: 1203296, data: 0x563d09b34ab0
:3:hip_fatbin.cpp           :537 : 1257968145357 us: [pid:1860587 tid: 0x7f5dddf62000] Device name: amdgcn-amd-amdhsa--gfx950:sramecc+:xnack- Generic name: amdgcn-amd-amdhsa--gfx9-4-generic:sramecc+:xnack-
:3:hip_fatbin.cpp           :542 : 1257968145359 us: [pid:1860587 tid: 0x7f5dddf62000] Using Native code object: gfx950:sramecc+:xnack-
:3:rocdevice.cpp            :2864: 1257968155222 us: [pid:1860587 tid: 0x7f5dddf62000] Number of allocated hardware queues with low priority: 0, with normal priority: 0, with high priority: 0, maximum per priority is: 4
:3:rocdevice.cpp            :2945: 1257968160078 us: [pid:1860587 tid: 0x7f5dddf62000] Created SWq=0x7f5c9ca4c000 to map on HWq=0x7f53f2600000 with size 16384 with priority 1, cooperative: 0
:3:rocdevice.cpp            :3039: 1257968160088 us: [pid:1860587 tid: 0x7f5dddf62000] acquireQueue refCount: 0x7f53f2600000 (1)
:4:rocdevice.cpp            :2179: 1257968160108 us: [pid:1860587 tid: 0x7f5dddf62000] Allocate hsa device memory 0x7f53f2400000, size 0x100000, hsa_mem_flags 0x4h
:4:rocdevice.cpp            :2005: 1257968231079 us: [pid:1860587 tid: 0x7f5dddf62000] Allocate hsa host memory 0x7f53f1e00000, size 0x400000, numa_node = 1, mem_seg = 0
:4:rocvirtual.cpp           :880 : 1257968231187 us: [pid:1860587 tid: 0x7f5dddf62000] Arg0:   = val:0x3800000 (size:0x8)
:4:rocvirtual.cpp           :877 : 1257968232441 us: [pid:1860587 tid: 0x7f5dddf62000] Arg1:   = 0x2a 00 00 00 00 00 00 00 00 00 00 00 00 00 00 00 00 00 00 00 00 00 00 00 00 f4 eb 40 5d 7f 00 00  (size:0x20)
:4:rocvirtual.cpp           :880 : 1257968233509 us: [pid:1860587 tid: 0x7f5dddf62000] Arg2:   = val:0x0 (size:0x1)
:4:rocvirtual.cpp           :877 : 1257968234541 us: [pid:1860587 tid: 0x7f5dddf62000] Arg3:   = 0x00 00 80 e7 1b 7f 00 00 01 00 00 00 00 00 00 00 10 00 00 00 00 00 00 00 00 00 00 00 00 00 00 00  (size:0x20)
:3:rocvirtual.cpp           :3501: 1257968235741 us: [pid:1860587 tid: 0x7f5dddf62000] ShaderName : void at::native::(anonymous namespace)::distribution_elementwise_grid_stride_kernel<unsigned int, 4, at::native::templates::cuda::random_from_to_kernel<at::CUDAGeneratorImpl*>(at::TensorIteratorBase&, unsigned long, long, at::CUDAGeneratorImpl*)::{lambda()#1}::operator()() const::{lambda()#1}::operator()() const::{lambda(hiprandStatePhilox4_32_10*)#2}, at::native::(anonymous namespace)::distribution_nullary_kernel<unsigned char, unsigned int, HIP_vector_type<unsigned int, 4u>, at::CUDAGeneratorImpl*, at::native::templates::cuda::random_from_to_kernel<at::CUDAGeneratorImpl*>(at::TensorIteratorBase&, unsigned long, long, at::CUDAGeneratorImpl*)::{lambda()#1}::operator()() const::{lambda()#1}::operator()() const::{lambda(hiprandStatePhilox4_32_10*)#2}, at::native::templates::cuda::random_from_to_kernel<at::CUDAGeneratorImpl*>(at::TensorIteratorBase&, unsigned long, long, at::CUDAGeneratorImpl*)::{lambda()#1}::operator()() const::{lambda()#1}::operator()() const::{lambda(unsigned int)#1}>(at::TensorIteratorBase&, at::CUDAGeneratorImpl*, at::native::templates::cuda::random_from_to_kernel<at::CUDAGeneratorImpl*>(at::TensorIteratorBase&, unsigned long, long, at::CUDAGeneratorImpl*)::{lambda()#1}::operator()() const::{lambda()#1}::operator()() const::{lambda(hiprandStatePhilox4_32_10*)#2} const&, at::native::templates::cuda::random_from_to_kernel<at::CUDAGeneratorImpl*>(at::TensorIteratorBase&, unsigned long, long, at::CUDAGeneratorImpl*)::{lambda()#1}::operator()() const::{lambda()#1}::operator()() const::{lambda(unsigned int)#1})::{lambda(int, unsigned int)#1}>(long, at::PhiloxCudaState, at::native::templates::cuda::random_from_to_kernel<at::CUDAGeneratorImpl*>(at::TensorIteratorBase&, unsigned long, long, at::CUDAGeneratorImpl*)::{lambda()#1}::operator()() const::{lambda()#1}::operator()() const::{lambda(hiprandStatePhilox4_32_10*)#2}, at::native::(anonymous namespace)::distribution_nullary_kernel<unsigned char, unsigned int, HIP_vector_type<unsigned int, 4u>, at::CUDAGeneratorImpl*, at::native::templates::cuda::random_from_to_kernel<at::CUDAGeneratorImpl*>(at::TensorIteratorBase&, unsigned long, long, at::CUDAGeneratorImpl*)::{lambda()#1}::operator()() const::{lambda()#1}::operator()() const::{lambda(hiprandStatePhilox4_32_10*)#2}, at::native::templates::cuda::random_from_to_kernel<at::CUDAGeneratorImpl*>(at::TensorIteratorBase&, unsigned long, long, at::CUDAGeneratorImpl*)::{lambda()#1}::operator()() const::{lambda()#1}::operator()() const::{lambda(unsigned int)#1}>(at::TensorIteratorBase&, at::CUDAGeneratorImpl*, at::native::templates::cuda::random_from_to_kernel<at::CUDAGeneratorImpl*>(at::TensorIteratorBase&, unsigned long, long, at::CUDAGeneratorImpl*)::{lambda()#1}::operator()() const::{lambda()#1}::operator()() const::{lambda(hiprandStatePhilox4_32_10*)#2} const&, at::native::templates::cuda::random_from_to_kernel<at::CUDAGeneratorImpl*>(at::TensorIteratorBase&, unsigned long, long, at::CUDAGeneratorImpl*)::{lambda()#1}::operator()() const::{lambda()#1}::operator()() const::{lambda(unsigned int)#1})::{lambda(int, unsigned int)#1})
:4:rocvirtual.cpp           :1079: 1257968236748 us: [pid:1860587 tid: 0x7f5dddf62000] SWq=0x7f5c9ca4c000, HWq=0x7f53f2600000, id=1, Dispatch Header = 0xb02 (type=2, barrier=1, acquire=1, release=1), setup=3, grid=[524288, 1, 1], workgroup=[256, 1, 1], private_seg_size=0, group_seg_size=0, kernel_obj=0x7f5bf414bfc0, kernarg_address=0x7f53f2400000, completion_signal=0x0, correlation_id=0, rptr=0, wptr=0
:4:rocvirtual.cpp           :1457: 1257968237762 us: [pid:1860587 tid: 0x7f5dddf62000] SWq=0x7f5c9ca4c000, HWq=0x7f53f2600000, id=1, BarrierAND Header = 0x1503 (type=3, barrier=1, acquire=2, release=2), dep_signal=[0x0, 0x0, 0x0, 0x0, 0x0], completion_signal=0x7f5bf4bff500, rptr=1, wptr=1
:4:commandqueue.cpp         :227 : 1257968238716 us: [pid:1860587 tid: 0x7f5dddf62000] All commands finished for host queue : 0x563d07675b80
:3:hip_module.cpp           :826 : 1257968238726 us: [pid:1860587 tid: 0x7f5dddf62000] hipLaunchKernel: Returned hipSuccess : : duration: 97127 us
:3:hip_error.cpp            :34  : 1257968238737 us: [pid:1860587 tid: 0x7f5dddf62000] [32m hipGetLastError (  ) [0m
:3:hip_device_runtime.cpp   :773 : 1257968239712 us: [pid:1860587 tid: 0x7f5dddf62000] [32m hipSetDevice ( 0 ) [0m
:3:hip_device_runtime.cpp   :778 : 1257968239716 us: [pid:1860587 tid: 0x7f5dddf62000] hipSetDevice: Returned hipSuccess : 
:3:hip_device_runtime.cpp   :687 : 1257968239845 us: [pid:1860587 tid: 0x7f5dddf62000] [32m hipGetDevice ( 0x7fffb5924b24 ) [0m
:3:hip_device_runtime.cpp   :699 : 1257968240741 us: [pid:1860587 tid: 0x7f5dddf62000] hipGetDevice: Returned hipSuccess : 0
:3:hip_device_runtime.cpp   :687 : 1257968240788 us: [pid:1860587 tid: 0x7f5dddf62000] [32m hipGetDevice ( 0x7fffb59240f4 ) [0m
:3:hip_device_runtime.cpp   :699 : 1257968241900 us: [pid:1860587 tid: 0x7f5dddf62000] hipGetDevice: Returned hipSuccess : 0
:3:hip_device_runtime.cpp   :687 : 1257968241904 us: [pid:1860587 tid: 0x7f5dddf62000] [32m hipGetDevice ( 0x7fffb5923ff4 ) [0m
:3:hip_device_runtime.cpp   :699 : 1257968241906 us: [pid:1860587 tid: 0x7f5dddf62000] hipGetDevice: Returned hipSuccess : 0
:3:hip_device_runtime.cpp   :687 : 1257968241910 us: [pid:1860587 tid: 0x7f5dddf62000] [32m hipGetDevice ( 0x7fffb5923cec ) [0m
:3:hip_device_runtime.cpp   :699 : 1257968241912 us: [pid:1860587 tid: 0x7f5dddf62000] hipGetDevice: Returned hipSuccess : 0
:3:hip_error.cpp            :34  : 1257968241923 us: [pid:1860587 tid: 0x7f5dddf62000] [32m hipGetLastError (  ) [0m
:3:hip_device_runtime.cpp   :687 : 1257968242788 us: [pid:1860587 tid: 0x7f5dddf62000] [32m hipGetDevice ( 0x7fffb59234fc ) [0m
:3:hip_device_runtime.cpp   :699 : 1257968242790 us: [pid:1860587 tid: 0x7f5dddf62000] hipGetDevice: Returned hipSuccess : 0
:3:hip_graph.cpp            :1075: 1257968242799 us: [pid:1860587 tid: 0x7f5dddf62000] [32m hipStreamIsCapturing ( char array:<null>, 0x7fffb5923760 ) [0m
:3:hip_graph.cpp            :1076: 1257968242803 us: [pid:1860587 tid: 0x7f5dddf62000] hipStreamIsCapturing: Returned hipSuccess : 
:3:hip_memory.cpp           :759 : 1257968242809 us: [pid:1860587 tid: 0x7f5dddf62000] [32m hipMalloc ( 0x7fffb5923840, 58720256 ) [0m
:4:rocdevice.cpp            :2179: 1257968243893 us: [pid:1860587 tid: 0x7f5dddf62000] Allocate hsa device memory 0x7f1bc9800000, size 0x3800000, hsa_mem_flags 0x0h
:3:rocdevice.cpp            :2219: 1257968244884 us: [pid:1860587 tid: 0x7f5dddf62000] Device=0x563d095eefd0, freeMem_ = 0x47f8000000
:3:hip_memory.cpp           :761 : 1257968244889 us: [pid:1860587 tid: 0x7f5dddf62000] hipMalloc: Returned hipSuccess : 0x7f1bc9800000: duration: 2080 us
:3:hip_device_runtime.cpp   :773 : 1257968244898 us: [pid:1860587 tid: 0x7f5dddf62000] [32m hipSetDevice ( 0 ) [0m
:3:hip_device_runtime.cpp   :778 : 1257968244900 us: [pid:1860587 tid: 0x7f5dddf62000] hipSetDevice: Returned hipSuccess : 
:3:hip_device_runtime.cpp   :773 : 1257968244902 us: [pid:1860587 tid: 0x7f5dddf62000] [32m hipSetDevice ( 0 ) [0m
:3:hip_device_runtime.cpp   :778 : 1257968244903 us: [pid:1860587 tid: 0x7f5dddf62000] hipSetDevice: Returned hipSuccess : 
:3:hip_device_runtime.cpp   :687 : 1257968244916 us: [pid:1860587 tid: 0x7f5dddf62000] [32m hipGetDevice ( 0x7fffb592425c ) [0m
:3:hip_device_runtime.cpp   :699 : 1257968245802 us: [pid:1860587 tid: 0x7f5dddf62000] hipGetDevice: Returned hipSuccess : 0
:3:hip_device_runtime.cpp   :687 : 1257968245804 us: [pid:1860587 tid: 0x7f5dddf62000] [32m hipGetDevice ( 0x7fffb592429c ) [0m
:3:hip_device_runtime.cpp   :699 : 1257968245807 us: [pid:1860587 tid: 0x7f5dddf62000] hipGetDevice: Returned hipSuccess : 0
:3:hip_platform.cpp         :255 : 1257968245816 us: [pid:1860587 tid: 0x7f5dddf62000] [32m __hipPushCallConfiguration ( {14336,1,1}, {256,1,1}, 0, char array:<null> ) [0m
:3:hip_platform.cpp         :259 : 1257968245819 us: [pid:1860587 tid: 0x7f5dddf62000] __hipPushCallConfiguration: Returned hipSuccess : 
:3:hip_platform.cpp         :264 : 1257968245824 us: [pid:1860587 tid: 0x7f5dddf62000] [32m __hipPopCallConfiguration ( {26,16777472,65538}, {3046262304,32767,67108864}, 0x7fffb59244a0, 0x7fffb59244d8 ) [0m
:3:hip_platform.cpp         :273 : 1257968245825 us: [pid:1860587 tid: 0x7f5dddf62000] __hipPopCallConfiguration: Returned hipSuccess : 
:3:hip_module.cpp           :825 : 1257968245832 us: [pid:1860587 tid: 0x7f5dddf62000] [32m hipLaunchKernel ( 0x7f5dc0c79ef0, {14336,1,1}, {256,1,1}, 0x7fffb5924500, 0, char array:<null> ) [0m
:3:hip_fatbin.cpp           :511 : 1257968247226 us: [pid:1860587 tid: 0x7f5dddf62000] Looking up generic name of : amdgcn-amd-amdhsa--gfx950:sramecc+:xnack- - amdgcn-amd-amdhsa--gfx9-4-generic:sramecc+:xnack-
:3:hip_fatbin.cpp           :386 : 1257968250756 us: [pid:1860587 tid: 0x7f5dddf62000] Inserting bundle entry of amdgcn-amd-amdhsa--gfx950:sramecc+:xnack- : size: 3842456, data: 0x563d0ae245a0
:3:hip_fatbin.cpp           :537 : 1257968250768 us: [pid:1860587 tid: 0x7f5dddf62000] Device name: amdgcn-amd-amdhsa--gfx950:sramecc+:xnack- Generic name: amdgcn-amd-amdhsa--gfx9-4-generic:sramecc+:xnack-
:3:hip_fatbin.cpp           :542 : 1257968250770 us: [pid:1860587 tid: 0x7f5dddf62000] Using Native code object: gfx950:sramecc+:xnack-
:4:rocvirtual.cpp           :880 : 1257968260108 us: [pid:1860587 tid: 0x7f5dddf62000] Arg0:   = val:0x3800000 (size:0x4)
:4:rocvirtual.cpp           :880 : 1257968260118 us: [pid:1860587 tid: 0x7f5dddf62000] Arg1:   = val:0x4d8 (size:0x2)
:4:rocvirtual.cpp           :877 : 1257968260122 us: [pid:1860587 tid: 0x7f5dddf62000] Arg2:   = 0x00 00 80 c9 1b 7f 00 00 00 00 80 e7 1b 7f 00 00  (size:0x10)
:3:rocvirtual.cpp           :3501: 1257968260127 us: [pid:1860587 tid: 0x7f5dddf62000] ShaderName : void at::native::vectorized_elementwise_kernel<16, at::native::BUnaryFunctor<unsigned char, unsigned char, unsigned char, at::native::lshift_kernel_cuda(at::TensorIteratorBase&)::{lambda()#1}::operator()() const::{lambda()#1}::operator()() const::{lambda(unsigned char, unsigned char)#1}>, std::array<char*, 2ul> >(int, at::native::BUnaryFunctor<unsigned char, unsigned char, unsigned char, at::native::lshift_kernel_cuda(at::TensorIteratorBase&)::{lambda()#1}::operator()() const::{lambda()#1}::operator()() const::{lambda(unsigned char, unsigned char)#1}>, std::array<char*, 2ul>)
:4:rocvirtual.cpp           :1079: 1257968260133 us: [pid:1860587 tid: 0x7f5dddf62000] SWq=0x7f5c9ca4c000, HWq=0x7f53f2600000, id=1, Dispatch Header = 0xb02 (type=2, barrier=1, acquire=1, release=1), setup=3, grid=[3670016, 1, 1], workgroup=[256, 1, 1], private_seg_size=0, group_seg_size=0, kernel_obj=0x7f53f1a51680, kernarg_address=0x7f53f2400000, completion_signal=0x0, correlation_id=0, rptr=2, wptr=2
:4:rocvirtual.cpp           :1457: 1257968260141 us: [pid:1860587 tid: 0x7f5dddf62000] SWq=0x7f5c9ca4c000, HWq=0x7f53f2600000, id=1, BarrierAND Header = 0x1503 (type=3, barrier=1, acquire=2, release=2), dep_signal=[0x0, 0x0, 0x0, 0x0, 0x0], completion_signal=0x7f5bf4bff480, rptr=3, wptr=3
:4:rocvirtual.cpp           :634 : 1257968260143 us: [pid:1860587 tid: 0x7f5dddf62000] Host wait on completion_signal=0x7f5bf4bff480
:4:commandqueue.cpp         :227 : 1257968260172 us: [pid:1860587 tid: 0x7f5dddf62000] All commands finished for host queue : 0x563d07675b80
:3:hip_module.cpp           :826 : 1257968261276 us: [pid:1860587 tid: 0x7f5dddf62000] hipLaunchKernel: Returned hipSuccess : : duration: 15444 us
:3:hip_error.cpp            :34  : 1257968261281 us: [pid:1860587 tid: 0x7f5dddf62000] [32m hipGetLastError (  ) [0m
:3:hip_device_runtime.cpp   :773 : 1257968261293 us: [pid:1860587 tid: 0x7f5dddf62000] [32m hipSetDevice ( 0 ) [0m
:3:hip_device_runtime.cpp   :778 : 1257968261296 us: [pid:1860587 tid: 0x7f5dddf62000] hipSetDevice: Returned hipSuccess : 
:3:hip_device_runtime.cpp   :687 : 1257968262350 us: [pid:1860587 tid: 0x7f5dddf62000] [32m hipGetDevice ( 0x7fffb5924514 ) [0m
:3:hip_device_runtime.cpp   :699 : 1257968263269 us: [pid:1860587 tid: 0x7f5dddf62000] hipGetDevice: Returned hipSuccess : 0
:3:hip_device_runtime.cpp   :687 : 1257968263274 us: [pid:1860587 tid: 0x7f5dddf62000] [32m hipGetDevice ( 0x7fffb5924414 ) [0m
:3:hip_device_runtime.cpp   :699 : 1257968263275 us: [pid:1860587 tid: 0x7f5dddf62000] hipGetDevice: Returned hipSuccess : 0
:3:hip_device_runtime.cpp   :687 : 1257968263280 us: [pid:1860587 tid: 0x7f5dddf62000] [32m hipGetDevice ( 0x7fffb59240fc ) [0m
:3:hip_device_runtime.cpp   :699 : 1257968263281 us: [pid:1860587 tid: 0x7f5dddf62000] hipGetDevice: Returned hipSuccess : 0
:3:hip_device_runtime.cpp   :773 : 1257968263290 us: [pid:1860587 tid: 0x7f5dddf62000] [32m hipSetDevice ( 0 ) [0m
:3:hip_device_runtime.cpp   :778 : 1257968263295 us: [pid:1860587 tid: 0x7f5dddf62000] hipSetDevice: Returned hipSuccess : 
:3:hip_device_runtime.cpp   :773 : 1257968263301 us: [pid:1860587 tid: 0x7f5dddf62000] [32m hipSetDevice ( 0 ) [0m
:3:hip_device_runtime.cpp   :778 : 1257968263303 us: [pid:1860587 tid: 0x7f5dddf62000] hipSetDevice: Returned hipSuccess : 
:3:hip_device_runtime.cpp   :687 : 1257968264498 us: [pid:1860587 tid: 0x7f5dddf62000] [32m hipGetDevice ( 0x7fffb5924654 ) [0m
:3:hip_device_runtime.cpp   :699 : 1257968264499 us: [pid:1860587 tid: 0x7f5dddf62000] hipGetDevice: Returned hipSuccess : 0
:3:hip_device_runtime.cpp   :687 : 1257968264514 us: [pid:1860587 tid: 0x7f5dddf62000] [32m hipGetDevice ( 0x7fffb592417c ) [0m
:3:hip_device_runtime.cpp   :699 : 1257968264516 us: [pid:1860587 tid: 0x7f5dddf62000] hipGetDevice: Returned hipSuccess : 0
:3:hip_device_runtime.cpp   :687 : 1257968265493 us: [pid:1860587 tid: 0x7f5dddf62000] [32m hipGetDevice ( 0x7fffb5923e9c ) [0m
:3:hip_device_runtime.cpp   :699 : 1257968265495 us: [pid:1860587 tid: 0x7f5dddf62000] hipGetDevice: Returned hipSuccess : 0
:3:hip_device_runtime.cpp   :687 : 1257968265498 us: [pid:1860587 tid: 0x7f5dddf62000] [32m hipGetDevice ( 0x7fffb5923e9c ) [0m
:3:hip_device_runtime.cpp   :699 : 1257968265499 us: [pid:1860587 tid: 0x7f5dddf62000] hipGetDevice: Returned hipSuccess : 0
:3:hip_device_runtime.cpp   :687 : 1257968265501 us: [pid:1860587 tid: 0x7f5dddf62000] [32m hipGetDevice ( 0x7fffb5923e4c ) [0m
:3:hip_device_runtime.cpp   :699 : 1257968265503 us: [pid:1860587 tid: 0x7f5dddf62000] hipGetDevice: Returned hipSuccess : 0
:3:hip_context.cpp          :365 : 1257968265509 us: [pid:1860587 tid: 0x7f5dddf62000] [32m hipDevicePrimaryCtxGetState ( 0, 0x7fffb5923e64, 0x7fffb5923e68 ) [0m
:3:hip_context.cpp          :379 : 1257968265511 us: [pid:1860587 tid: 0x7f5dddf62000] hipDevicePrimaryCtxGetState: Returned hipSuccess : 
:3:hip_device_runtime.cpp   :687 : 1257968265514 us: [pid:1860587 tid: 0x7f5dddf62000] [32m hipGetDevice ( 0x7fffb5923e2c ) [0m
:3:hip_device_runtime.cpp   :699 : 1257968266613 us: [pid:1860587 tid: 0x7f5dddf62000] hipGetDevice: Returned hipSuccess : 0
:3:hip_graph.cpp            :1075: 1257968266619 us: [pid:1860587 tid: 0x7f5dddf62000] [32m hipStreamIsCapturing ( char array:<null>, 0x7fffb592406c ) [0m
:3:hip_graph.cpp            :1076: 1257968266622 us: [pid:1860587 tid: 0x7f5dddf62000] hipStreamIsCapturing: Returned hipSuccess : 
:3:hip_device_runtime.cpp   :687 : 1257968266624 us: [pid:1860587 tid: 0x7f5dddf62000] [32m hipGetDevice ( 0x7fffb5923e0c ) [0m
:3:hip_device_runtime.cpp   :699 : 1257968266625 us: [pid:1860587 tid: 0x7f5dddf62000] hipGetDevice: Returned hipSuccess : 0
:3:hip_context.cpp          :365 : 1257968266627 us: [pid:1860587 tid: 0x7f5dddf62000] [32m hipDevicePrimaryCtxGetState ( 0, 0x7fffb5923e24, 0x7fffb5923e28 ) [0m
:3:hip_context.cpp          :379 : 1257968266628 us: [pid:1860587 tid: 0x7f5dddf62000] hipDevicePrimaryCtxGetState: Returned hipSuccess : 
:3:hip_device_runtime.cpp   :687 : 1257968266629 us: [pid:1860587 tid: 0x7f5dddf62000] [32m hipGetDevice ( 0x7fffb5923dec ) [0m
:3:hip_device_runtime.cpp   :699 : 1257968266630 us: [pid:1860587 tid: 0x7f5dddf62000] hipGetDevice: Returned hipSuccess : 0
:3:hip_graph.cpp            :1075: 1257968266632 us: [pid:1860587 tid: 0x7f5dddf62000] [32m hipStreamIsCapturing ( char array:<null>, 0x7fffb592401c ) [0m
:3:hip_graph.cpp            :1076: 1257968266634 us: [pid:1860587 tid: 0x7f5dddf62000] hipStreamIsCapturing: Returned hipSuccess : 
:3:hip_device_runtime.cpp   :687 : 1257968267554 us: [pid:1860587 tid: 0x7f5dddf62000] [32m hipGetDevice ( 0x7fffb5923e8c ) [0m
:3:hip_device_runtime.cpp   :699 : 1257968267555 us: [pid:1860587 tid: 0x7f5dddf62000] hipGetDevice: Returned hipSuccess : 0
:3:hip_platform.cpp         :255 : 1257968267561 us: [pid:1860587 tid: 0x7f5dddf62000] [32m __hipPushCallConfiguration ( {2048,1,1}, {256,1,1}, 0, char array:<null> ) [0m
:3:hip_platform.cpp         :259 : 1257968267563 us: [pid:1860587 tid: 0x7f5dddf62000] __hipPushCallConfiguration: Returned hipSuccess : 
:3:hip_platform.cpp         :264 : 1257968267569 us: [pid:1860587 tid: 0x7f5dddf62000] [32m __hipPopCallConfiguration ( {3046261496,32767,3724515024}, {2875153064,32605,160844544}, 0x7fffb59240c0, 0x7fffb59240b8 ) [0m
:3:hip_platform.cpp         :273 : 1257968267571 us: [pid:1860587 tid: 0x7f5dddf62000] __hipPopCallConfiguration: Returned hipSuccess : 
:3:hip_module.cpp           :825 : 1257968267578 us: [pid:1860587 tid: 0x7f5dddf62000] [32m hipLaunchKernel ( 0x7f5dc0c7f998, {2048,1,1}, {256,1,1}, 0x7fffb59242a0, 0, char array:<null> ) [0m
:4:rocvirtual.cpp           :880 : 1257968268602 us: [pid:1860587 tid: 0x7f5dddf62000] Arg0:   = val:0x3800000 (size:0x8)
:4:rocvirtual.cpp           :877 : 1257968268606 us: [pid:1860587 tid: 0x7f5dddf62000] Arg1:   = 0x2a 00 00 00 00 00 00 00 70 00 00 00 00 00 00 00 00 00 00 00 00 00 00 00 00 f4 eb 40 5d 7f 00 00  (size:0x20)
:4:rocvirtual.cpp           :880 : 1257968268607 us: [pid:1860587 tid: 0x7f5dddf62000] Arg2:   = val:0x0 (size:0x1)
:4:rocvirtual.cpp           :877 : 1257968268610 us: [pid:1860587 tid: 0x7f5dddf62000] Arg3:   = 0x00 00 80 e7 1b 7f 00 00 01 00 00 00 00 00 00 00 10 00 00 00 00 00 00 00 00 00 00 00 00 00 00 00  (size:0x20)
:3:rocvirtual.cpp           :3501: 1257968268612 us: [pid:1860587 tid: 0x7f5dddf62000] ShaderName : void at::native::(anonymous namespace)::distribution_elementwise_grid_stride_kernel<unsigned int, 4, at::native::templates::cuda::random_from_to_kernel<at::CUDAGeneratorImpl*>(at::TensorIteratorBase&, unsigned long, long, at::CUDAGeneratorImpl*)::{lambda()#1}::operator()() const::{lambda()#1}::operator()() const::{lambda(hiprandStatePhilox4_32_10*)#2}, at::native::(anonymous namespace)::distribution_nullary_kernel<unsigned char, unsigned int, HIP_vector_type<unsigned int, 4u>, at::CUDAGeneratorImpl*, at::native::templates::cuda::random_from_to_kernel<at::CUDAGeneratorImpl*>(at::TensorIteratorBase&, unsigned long, long, at::CUDAGeneratorImpl*)::{lambda()#1}::operator()() const::{lambda()#1}::operator()() const::{lambda(hiprandStatePhilox4_32_10*)#2}, at::native::templates::cuda::random_from_to_kernel<at::CUDAGeneratorImpl*>(at::TensorIteratorBase&, unsigned long, long, at::CUDAGeneratorImpl*)::{lambda()#1}::operator()() const::{lambda()#1}::operator()() const::{lambda(unsigned int)#1}>(at::TensorIteratorBase&, at::CUDAGeneratorImpl*, at::native::templates::cuda::random_from_to_kernel<at::CUDAGeneratorImpl*>(at::TensorIteratorBase&, unsigned long, long, at::CUDAGeneratorImpl*)::{lambda()#1}::operator()() const::{lambda()#1}::operator()() const::{lambda(hiprandStatePhilox4_32_10*)#2} const&, at::native::templates::cuda::random_from_to_kernel<at::CUDAGeneratorImpl*>(at::TensorIteratorBase&, unsigned long, long, at::CUDAGeneratorImpl*)::{lambda()#1}::operator()() const::{lambda()#1}::operator()() const::{lambda(unsigned int)#1})::{lambda(int, unsigned int)#1}>(long, at::PhiloxCudaState, at::native::templates::cuda::random_from_to_kernel<at::CUDAGeneratorImpl*>(at::TensorIteratorBase&, unsigned long, long, at::CUDAGeneratorImpl*)::{lambda()#1}::operator()() const::{lambda()#1}::operator()() const::{lambda(hiprandStatePhilox4_32_10*)#2}, at::native::(anonymous namespace)::distribution_nullary_kernel<unsigned char, unsigned int, HIP_vector_type<unsigned int, 4u>, at::CUDAGeneratorImpl*, at::native::templates::cuda::random_from_to_kernel<at::CUDAGeneratorImpl*>(at::TensorIteratorBase&, unsigned long, long, at::CUDAGeneratorImpl*)::{lambda()#1}::operator()() const::{lambda()#1}::operator()() const::{lambda(hiprandStatePhilox4_32_10*)#2}, at::native::templates::cuda::random_from_to_kernel<at::CUDAGeneratorImpl*>(at::TensorIteratorBase&, unsigned long, long, at::CUDAGeneratorImpl*)::{lambda()#1}::operator()() const::{lambda()#1}::operator()() const::{lambda(unsigned int)#1}>(at::TensorIteratorBase&, at::CUDAGeneratorImpl*, at::native::templates::cuda::random_from_to_kernel<at::CUDAGeneratorImpl*>(at::TensorIteratorBase&, unsigned long, long, at::CUDAGeneratorImpl*)::{lambda()#1}::operator()() const::{lambda()#1}::operator()() const::{lambda(hiprandStatePhilox4_32_10*)#2} const&, at::native::templates::cuda::random_from_to_kernel<at::CUDAGeneratorImpl*>(at::TensorIteratorBase&, unsigned long, long, at::CUDAGeneratorImpl*)::{lambda()#1}::operator()() const::{lambda()#1}::operator()() const::{lambda(unsigned int)#1})::{lambda(int, unsigned int)#1})
:4:rocvirtual.cpp           :1079: 1257968268618 us: [pid:1860587 tid: 0x7f5dddf62000] SWq=0x7f5c9ca4c000, HWq=0x7f53f2600000, id=1, Dispatch Header = 0xb02 (type=2, barrier=1, acquire=1, release=1), setup=3, grid=[524288, 1, 1], workgroup=[256, 1, 1], private_seg_size=0, group_seg_size=0, kernel_obj=0x7f5bf414bfc0, kernarg_address=0x7f53f2400000, completion_signal=0x0, correlation_id=0, rptr=4, wptr=4
:4:rocvirtual.cpp           :1457: 1257968268625 us: [pid:1860587 tid: 0x7f5dddf62000] SWq=0x7f5c9ca4c000, HWq=0x7f53f2600000, id=1, BarrierAND Header = 0x1503 (type=3, barrier=1, acquire=2, release=2), dep_signal=[0x0, 0x0, 0x0, 0x0, 0x0], completion_signal=0x7f5bf4bff400, rptr=5, wptr=5
:4:commandqueue.cpp         :227 : 1257968269595 us: [pid:1860587 tid: 0x7f5dddf62000] All commands finished for host queue : 0x563d07675b80
:3:hip_module.cpp           :826 : 1257968269597 us: [pid:1860587 tid: 0x7f5dddf62000] hipLaunchKernel: Returned hipSuccess : : duration: 2019 us
:3:hip_error.cpp            :34  : 1257968269599 us: [pid:1860587 tid: 0x7f5dddf62000] [32m hipGetLastError (  ) [0m
:3:hip_device_runtime.cpp   :773 : 1257968269600 us: [pid:1860587 tid: 0x7f5dddf62000] [32m hipSetDevice ( 0 ) [0m
:3:hip_device_runtime.cpp   :778 : 1257968269602 us: [pid:1860587 tid: 0x7f5dddf62000] hipSetDevice: Returned hipSuccess : 
:3:hip_device_runtime.cpp   :687 : 1257968269662 us: [pid:1860587 tid: 0x7f5dddf62000] [32m hipGetDevice ( 0x7fffb592449c ) [0m
:3:hip_device_runtime.cpp   :699 : 1257968270527 us: [pid:1860587 tid: 0x7f5dddf62000] hipGetDevice: Returned hipSuccess : 0
:3:hip_device_runtime.cpp   :687 : 1257968270529 us: [pid:1860587 tid: 0x7f5dddf62000] [32m hipGetDevice ( 0x7fffb5924164 ) [0m
:3:hip_device_runtime.cpp   :699 : 1257968270531 us: [pid:1860587 tid: 0x7f5dddf62000] hipGetDevice: Returned hipSuccess : 0
:3:hip_device_runtime.cpp   :687 : 1257968270532 us: [pid:1860587 tid: 0x7f5dddf62000] [32m hipGetDevice ( 0x7fffb5923e5c ) [0m
:3:hip_device_runtime.cpp   :699 : 1257968270534 us: [pid:1860587 tid: 0x7f5dddf62000] hipGetDevice: Returned hipSuccess : 0
:3:hip_error.cpp            :34  : 1257968270539 us: [pid:1860587 tid: 0x7f5dddf62000] [32m hipGetLastError (  ) [0m
:3:hip_device_runtime.cpp   :687 : 1257968270541 us: [pid:1860587 tid: 0x7f5dddf62000] [32m hipGetDevice ( 0x7fffb592366c ) [0m
:3:hip_device_runtime.cpp   :699 : 1257968270542 us: [pid:1860587 tid: 0x7f5dddf62000] hipGetDevice: Returned hipSuccess : 0
:3:hip_graph.cpp            :1075: 1257968270544 us: [pid:1860587 tid: 0x7f5dddf62000] [32m hipStreamIsCapturing ( char array:<null>, 0x7fffb59238d0 ) [0m
:3:hip_graph.cpp            :1076: 1257968270545 us: [pid:1860587 tid: 0x7f5dddf62000] hipStreamIsCapturing: Returned hipSuccess : 
:3:hip_memory.cpp           :759 : 1257968270549 us: [pid:1860587 tid: 0x7f5dddf62000] [32m hipMalloc ( 0x7fffb59239b0, 58720256 ) [0m
:4:rocdevice.cpp            :2179: 1257968271562 us: [pid:1860587 tid: 0x7f5dddf62000] Allocate hsa device memory 0x7f1bc5e00000, size 0x3800000, hsa_mem_flags 0x0h
:3:rocdevice.cpp            :2219: 1257968272756 us: [pid:1860587 tid: 0x7f5dddf62000] Device=0x563d095eefd0, freeMem_ = 0x47f4800000
:3:hip_memory.cpp           :761 : 1257968272760 us: [pid:1860587 tid: 0x7f5dddf62000] hipMalloc: Returned hipSuccess : 0x7f1bc5e00000: duration: 2211 us
:3:hip_device_runtime.cpp   :773 : 1257968272764 us: [pid:1860587 tid: 0x7f5dddf62000] [32m hipSetDevice ( 0 ) [0m
:3:hip_device_runtime.cpp   :778 : 1257968272765 us: [pid:1860587 tid: 0x7f5dddf62000] hipSetDevice: Returned hipSuccess : 
:3:hip_device_runtime.cpp   :687 : 1257968272774 us: [pid:1860587 tid: 0x7f5dddf62000] [32m hipGetDevice ( 0x7fffb592408c ) [0m
:3:hip_device_runtime.cpp   :699 : 1257968272781 us: [pid:1860587 tid: 0x7f5dddf62000] hipGetDevice: Returned hipSuccess : 0
:3:hip_device_runtime.cpp   :687 : 1257968272784 us: [pid:1860587 tid: 0x7f5dddf62000] [32m hipGetDevice ( 0x7fffb59240cc ) [0m
:3:hip_device_runtime.cpp   :699 : 1257968272785 us: [pid:1860587 tid: 0x7f5dddf62000] hipGetDevice: Returned hipSuccess : 0
:3:hip_platform.cpp         :255 : 1257968272790 us: [pid:1860587 tid: 0x7f5dddf62000] [32m __hipPushCallConfiguration ( {14336,1,1}, {256,1,1}, 0, char array:<null> ) [0m
:3:hip_platform.cpp         :259 : 1257968272791 us: [pid:1860587 tid: 0x7f5dddf62000] __hipPushCallConfiguration: Returned hipSuccess : 
:3:hip_platform.cpp         :264 : 1257968272793 us: [pid:1860587 tid: 0x7f5dddf62000] [32m __hipPopCallConfiguration ( {3046261944,32767,2}, {256,0,3046261760}, 0x7fffb59242f8, 0x7fffb59242e8 ) [0m
:3:hip_platform.cpp         :273 : 1257968272794 us: [pid:1860587 tid: 0x7f5dddf62000] __hipPopCallConfiguration: Returned hipSuccess : 
:3:hip_module.cpp           :825 : 1257968272797 us: [pid:1860587 tid: 0x7f5dddf62000] [32m hipLaunchKernel ( 0x7f5dc0c73c30, {14336,1,1}, {256,1,1}, 0x7fffb5924330, 0, char array:<null> ) [0m
:3:hip_fatbin.cpp           :511 : 1257968273225 us: [pid:1860587 tid: 0x7f5dddf62000] Looking up generic name of : amdgcn-amd-amdhsa--gfx950:sramecc+:xnack- - amdgcn-amd-amdhsa--gfx9-4-generic:sramecc+:xnack-
:3:hip_fatbin.cpp           :386 : 1257968277034 us: [pid:1860587 tid: 0x7f5dddf62000] Inserting bundle entry of amdgcn-amd-amdhsa--gfx950:sramecc+:xnack- : size: 4492016, data: 0x563d1013ae40
:3:hip_fatbin.cpp           :537 : 1257968277045 us: [pid:1860587 tid: 0x7f5dddf62000] Device name: amdgcn-amd-amdhsa--gfx950:sramecc+:xnack- Generic name: amdgcn-amd-amdhsa--gfx9-4-generic:sramecc+:xnack-
:3:hip_fatbin.cpp           :542 : 1257968277047 us: [pid:1860587 tid: 0x7f5dddf62000] Using Native code object: gfx950:sramecc+:xnack-
:4:rocvirtual.cpp           :880 : 1257968287814 us: [pid:1860587 tid: 0x7f5dddf62000] Arg0:   = val:0x3800000 (size:0x4)
:4:rocvirtual.cpp           :880 : 1257968287823 us: [pid:1860587 tid: 0x7f5dddf62000] Arg1:   = val:0xa0 (size:0x1)
:4:rocvirtual.cpp           :877 : 1257968287826 us: [pid:1860587 tid: 0x7f5dddf62000] Arg2:   = 0x00 00 e0 c5 1b 7f 00 00 00 00 80 c9 1b 7f 00 00 00 00 80 e7 1b 7f 00 00  (size:0x18)
:3:rocvirtual.cpp           :3501: 1257968287831 us: [pid:1860587 tid: 0x7f5dddf62000] ShaderName : void at::native::vectorized_elementwise_kernel<16, at::native::BinaryFunctor<unsigned char, unsigned char, unsigned char, at::native::BitwiseOrFunctor<unsigned char> >, std::array<char*, 3ul> >(int, at::native::BinaryFunctor<unsigned char, unsigned char, unsigned char, at::native::BitwiseOrFunctor<unsigned char> >, std::array<char*, 3ul>)
:4:rocvirtual.cpp           :1079: 1257968287838 us: [pid:1860587 tid: 0x7f5dddf62000] SWq=0x7f5c9ca4c000, HWq=0x7f53f2600000, id=1, Dispatch Header = 0xb02 (type=2, barrier=1, acquire=1, release=1), setup=3, grid=[3670016, 1, 1], workgroup=[256, 1, 1], private_seg_size=0, group_seg_size=0, kernel_obj=0x7f53f1254f00, kernarg_address=0x7f53f2400000, completion_signal=0x0, correlation_id=0, rptr=6, wptr=6
:4:rocvirtual.cpp           :1457: 1257968287845 us: [pid:1860587 tid: 0x7f5dddf62000] SWq=0x7f5c9ca4c000, HWq=0x7f53f2600000, id=1, BarrierAND Header = 0x1503 (type=3, barrier=1, acquire=2, release=2), dep_signal=[0x0, 0x0, 0x0, 0x0, 0x0], completion_signal=0x7f5bf4bff380, rptr=7, wptr=7
:4:rocvirtual.cpp           :634 : 1257968287847 us: [pid:1860587 tid: 0x7f5dddf62000] Host wait on completion_signal=0x7f5bf4bff380
:4:commandqueue.cpp         :227 : 1257968287883 us: [pid:1860587 tid: 0x7f5dddf62000] All commands finished for host queue : 0x563d07675b80
:3:hip_module.cpp           :826 : 1257968288853 us: [pid:1860587 tid: 0x7f5dddf62000] hipLaunchKernel: Returned hipSuccess : : duration: 16056 us
:3:hip_error.cpp            :34  : 1257968288859 us: [pid:1860587 tid: 0x7f5dddf62000] [32m hipGetLastError (  ) [0m
:3:hip_device_runtime.cpp   :773 : 1257968288867 us: [pid:1860587 tid: 0x7f5dddf62000] [32m hipSetDevice ( 0 ) [0m
:3:hip_device_runtime.cpp   :778 : 1257968288868 us: [pid:1860587 tid: 0x7f5dddf62000] hipSetDevice: Returned hipSuccess : 
:3:hip_device_runtime.cpp   :687 : 1257968288947 us: [pid:1860587 tid: 0x7f5dddf62000] [32m hipGetDevice ( 0x7fffb5924514 ) [0m
:3:hip_device_runtime.cpp   :699 : 1257968289862 us: [pid:1860587 tid: 0x7f5dddf62000] hipGetDevice: Returned hipSuccess : 0
:3:hip_device_runtime.cpp   :687 : 1257968289866 us: [pid:1860587 tid: 0x7f5dddf62000] [32m hipGetDevice ( 0x7fffb5924414 ) [0m
:3:hip_device_runtime.cpp   :699 : 1257968289867 us: [pid:1860587 tid: 0x7f5dddf62000] hipGetDevice: Returned hipSuccess : 0
:3:hip_device_runtime.cpp   :687 : 1257968289871 us: [pid:1860587 tid: 0x7f5dddf62000] [32m hipGetDevice ( 0x7fffb59240fc ) [0m
:3:hip_device_runtime.cpp   :699 : 1257968289872 us: [pid:1860587 tid: 0x7f5dddf62000] hipGetDevice: Returned hipSuccess : 0
:3:hip_error.cpp            :34  : 1257968289879 us: [pid:1860587 tid: 0x7f5dddf62000] [32m hipGetLastError (  ) [0m
:3:hip_device_runtime.cpp   :687 : 1257968289882 us: [pid:1860587 tid: 0x7f5dddf62000] [32m hipGetDevice ( 0x7fffb592390c ) [0m
:3:hip_device_runtime.cpp   :699 : 1257968290890 us: [pid:1860587 tid: 0x7f5dddf62000] hipGetDevice: Returned hipSuccess : 0
:3:hip_graph.cpp            :1075: 1257968290897 us: [pid:1860587 tid: 0x7f5dddf62000] [32m hipStreamIsCapturing ( char array:<null>, 0x7fffb5923b70 ) [0m
:3:hip_graph.cpp            :1076: 1257968290900 us: [pid:1860587 tid: 0x7f5dddf62000] hipStreamIsCapturing: Returned hipSuccess : 
:3:hip_memory.cpp           :759 : 1257968290904 us: [pid:1860587 tid: 0x7f5dddf62000] [32m hipMalloc ( 0x7fffb5923c50, 469762048 ) [0m
:4:rocdevice.cpp            :2179: 1257968290945 us: [pid:1860587 tid: 0x7f5dddf62000] Allocate hsa device memory 0x7f1ba9c00000, size 0x1c000000, hsa_mem_flags 0x0h
:3:rocdevice.cpp            :2219: 1257968292254 us: [pid:1860587 tid: 0x7f5dddf62000] Device=0x563d095eefd0, freeMem_ = 0x47d8800000
:3:hip_memory.cpp           :761 : 1257968292258 us: [pid:1860587 tid: 0x7f5dddf62000] hipMalloc: Returned hipSuccess : 0x7f1ba9c00000: duration: 1354 us
:3:hip_device_runtime.cpp   :773 : 1257968292265 us: [pid:1860587 tid: 0x7f5dddf62000] [32m hipSetDevice ( 0 ) [0m
:3:hip_device_runtime.cpp   :778 : 1257968292266 us: [pid:1860587 tid: 0x7f5dddf62000] hipSetDevice: Returned hipSuccess : 
:3:hip_device_runtime.cpp   :773 : 1257968292268 us: [pid:1860587 tid: 0x7f5dddf62000] [32m hipSetDevice ( 0 ) [0m
:3:hip_device_runtime.cpp   :778 : 1257968292270 us: [pid:1860587 tid: 0x7f5dddf62000] hipSetDevice: Returned hipSuccess : 
:3:hip_device_runtime.cpp   :687 : 1257968292273 us: [pid:1860587 tid: 0x7f5dddf62000] [32m hipGetDevice ( 0x7fffb5924654 ) [0m
:3:hip_device_runtime.cpp   :699 : 1257968293222 us: [pid:1860587 tid: 0x7f5dddf62000] hipGetDevice: Returned hipSuccess : 0
:3:hip_device_runtime.cpp   :687 : 1257968293238 us: [pid:1860587 tid: 0x7f5dddf62000] [32m hipGetDevice ( 0x7fffb592417c ) [0m
:3:hip_device_runtime.cpp   :699 : 1257968293239 us: [pid:1860587 tid: 0x7f5dddf62000] hipGetDevice: Returned hipSuccess : 0
:3:hip_device_runtime.cpp   :687 : 1257968293244 us: [pid:1860587 tid: 0x7f5dddf62000] [32m hipGetDevice ( 0x7fffb5923e9c ) [0m
:3:hip_device_runtime.cpp   :699 : 1257968293247 us: [pid:1860587 tid: 0x7f5dddf62000] hipGetDevice: Returned hipSuccess : 0
:3:hip_device_runtime.cpp   :687 : 1257968294148 us: [pid:1860587 tid: 0x7f5dddf62000] [32m hipGetDevice ( 0x7fffb5923e9c ) [0m
:3:hip_device_runtime.cpp   :699 : 1257968294151 us: [pid:1860587 tid: 0x7f5dddf62000] hipGetDevice: Returned hipSuccess : 0
:3:hip_device_runtime.cpp   :687 : 1257968294153 us: [pid:1860587 tid: 0x7f5dddf62000] [32m hipGetDevice ( 0x7fffb5923e4c ) [0m
:3:hip_device_runtime.cpp   :699 : 1257968294154 us: [pid:1860587 tid: 0x7f5dddf62000] hipGetDevice: Returned hipSuccess : 0
:3:hip_context.cpp          :365 : 1257968294159 us: [pid:1860587 tid: 0x7f5dddf62000] [32m hipDevicePrimaryCtxGetState ( 0, 0x7fffb5923e64, 0x7fffb5923e68 ) [0m
:3:hip_context.cpp          :379 : 1257968294162 us: [pid:1860587 tid: 0x7f5dddf62000] hipDevicePrimaryCtxGetState: Returned hipSuccess : 
:3:hip_device_runtime.cpp   :687 : 1257968294164 us: [pid:1860587 tid: 0x7f5dddf62000] [32m hipGetDevice ( 0x7fffb5923e2c ) [0m
:3:hip_device_runtime.cpp   :699 : 1257968294165 us: [pid:1860587 tid: 0x7f5dddf62000] hipGetDevice: Returned hipSuccess : 0
:3:hip_graph.cpp            :1075: 1257968294167 us: [pid:1860587 tid: 0x7f5dddf62000] [32m hipStreamIsCapturing ( char array:<null>, 0x7fffb592406c ) [0m
:3:hip_graph.cpp            :1076: 1257968294170 us: [pid:1860587 tid: 0x7f5dddf62000] hipStreamIsCapturing: Returned hipSuccess : 
:3:hip_device_runtime.cpp   :687 : 1257968294175 us: [pid:1860587 tid: 0x7f5dddf62000] [32m hipGetDevice ( 0x7fffb5923e0c ) [0m
:3:hip_device_runtime.cpp   :699 : 1257968294177 us: [pid:1860587 tid: 0x7f5dddf62000] hipGetDevice: Returned hipSuccess : 0
:3:hip_context.cpp          :365 : 1257968295251 us: [pid:1860587 tid: 0x7f5dddf62000] [32m hipDevicePrimaryCtxGetState ( 0, 0x7fffb5923e24, 0x7fffb5923e28 ) [0m
:3:hip_context.cpp          :379 : 1257968295253 us: [pid:1860587 tid: 0x7f5dddf62000] hipDevicePrimaryCtxGetState: Returned hipSuccess : 
:3:hip_device_runtime.cpp   :687 : 1257968295254 us: [pid:1860587 tid: 0x7f5dddf62000] [32m hipGetDevice ( 0x7fffb5923dec ) [0m
:3:hip_device_runtime.cpp   :699 : 1257968295256 us: [pid:1860587 tid: 0x7f5dddf62000] hipGetDevice: Returned hipSuccess : 0
:3:hip_graph.cpp            :1075: 1257968295257 us: [pid:1860587 tid: 0x7f5dddf62000] [32m hipStreamIsCapturing ( char array:<null>, 0x7fffb592401c ) [0m
:3:hip_graph.cpp            :1076: 1257968295259 us: [pid:1860587 tid: 0x7f5dddf62000] hipStreamIsCapturing: Returned hipSuccess : 
:3:hip_device_runtime.cpp   :687 : 1257968295261 us: [pid:1860587 tid: 0x7f5dddf62000] [32m hipGetDevice ( 0x7fffb5923e8c ) [0m
:3:hip_device_runtime.cpp   :699 : 1257968295262 us: [pid:1860587 tid: 0x7f5dddf62000] hipGetDevice: Returned hipSuccess : 0
:3:hip_platform.cpp         :255 : 1257968295267 us: [pid:1860587 tid: 0x7f5dddf62000] [32m __hipPushCallConfiguration ( {2048,1,1}, {256,1,1}, 0, char array:<null> ) [0m
:3:hip_platform.cpp         :259 : 1257968295269 us: [pid:1860587 tid: 0x7f5dddf62000] __hipPushCallConfiguration: Returned hipSuccess : 
:3:hip_platform.cpp         :264 : 1257968295277 us: [pid:1860587 tid: 0x7f5dddf62000] [32m __hipPopCallConfiguration ( {3046261496,32767,3724515024}, {2875153064,32605,171899888}, 0x7fffb59240c0, 0x7fffb59240b8 ) [0m
:3:hip_platform.cpp         :273 : 1257968296264 us: [pid:1860587 tid: 0x7f5dddf62000] __hipPopCallConfiguration: Returned hipSuccess : 
:3:hip_module.cpp           :825 : 1257968296271 us: [pid:1860587 tid: 0x7f5dddf62000] [32m hipLaunchKernel ( 0x7f5dc0c7f998, {2048,1,1}, {256,1,1}, 0x7fffb59242a0, 0, char array:<null> ) [0m
:4:rocvirtual.cpp           :880 : 1257968296278 us: [pid:1860587 tid: 0x7f5dddf62000] Arg0:   = val:0x1c000000 (size:0x8)
:4:rocvirtual.cpp           :877 : 1257968296282 us: [pid:1860587 tid: 0x7f5dddf62000] Arg1:   = 0x2a 00 00 00 00 00 00 00 e0 00 00 00 00 00 00 00 00 00 00 00 00 00 00 00 00 f4 eb 40 5d 7f 00 00  (size:0x20)
:4:rocvirtual.cpp           :880 : 1257968296283 us: [pid:1860587 tid: 0x7f5dddf62000] Arg2:   = val:0x0 (size:0x1)
:4:rocvirtual.cpp           :877 : 1257968296287 us: [pid:1860587 tid: 0x7f5dddf62000] Arg3:   = 0x00 00 c0 a9 1b 7f 00 00 01 00 00 00 00 00 00 00 10 00 00 00 00 00 00 00 00 00 00 00 00 00 00 00  (size:0x20)
:3:rocvirtual.cpp           :3501: 1257968297360 us: [pid:1860587 tid: 0x7f5dddf62000] ShaderName : void at::native::(anonymous namespace)::distribution_elementwise_grid_stride_kernel<unsigned int, 4, at::native::templates::cuda::random_from_to_kernel<at::CUDAGeneratorImpl*>(at::TensorIteratorBase&, unsigned long, long, at::CUDAGeneratorImpl*)::{lambda()#1}::operator()() const::{lambda()#1}::operator()() const::{lambda(hiprandStatePhilox4_32_10*)#2}, at::native::(anonymous namespace)::distribution_nullary_kernel<unsigned char, unsigned int, HIP_vector_type<unsigned int, 4u>, at::CUDAGeneratorImpl*, at::native::templates::cuda::random_from_to_kernel<at::CUDAGeneratorImpl*>(at::TensorIteratorBase&, unsigned long, long, at::CUDAGeneratorImpl*)::{lambda()#1}::operator()() const::{lambda()#1}::operator()() const::{lambda(hiprandStatePhilox4_32_10*)#2}, at::native::templates::cuda::random_from_to_kernel<at::CUDAGeneratorImpl*>(at::TensorIteratorBase&, unsigned long, long, at::CUDAGeneratorImpl*)::{lambda()#1}::operator()() const::{lambda()#1}::operator()() const::{lambda(unsigned int)#1}>(at::TensorIteratorBase&, at::CUDAGeneratorImpl*, at::native::templates::cuda::random_from_to_kernel<at::CUDAGeneratorImpl*>(at::TensorIteratorBase&, unsigned long, long, at::CUDAGeneratorImpl*)::{lambda()#1}::operator()() const::{lambda()#1}::operator()() const::{lambda(hiprandStatePhilox4_32_10*)#2} const&, at::native::templates::cuda::random_from_to_kernel<at::CUDAGeneratorImpl*>(at::TensorIteratorBase&, unsigned long, long, at::CUDAGeneratorImpl*)::{lambda()#1}::operator()() const::{lambda()#1}::operator()() const::{lambda(unsigned int)#1})::{lambda(int, unsigned int)#1}>(long, at::PhiloxCudaState, at::native::templates::cuda::random_from_to_kernel<at::CUDAGeneratorImpl*>(at::TensorIteratorBase&, unsigned long, long, at::CUDAGeneratorImpl*)::{lambda()#1}::operator()() const::{lambda()#1}::operator()() const::{lambda(hiprandStatePhilox4_32_10*)#2}, at::native::(anonymous namespace)::distribution_nullary_kernel<unsigned char, unsigned int, HIP_vector_type<unsigned int, 4u>, at::CUDAGeneratorImpl*, at::native::templates::cuda::random_from_to_kernel<at::CUDAGeneratorImpl*>(at::TensorIteratorBase&, unsigned long, long, at::CUDAGeneratorImpl*)::{lambda()#1}::operator()() const::{lambda()#1}::operator()() const::{lambda(hiprandStatePhilox4_32_10*)#2}, at::native::templates::cuda::random_from_to_kernel<at::CUDAGeneratorImpl*>(at::TensorIteratorBase&, unsigned long, long, at::CUDAGeneratorImpl*)::{lambda()#1}::operator()() const::{lambda()#1}::operator()() const::{lambda(unsigned int)#1}>(at::TensorIteratorBase&, at::CUDAGeneratorImpl*, at::native::templates::cuda::random_from_to_kernel<at::CUDAGeneratorImpl*>(at::TensorIteratorBase&, unsigned long, long, at::CUDAGeneratorImpl*)::{lambda()#1}::operator()() const::{lambda()#1}::operator()() const::{lambda(hiprandStatePhilox4_32_10*)#2} const&, at::native::templates::cuda::random_from_to_kernel<at::CUDAGeneratorImpl*>(at::TensorIteratorBase&, unsigned long, long, at::CUDAGeneratorImpl*)::{lambda()#1}::operator()() const::{lambda()#1}::operator()() const::{lambda(unsigned int)#1})::{lambda(int, unsigned int)#1})
:4:rocvirtual.cpp           :1079: 1257968297367 us: [pid:1860587 tid: 0x7f5dddf62000] SWq=0x7f5c9ca4c000, HWq=0x7f53f2600000, id=1, Dispatch Header = 0xb02 (type=2, barrier=1, acquire=1, release=1), setup=3, grid=[524288, 1, 1], workgroup=[256, 1, 1], private_seg_size=0, group_seg_size=0, kernel_obj=0x7f5bf414bfc0, kernarg_address=0x7f53f2400000, completion_signal=0x0, correlation_id=0, rptr=8, wptr=8
:4:rocvirtual.cpp           :1457: 1257968297371 us: [pid:1860587 tid: 0x7f5dddf62000] SWq=0x7f5c9ca4c000, HWq=0x7f53f2600000, id=1, BarrierAND Header = 0x1503 (type=3, barrier=1, acquire=2, release=2), dep_signal=[0x0, 0x0, 0x0, 0x0, 0x0], completion_signal=0x7f5bf4bff300, rptr=9, wptr=9
:4:rocvirtual.cpp           :634 : 1257968297372 us: [pid:1860587 tid: 0x7f5dddf62000] Host wait on completion_signal=0x7f5bf4bff300
:4:commandqueue.cpp         :227 : 1257968297988 us: [pid:1860587 tid: 0x7f5dddf62000] All commands finished for host queue : 0x563d07675b80
:3:hip_module.cpp           :826 : 1257968298415 us: [pid:1860587 tid: 0x7f5dddf62000] hipLaunchKernel: Returned hipSuccess : : duration: 2144 us
:3:hip_error.cpp            :34  : 1257968298416 us: [pid:1860587 tid: 0x7f5dddf62000] [32m hipGetLastError (  ) [0m
:3:hip_device_runtime.cpp   :773 : 1257968298418 us: [pid:1860587 tid: 0x7f5dddf62000] [32m hipSetDevice ( 0 ) [0m
:3:hip_device_runtime.cpp   :778 : 1257968298421 us: [pid:1860587 tid: 0x7f5dddf62000] hipSetDevice: Returned hipSuccess : 
:3:hip_device_runtime.cpp   :687 : 1257968298438 us: [pid:1860587 tid: 0x7f5dddf62000] [32m hipGetDevice ( 0x7fffb5924b24 ) [0m
:3:hip_device_runtime.cpp   :699 : 1257968299443 us: [pid:1860587 tid: 0x7f5dddf62000] hipGetDevice: Returned hipSuccess : 0
:3:hip_device_runtime.cpp   :687 : 1257968299461 us: [pid:1860587 tid: 0x7f5dddf62000] [32m hipGetDevice ( 0x7fffb59240f4 ) [0m
:3:hip_device_runtime.cpp   :699 : 1257968299464 us: [pid:1860587 tid: 0x7f5dddf62000] hipGetDevice: Returned hipSuccess : 0
:3:hip_device_runtime.cpp   :687 : 1257968299465 us: [pid:1860587 tid: 0x7f5dddf62000] [32m hipGetDevice ( 0x7fffb5923ff4 ) [0m
:3:hip_device_runtime.cpp   :699 : 1257968299469 us: [pid:1860587 tid: 0x7f5dddf62000] hipGetDevice: Returned hipSuccess : 0
:3:hip_device_runtime.cpp   :687 : 1257968299471 us: [pid:1860587 tid: 0x7f5dddf62000] [32m hipGetDevice ( 0x7fffb5923cec ) [0m
:3:hip_device_runtime.cpp   :699 : 1257968300618 us: [pid:1860587 tid: 0x7f5dddf62000] hipGetDevice: Returned hipSuccess : 0
:3:hip_error.cpp            :34  : 1257968300622 us: [pid:1860587 tid: 0x7f5dddf62000] [32m hipGetLastError (  ) [0m
:3:hip_device_runtime.cpp   :687 : 1257968300623 us: [pid:1860587 tid: 0x7f5dddf62000] [32m hipGetDevice ( 0x7fffb59234fc ) [0m
:3:hip_device_runtime.cpp   :699 : 1257968300625 us: [pid:1860587 tid: 0x7f5dddf62000] hipGetDevice: Returned hipSuccess : 0
:3:hip_graph.cpp            :1075: 1257968300627 us: [pid:1860587 tid: 0x7f5dddf62000] [32m hipStreamIsCapturing ( char array:<null>, 0x7fffb5923760 ) [0m
:3:hip_graph.cpp            :1076: 1257968300628 us: [pid:1860587 tid: 0x7f5dddf62000] hipStreamIsCapturing: Returned hipSuccess : 
:3:hip_memory.cpp           :759 : 1257968300630 us: [pid:1860587 tid: 0x7f5dddf62000] [32m hipMalloc ( 0x7fffb5923840, 469762048 ) [0m
:4:rocdevice.cpp            :2179: 1257968300651 us: [pid:1860587 tid: 0x7f5dddf62000] Allocate hsa device memory 0x7f1b8da00000, size 0x1c000000, hsa_mem_flags 0x0h
:3:rocdevice.cpp            :2219: 1257968301561 us: [pid:1860587 tid: 0x7f5dddf62000] Device=0x563d095eefd0, freeMem_ = 0x47bc800000
:3:hip_memory.cpp           :761 : 1257968301563 us: [pid:1860587 tid: 0x7f5dddf62000] hipMalloc: Returned hipSuccess : 0x7f1b8da00000: duration: 933 us
:3:hip_device_runtime.cpp   :773 : 1257968301566 us: [pid:1860587 tid: 0x7f5dddf62000] [32m hipSetDevice ( 0 ) [0m
:3:hip_device_runtime.cpp   :778 : 1257968301567 us: [pid:1860587 tid: 0x7f5dddf62000] hipSetDevice: Returned hipSuccess : 
:3:hip_device_runtime.cpp   :773 : 1257968301569 us: [pid:1860587 tid: 0x7f5dddf62000] [32m hipSetDevice ( 0 ) [0m
:3:hip_device_runtime.cpp   :778 : 1257968301570 us: [pid:1860587 tid: 0x7f5dddf62000] hipSetDevice: Returned hipSuccess : 
:3:hip_device_runtime.cpp   :687 : 1257968301576 us: [pid:1860587 tid: 0x7f5dddf62000] [32m hipGetDevice ( 0x7fffb592425c ) [0m
:3:hip_device_runtime.cpp   :699 : 1257968301578 us: [pid:1860587 tid: 0x7f5dddf62000] hipGetDevice: Returned hipSuccess : 0
:3:hip_device_runtime.cpp   :687 : 1257968301579 us: [pid:1860587 tid: 0x7f5dddf62000] [32m hipGetDevice ( 0x7fffb592429c ) [0m
:3:hip_device_runtime.cpp   :699 : 1257968301581 us: [pid:1860587 tid: 0x7f5dddf62000] hipGetDevice: Returned hipSuccess : 0
:3:hip_platform.cpp         :255 : 1257968301587 us: [pid:1860587 tid: 0x7f5dddf62000] [32m __hipPushCallConfiguration ( {114688,1,1}, {256,1,1}, 0, char array:<null> ) [0m
:3:hip_platform.cpp         :259 : 1257968302590 us: [pid:1860587 tid: 0x7f5dddf62000] __hipPushCallConfiguration: Returned hipSuccess : 
:3:hip_platform.cpp         :264 : 1257968302593 us: [pid:1860587 tid: 0x7f5dddf62000] [32m __hipPopCallConfiguration ( {48,16777472,65538}, {3046262304,32767,67108864}, 0x7fffb59244a0, 0x7fffb59244d8 ) [0m
:3:hip_platform.cpp         :273 : 1257968302594 us: [pid:1860587 tid: 0x7f5dddf62000] __hipPopCallConfiguration: Returned hipSuccess : 
:3:hip_module.cpp           :825 : 1257968302597 us: [pid:1860587 tid: 0x7f5dddf62000] [32m hipLaunchKernel ( 0x7f5dc0c79ef0, {114688,1,1}, {256,1,1}, 0x7fffb5924500, 0, char array:<null> ) [0m
:4:rocvirtual.cpp           :880 : 1257968302603 us: [pid:1860587 tid: 0x7f5dddf62000] Arg0:   = val:0x1c000000 (size:0x4)
:4:rocvirtual.cpp           :880 : 1257968302604 us: [pid:1860587 tid: 0x7f5dddf62000] Arg1:   = val:0x4d8 (size:0x2)
:4:rocvirtual.cpp           :877 : 1257968302606 us: [pid:1860587 tid: 0x7f5dddf62000] Arg2:   = 0x00 00 a0 8d 1b 7f 00 00 00 00 c0 a9 1b 7f 00 00  (size:0x10)
:3:rocvirtual.cpp           :3501: 1257968302608 us: [pid:1860587 tid: 0x7f5dddf62000] ShaderName : void at::native::vectorized_elementwise_kernel<16, at::native::BUnaryFunctor<unsigned char, unsigned char, unsigned char, at::native::lshift_kernel_cuda(at::TensorIteratorBase&)::{lambda()#1}::operator()() const::{lambda()#1}::operator()() const::{lambda(unsigned char, unsigned char)#1}>, std::array<char*, 2ul> >(int, at::native::BUnaryFunctor<unsigned char, unsigned char, unsigned char, at::native::lshift_kernel_cuda(at::TensorIteratorBase&)::{lambda()#1}::operator()() const::{lambda()#1}::operator()() const::{lambda(unsigned char, unsigned char)#1}>, std::array<char*, 2ul>)
:4:rocvirtual.cpp           :1079: 1257968302612 us: [pid:1860587 tid: 0x7f5dddf62000] SWq=0x7f5c9ca4c000, HWq=0x7f53f2600000, id=1, Dispatch Header = 0xb02 (type=2, barrier=1, acquire=1, release=1), setup=3, grid=[29360128, 1, 1], workgroup=[256, 1, 1], private_seg_size=0, group_seg_size=0, kernel_obj=0x7f53f1a51680, kernarg_address=0x7f53f2400000, completion_signal=0x0, correlation_id=0, rptr=10, wptr=10
:4:rocvirtual.cpp           :1457: 1257968303687 us: [pid:1860587 tid: 0x7f5dddf62000] SWq=0x7f5c9ca4c000, HWq=0x7f53f2600000, id=1, BarrierAND Header = 0x1503 (type=3, barrier=1, acquire=2, release=2), dep_signal=[0x0, 0x0, 0x0, 0x0, 0x0], completion_signal=0x7f5bf4bff280, rptr=11, wptr=11
:4:rocvirtual.cpp           :634 : 1257968303689 us: [pid:1860587 tid: 0x7f5dddf62000] Host wait on completion_signal=0x7f5bf4bff280
:4:commandqueue.cpp         :227 : 1257968303853 us: [pid:1860587 tid: 0x7f5dddf62000] All commands finished for host queue : 0x563d07675b80
:3:hip_module.cpp           :826 : 1257968304673 us: [pid:1860587 tid: 0x7f5dddf62000] hipLaunchKernel: Returned hipSuccess : : duration: 2076 us
:3:hip_error.cpp            :34  : 1257968304675 us: [pid:1860587 tid: 0x7f5dddf62000] [32m hipGetLastError (  ) [0m
:3:hip_device_runtime.cpp   :773 : 1257968304678 us: [pid:1860587 tid: 0x7f5dddf62000] [32m hipSetDevice ( 0 ) [0m
:3:hip_device_runtime.cpp   :778 : 1257968304679 us: [pid:1860587 tid: 0x7f5dddf62000] hipSetDevice: Returned hipSuccess : 
:3:hip_device_runtime.cpp   :687 : 1257968304687 us: [pid:1860587 tid: 0x7f5dddf62000] [32m hipGetDevice ( 0x7fffb5924514 ) [0m
:3:hip_device_runtime.cpp   :699 : 1257968304688 us: [pid:1860587 tid: 0x7f5dddf62000] hipGetDevice: Returned hipSuccess : 0
:3:hip_device_runtime.cpp   :687 : 1257968304689 us: [pid:1860587 tid: 0x7f5dddf62000] [32m hipGetDevice ( 0x7fffb5924414 ) [0m
:3:hip_device_runtime.cpp   :699 : 1257968304690 us: [pid:1860587 tid: 0x7f5dddf62000] hipGetDevice: Returned hipSuccess : 0
:3:hip_device_runtime.cpp   :687 : 1257968304692 us: [pid:1860587 tid: 0x7f5dddf62000] [32m hipGetDevice ( 0x7fffb59240fc ) [0m
:3:hip_device_runtime.cpp   :699 : 1257968304693 us: [pid:1860587 tid: 0x7f5dddf62000] hipGetDevice: Returned hipSuccess : 0
:3:hip_device_runtime.cpp   :773 : 1257968304696 us: [pid:1860587 tid: 0x7f5dddf62000] [32m hipSetDevice ( 0 ) [0m
:3:hip_device_runtime.cpp   :778 : 1257968305818 us: [pid:1860587 tid: 0x7f5dddf62000] hipSetDevice: Returned hipSuccess : 
:3:hip_device_runtime.cpp   :773 : 1257968305820 us: [pid:1860587 tid: 0x7f5dddf62000] [32m hipSetDevice ( 0 ) [0m
:3:hip_device_runtime.cpp   :778 : 1257968305822 us: [pid:1860587 tid: 0x7f5dddf62000] hipSetDevice: Returned hipSuccess : 
:3:hip_device_runtime.cpp   :687 : 1257968305824 us: [pid:1860587 tid: 0x7f5dddf62000] [32m hipGetDevice ( 0x7fffb5924654 ) [0m
:3:hip_device_runtime.cpp   :699 : 1257968305826 us: [pid:1860587 tid: 0x7f5dddf62000] hipGetDevice: Returned hipSuccess : 0
:3:hip_device_runtime.cpp   :687 : 1257968305828 us: [pid:1860587 tid: 0x7f5dddf62000] [32m hipGetDevice ( 0x7fffb592417c ) [0m
:3:hip_device_runtime.cpp   :699 : 1257968305830 us: [pid:1860587 tid: 0x7f5dddf62000] hipGetDevice: Returned hipSuccess : 0
:3:hip_device_runtime.cpp   :687 : 1257968305831 us: [pid:1860587 tid: 0x7f5dddf62000] [32m hipGetDevice ( 0x7fffb5923e9c ) [0m
:3:hip_device_runtime.cpp   :699 : 1257968305832 us: [pid:1860587 tid: 0x7f5dddf62000] hipGetDevice: Returned hipSuccess : 0
:3:hip_device_runtime.cpp   :687 : 1257968305833 us: [pid:1860587 tid: 0x7f5dddf62000] [32m hipGetDevice ( 0x7fffb5923e9c ) [0m
:3:hip_device_runtime.cpp   :699 : 1257968305834 us: [pid:1860587 tid: 0x7f5dddf62000] hipGetDevice: Returned hipSuccess : 0
:3:hip_device_runtime.cpp   :687 : 1257968305836 us: [pid:1860587 tid: 0x7f5dddf62000] [32m hipGetDevice ( 0x7fffb5923e4c ) [0m
:3:hip_device_runtime.cpp   :699 : 1257968305837 us: [pid:1860587 tid: 0x7f5dddf62000] hipGetDevice: Returned hipSuccess : 0
:3:hip_context.cpp          :365 : 1257968305839 us: [pid:1860587 tid: 0x7f5dddf62000] [32m hipDevicePrimaryCtxGetState ( 0, 0x7fffb5923e64, 0x7fffb5923e68 ) [0m
:3:hip_context.cpp          :379 : 1257968305841 us: [pid:1860587 tid: 0x7f5dddf62000] hipDevicePrimaryCtxGetState: Returned hipSuccess : 
:3:hip_device_runtime.cpp   :687 : 1257968306795 us: [pid:1860587 tid: 0x7f5dddf62000] [32m hipGetDevice ( 0x7fffb5923e2c ) [0m
:3:hip_device_runtime.cpp   :699 : 1257968306797 us: [pid:1860587 tid: 0x7f5dddf62000] hipGetDevice: Returned hipSuccess : 0
:3:hip_graph.cpp            :1075: 1257968306799 us: [pid:1860587 tid: 0x7f5dddf62000] [32m hipStreamIsCapturing ( char array:<null>, 0x7fffb592406c ) [0m
:3:hip_graph.cpp            :1076: 1257968306800 us: [pid:1860587 tid: 0x7f5dddf62000] hipStreamIsCapturing: Returned hipSuccess : 
:3:hip_device_runtime.cpp   :687 : 1257968306802 us: [pid:1860587 tid: 0x7f5dddf62000] [32m hipGetDevice ( 0x7fffb5923e0c ) [0m
:3:hip_device_runtime.cpp   :699 : 1257968306803 us: [pid:1860587 tid: 0x7f5dddf62000] hipGetDevice: Returned hipSuccess : 0
:3:hip_context.cpp          :365 : 1257968306805 us: [pid:1860587 tid: 0x7f5dddf62000] [32m hipDevicePrimaryCtxGetState ( 0, 0x7fffb5923e24, 0x7fffb5923e28 ) [0m
:3:hip_context.cpp          :379 : 1257968306806 us: [pid:1860587 tid: 0x7f5dddf62000] hipDevicePrimaryCtxGetState: Returned hipSuccess : 
:3:hip_device_runtime.cpp   :687 : 1257968306807 us: [pid:1860587 tid: 0x7f5dddf62000] [32m hipGetDevice ( 0x7fffb5923dec ) [0m
:3:hip_device_runtime.cpp   :699 : 1257968306808 us: [pid:1860587 tid: 0x7f5dddf62000] hipGetDevice: Returned hipSuccess : 0
:3:hip_graph.cpp            :1075: 1257968306810 us: [pid:1860587 tid: 0x7f5dddf62000] [32m hipStreamIsCapturing ( char array:<null>, 0x7fffb592401c ) [0m
:3:hip_graph.cpp            :1076: 1257968306811 us: [pid:1860587 tid: 0x7f5dddf62000] hipStreamIsCapturing: Returned hipSuccess : 
:3:hip_device_runtime.cpp   :687 : 1257968306812 us: [pid:1860587 tid: 0x7f5dddf62000] [32m hipGetDevice ( 0x7fffb5923e8c ) [0m
:3:hip_device_runtime.cpp   :699 : 1257968306814 us: [pid:1860587 tid: 0x7f5dddf62000] hipGetDevice: Returned hipSuccess : 0
:3:hip_platform.cpp         :255 : 1257968306819 us: [pid:1860587 tid: 0x7f5dddf62000] [32m __hipPushCallConfiguration ( {2048,1,1}, {256,1,1}, 0, char array:<null> ) [0m
:3:hip_platform.cpp         :259 : 1257968306821 us: [pid:1860587 tid: 0x7f5dddf62000] __hipPushCallConfiguration: Returned hipSuccess : 
:3:hip_platform.cpp         :264 : 1257968307808 us: [pid:1860587 tid: 0x7f5dddf62000] [32m __hipPopCallConfiguration ( {3046261496,32767,3724515024}, {2875153064,32605,171899888}, 0x7fffb59240c0, 0x7fffb59240b8 ) [0m
:3:hip_platform.cpp         :273 : 1257968307810 us: [pid:1860587 tid: 0x7f5dddf62000] __hipPopCallConfiguration: Returned hipSuccess : 
:3:hip_module.cpp           :825 : 1257968307813 us: [pid:1860587 tid: 0x7f5dddf62000] [32m hipLaunchKernel ( 0x7f5dc0c7f998, {2048,1,1}, {256,1,1}, 0x7fffb59242a0, 0, char array:<null> ) [0m
:4:rocvirtual.cpp           :880 : 1257968307816 us: [pid:1860587 tid: 0x7f5dddf62000] Arg0:   = val:0x1c000000 (size:0x8)
:4:rocvirtual.cpp           :877 : 1257968307819 us: [pid:1860587 tid: 0x7f5dddf62000] Arg1:   = 0x2a 00 00 00 00 00 00 00 60 04 00 00 00 00 00 00 00 00 00 00 00 00 00 00 00 f4 eb 40 5d 7f 00 00  (size:0x20)
:4:rocvirtual.cpp           :880 : 1257968307820 us: [pid:1860587 tid: 0x7f5dddf62000] Arg2:   = val:0x0 (size:0x1)
:4:rocvirtual.cpp           :877 : 1257968307823 us: [pid:1860587 tid: 0x7f5dddf62000] Arg3:   = 0x00 00 c0 a9 1b 7f 00 00 01 00 00 00 00 00 00 00 10 00 00 00 00 00 00 00 00 00 00 00 00 00 00 00  (size:0x20)
:3:rocvirtual.cpp           :3501: 1257968307824 us: [pid:1860587 tid: 0x7f5dddf62000] ShaderName : void at::native::(anonymous namespace)::distribution_elementwise_grid_stride_kernel<unsigned int, 4, at::native::templates::cuda::random_from_to_kernel<at::CUDAGeneratorImpl*>(at::TensorIteratorBase&, unsigned long, long, at::CUDAGeneratorImpl*)::{lambda()#1}::operator()() const::{lambda()#1}::operator()() const::{lambda(hiprandStatePhilox4_32_10*)#2}, at::native::(anonymous namespace)::distribution_nullary_kernel<unsigned char, unsigned int, HIP_vector_type<unsigned int, 4u>, at::CUDAGeneratorImpl*, at::native::templates::cuda::random_from_to_kernel<at::CUDAGeneratorImpl*>(at::TensorIteratorBase&, unsigned long, long, at::CUDAGeneratorImpl*)::{lambda()#1}::operator()() const::{lambda()#1}::operator()() const::{lambda(hiprandStatePhilox4_32_10*)#2}, at::native::templates::cuda::random_from_to_kernel<at::CUDAGeneratorImpl*>(at::TensorIteratorBase&, unsigned long, long, at::CUDAGeneratorImpl*)::{lambda()#1}::operator()() const::{lambda()#1}::operator()() const::{lambda(unsigned int)#1}>(at::TensorIteratorBase&, at::CUDAGeneratorImpl*, at::native::templates::cuda::random_from_to_kernel<at::CUDAGeneratorImpl*>(at::TensorIteratorBase&, unsigned long, long, at::CUDAGeneratorImpl*)::{lambda()#1}::operator()() const::{lambda()#1}::operator()() const::{lambda(hiprandStatePhilox4_32_10*)#2} const&, at::native::templates::cuda::random_from_to_kernel<at::CUDAGeneratorImpl*>(at::TensorIteratorBase&, unsigned long, long, at::CUDAGeneratorImpl*)::{lambda()#1}::operator()() const::{lambda()#1}::operator()() const::{lambda(unsigned int)#1})::{lambda(int, unsigned int)#1}>(long, at::PhiloxCudaState, at::native::templates::cuda::random_from_to_kernel<at::CUDAGeneratorImpl*>(at::TensorIteratorBase&, unsigned long, long, at::CUDAGeneratorImpl*)::{lambda()#1}::operator()() const::{lambda()#1}::operator()() const::{lambda(hiprandStatePhilox4_32_10*)#2}, at::native::(anonymous namespace)::distribution_nullary_kernel<unsigned char, unsigned int, HIP_vector_type<unsigned int, 4u>, at::CUDAGeneratorImpl*, at::native::templates::cuda::random_from_to_kernel<at::CUDAGeneratorImpl*>(at::TensorIteratorBase&, unsigned long, long, at::CUDAGeneratorImpl*)::{lambda()#1}::operator()() const::{lambda()#1}::operator()() const::{lambda(hiprandStatePhilox4_32_10*)#2}, at::native::templates::cuda::random_from_to_kernel<at::CUDAGeneratorImpl*>(at::TensorIteratorBase&, unsigned long, long, at::CUDAGeneratorImpl*)::{lambda()#1}::operator()() const::{lambda()#1}::operator()() const::{lambda(unsigned int)#1}>(at::TensorIteratorBase&, at::CUDAGeneratorImpl*, at::native::templates::cuda::random_from_to_kernel<at::CUDAGeneratorImpl*>(at::TensorIteratorBase&, unsigned long, long, at::CUDAGeneratorImpl*)::{lambda()#1}::operator()() const::{lambda()#1}::operator()() const::{lambda(hiprandStatePhilox4_32_10*)#2} const&, at::native::templates::cuda::random_from_to_kernel<at::CUDAGeneratorImpl*>(at::TensorIteratorBase&, unsigned long, long, at::CUDAGeneratorImpl*)::{lambda()#1}::operator()() const::{lambda()#1}::operator()() const::{lambda(unsigned int)#1})::{lambda(int, unsigned int)#1})
:4:rocvirtual.cpp           :1079: 1257968307828 us: [pid:1860587 tid: 0x7f5dddf62000] SWq=0x7f5c9ca4c000, HWq=0x7f53f2600000, id=1, Dispatch Header = 0xb02 (type=2, barrier=1, acquire=1, release=1), setup=3, grid=[524288, 1, 1], workgroup=[256, 1, 1], private_seg_size=0, group_seg_size=0, kernel_obj=0x7f5bf414bfc0, kernarg_address=0x7f53f2400000, completion_signal=0x0, correlation_id=0, rptr=12, wptr=12
:4:rocvirtual.cpp           :1457: 1257968307838 us: [pid:1860587 tid: 0x7f5dddf62000] SWq=0x7f5c9ca4c000, HWq=0x7f53f2600000, id=1, BarrierAND Header = 0x1503 (type=3, barrier=1, acquire=2, release=2), dep_signal=[0x0, 0x0, 0x0, 0x0, 0x0], completion_signal=0x7f5bf4bff200, rptr=13, wptr=13
:4:rocvirtual.cpp           :634 : 1257968307840 us: [pid:1860587 tid: 0x7f5dddf62000] Host wait on completion_signal=0x7f5bf4bff200
:4:commandqueue.cpp         :227 : 1257968308452 us: [pid:1860587 tid: 0x7f5dddf62000] All commands finished for host queue : 0x563d07675b80
:3:hip_module.cpp           :826 : 1257968308453 us: [pid:1860587 tid: 0x7f5dddf62000] hipLaunchKernel: Returned hipSuccess : : duration: 640 us
:3:hip_error.cpp            :34  : 1257968308454 us: [pid:1860587 tid: 0x7f5dddf62000] [32m hipGetLastError (  ) [0m
:3:hip_device_runtime.cpp   :773 : 1257968308456 us: [pid:1860587 tid: 0x7f5dddf62000] [32m hipSetDevice ( 0 ) [0m
:3:hip_device_runtime.cpp   :778 : 1257968308457 us: [pid:1860587 tid: 0x7f5dddf62000] hipSetDevice: Returned hipSuccess : 
:3:hip_device_runtime.cpp   :687 : 1257968308465 us: [pid:1860587 tid: 0x7f5dddf62000] [32m hipGetDevice ( 0x7fffb592449c ) [0m
:3:hip_device_runtime.cpp   :699 : 1257968308467 us: [pid:1860587 tid: 0x7f5dddf62000] hipGetDevice: Returned hipSuccess : 0
:3:hip_device_runtime.cpp   :687 : 1257968308469 us: [pid:1860587 tid: 0x7f5dddf62000] [32m hipGetDevice ( 0x7fffb5924164 ) [0m
:3:hip_device_runtime.cpp   :699 : 1257968308470 us: [pid:1860587 tid: 0x7f5dddf62000] hipGetDevice: Returned hipSuccess : 0
:3:hip_device_runtime.cpp   :687 : 1257968308471 us: [pid:1860587 tid: 0x7f5dddf62000] [32m hipGetDevice ( 0x7fffb5923e5c ) [0m
:3:hip_device_runtime.cpp   :699 : 1257968308472 us: [pid:1860587 tid: 0x7f5dddf62000] hipGetDevice: Returned hipSuccess : 0
:3:hip_error.cpp            :34  : 1257968308474 us: [pid:1860587 tid: 0x7f5dddf62000] [32m hipGetLastError (  ) [0m
:3:hip_device_runtime.cpp   :687 : 1257968308475 us: [pid:1860587 tid: 0x7f5dddf62000] [32m hipGetDevice ( 0x7fffb592366c ) [0m
:3:hip_device_runtime.cpp   :699 : 1257968308476 us: [pid:1860587 tid: 0x7f5dddf62000] hipGetDevice: Returned hipSuccess : 0
:3:hip_graph.cpp            :1075: 1257968308478 us: [pid:1860587 tid: 0x7f5dddf62000] [32m hipStreamIsCapturing ( char array:<null>, 0x7fffb59238d0 ) [0m
:3:hip_graph.cpp            :1076: 1257968308479 us: [pid:1860587 tid: 0x7f5dddf62000] hipStreamIsCapturing: Returned hipSuccess : 
:3:hip_memory.cpp           :759 : 1257968308480 us: [pid:1860587 tid: 0x7f5dddf62000] [32m hipMalloc ( 0x7fffb59239b0, 469762048 ) [0m
:4:rocdevice.cpp            :2179: 1257968308507 us: [pid:1860587 tid: 0x7f5dddf62000] Allocate hsa device memory 0x7f1b71800000, size 0x1c000000, hsa_mem_flags 0x0h
:3:rocdevice.cpp            :2219: 1257968308509 us: [pid:1860587 tid: 0x7f5dddf62000] Device=0x563d095eefd0, freeMem_ = 0x47a0800000
:3:hip_memory.cpp           :761 : 1257968308510 us: [pid:1860587 tid: 0x7f5dddf62000] hipMalloc: Returned hipSuccess : 0x7f1b71800000: duration: 30 us
:3:hip_device_runtime.cpp   :773 : 1257968308513 us: [pid:1860587 tid: 0x7f5dddf62000] [32m hipSetDevice ( 0 ) [0m
:3:hip_device_runtime.cpp   :778 : 1257968308514 us: [pid:1860587 tid: 0x7f5dddf62000] hipSetDevice: Returned hipSuccess : 
:3:hip_device_runtime.cpp   :687 : 1257968308518 us: [pid:1860587 tid: 0x7f5dddf62000] [32m hipGetDevice ( 0x7fffb592408c ) [0m
:3:hip_device_runtime.cpp   :699 : 1257968308520 us: [pid:1860587 tid: 0x7f5dddf62000] hipGetDevice: Returned hipSuccess : 0
:3:hip_device_runtime.cpp   :687 : 1257968308521 us: [pid:1860587 tid: 0x7f5dddf62000] [32m hipGetDevice ( 0x7fffb59240cc ) [0m
:3:hip_device_runtime.cpp   :699 : 1257968308522 us: [pid:1860587 tid: 0x7f5dddf62000] hipGetDevice: Returned hipSuccess : 0
:3:hip_platform.cpp         :255 : 1257968308526 us: [pid:1860587 tid: 0x7f5dddf62000] [32m __hipPushCallConfiguration ( {114688,1,1}, {256,1,1}, 0, char array:<null> ) [0m
:3:hip_platform.cpp         :259 : 1257968308527 us: [pid:1860587 tid: 0x7f5dddf62000] __hipPushCallConfiguration: Returned hipSuccess : 
:3:hip_platform.cpp         :264 : 1257968308529 us: [pid:1860587 tid: 0x7f5dddf62000] [32m __hipPopCallConfiguration ( {3046261944,32767,2}, {256,0,3046261760}, 0x7fffb59242f8, 0x7fffb59242e8 ) [0m
:3:hip_platform.cpp         :273 : 1257968308531 us: [pid:1860587 tid: 0x7f5dddf62000] __hipPopCallConfiguration: Returned hipSuccess : 
:3:hip_module.cpp           :825 : 1257968308533 us: [pid:1860587 tid: 0x7f5dddf62000] [32m hipLaunchKernel ( 0x7f5dc0c73c30, {114688,1,1}, {256,1,1}, 0x7fffb5924330, 0, char array:<null> ) [0m
:4:rocvirtual.cpp           :880 : 1257968308535 us: [pid:1860587 tid: 0x7f5dddf62000] Arg0:   = val:0x1c000000 (size:0x4)
:4:rocvirtual.cpp           :880 : 1257968308536 us: [pid:1860587 tid: 0x7f5dddf62000] Arg1:   = val:0xa0 (size:0x1)
:4:rocvirtual.cpp           :877 : 1257968308538 us: [pid:1860587 tid: 0x7f5dddf62000] Arg2:   = 0x00 00 80 71 1b 7f 00 00 00 00 a0 8d 1b 7f 00 00 00 00 c0 a9 1b 7f 00 00  (size:0x18)
:3:rocvirtual.cpp           :3501: 1257968308539 us: [pid:1860587 tid: 0x7f5dddf62000] ShaderName : void at::native::vectorized_elementwise_kernel<16, at::native::BinaryFunctor<unsigned char, unsigned char, unsigned char, at::native::BitwiseOrFunctor<unsigned char> >, std::array<char*, 3ul> >(int, at::native::BinaryFunctor<unsigned char, unsigned char, unsigned char, at::native::BitwiseOrFunctor<unsigned char> >, std::array<char*, 3ul>)
:4:rocvirtual.cpp           :1079: 1257968308544 us: [pid:1860587 tid: 0x7f5dddf62000] SWq=0x7f5c9ca4c000, HWq=0x7f53f2600000, id=1, Dispatch Header = 0xb02 (type=2, barrier=1, acquire=1, release=1), setup=3, grid=[29360128, 1, 1], workgroup=[256, 1, 1], private_seg_size=0, group_seg_size=0, kernel_obj=0x7f53f1254f00, kernarg_address=0x7f53f2400000, completion_signal=0x0, correlation_id=0, rptr=14, wptr=14
:4:rocvirtual.cpp           :1457: 1257968308547 us: [pid:1860587 tid: 0x7f5dddf62000] SWq=0x7f5c9ca4c000, HWq=0x7f53f2600000, id=1, BarrierAND Header = 0x1503 (type=3, barrier=1, acquire=2, release=2), dep_signal=[0x0, 0x0, 0x0, 0x0, 0x0], completion_signal=0x7f5bf4bff180, rptr=15, wptr=15
:4:rocvirtual.cpp           :634 : 1257968308548 us: [pid:1860587 tid: 0x7f5dddf62000] Host wait on completion_signal=0x7f5bf4bff180
:4:commandqueue.cpp         :227 : 1257968308829 us: [pid:1860587 tid: 0x7f5dddf62000] All commands finished for host queue : 0x563d07675b80
:3:hip_module.cpp           :826 : 1257968308832 us: [pid:1860587 tid: 0x7f5dddf62000] hipLaunchKernel: Returned hipSuccess : : duration: 299 us
:3:hip_error.cpp            :34  : 1257968308833 us: [pid:1860587 tid: 0x7f5dddf62000] [32m hipGetLastError (  ) [0m
:3:hip_device_runtime.cpp   :773 : 1257968308835 us: [pid:1860587 tid: 0x7f5dddf62000] [32m hipSetDevice ( 0 ) [0m
:3:hip_device_runtime.cpp   :778 : 1257968308836 us: [pid:1860587 tid: 0x7f5dddf62000] hipSetDevice: Returned hipSuccess : 
:3:hip_device_runtime.cpp   :687 : 1257968308843 us: [pid:1860587 tid: 0x7f5dddf62000] [32m hipGetDevice ( 0x7fffb59246f4 ) [0m
:3:hip_device_runtime.cpp   :699 : 1257968308844 us: [pid:1860587 tid: 0x7f5dddf62000] hipGetDevice: Returned hipSuccess : 0
:3:hip_device_runtime.cpp   :687 : 1257968308846 us: [pid:1860587 tid: 0x7f5dddf62000] [32m hipGetDevice ( 0x7fffb59245f4 ) [0m
:3:hip_device_runtime.cpp   :699 : 1257968308848 us: [pid:1860587 tid: 0x7f5dddf62000] hipGetDevice: Returned hipSuccess : 0
:3:hip_device_runtime.cpp   :687 : 1257968308851 us: [pid:1860587 tid: 0x7f5dddf62000] [32m hipGetDevice ( 0x7fffb59242dc ) [0m
:3:hip_device_runtime.cpp   :699 : 1257968309879 us: [pid:1860587 tid: 0x7f5dddf62000] hipGetDevice: Returned hipSuccess : 0
:3:hip_device_runtime.cpp   :773 : 1257968309881 us: [pid:1860587 tid: 0x7f5dddf62000] [32m hipSetDevice ( 0 ) [0m
:3:hip_device_runtime.cpp   :778 : 1257968309883 us: [pid:1860587 tid: 0x7f5dddf62000] hipSetDevice: Returned hipSuccess : 
:3:hip_device_runtime.cpp   :773 : 1257968309885 us: [pid:1860587 tid: 0x7f5dddf62000] [32m hipSetDevice ( 0 ) [0m
:3:hip_device_runtime.cpp   :778 : 1257968309886 us: [pid:1860587 tid: 0x7f5dddf62000] hipSetDevice: Returned hipSuccess : 
:3:hip_device_runtime.cpp   :687 : 1257968309888 us: [pid:1860587 tid: 0x7f5dddf62000] [32m hipGetDevice ( 0x7fffb5924834 ) [0m
:3:hip_device_runtime.cpp   :699 : 1257968309889 us: [pid:1860587 tid: 0x7f5dddf62000] hipGetDevice: Returned hipSuccess : 0
:3:hip_device_runtime.cpp   :687 : 1257968309891 us: [pid:1860587 tid: 0x7f5dddf62000] [32m hipGetDevice ( 0x7fffb592435c ) [0m
:3:hip_device_runtime.cpp   :699 : 1257968309892 us: [pid:1860587 tid: 0x7f5dddf62000] hipGetDevice: Returned hipSuccess : 0
:3:hip_device_runtime.cpp   :687 : 1257968309893 us: [pid:1860587 tid: 0x7f5dddf62000] [32m hipGetDevice ( 0x7fffb592407c ) [0m
:3:hip_device_runtime.cpp   :699 : 1257968309894 us: [pid:1860587 tid: 0x7f5dddf62000] hipGetDevice: Returned hipSuccess : 0
:3:hip_device_runtime.cpp   :687 : 1257968309896 us: [pid:1860587 tid: 0x7f5dddf62000] [32m hipGetDevice ( 0x7fffb592407c ) [0m
:3:hip_device_runtime.cpp   :699 : 1257968309898 us: [pid:1860587 tid: 0x7f5dddf62000] hipGetDevice: Returned hipSuccess : 0
:3:hip_device_runtime.cpp   :687 : 1257968309903 us: [pid:1860587 tid: 0x7f5dddf62000] [32m hipGetDevice ( 0x7fffb592402c ) [0m
:3:hip_device_runtime.cpp   :699 : 1257968309904 us: [pid:1860587 tid: 0x7f5dddf62000] hipGetDevice: Returned hipSuccess : 0
:3:hip_context.cpp          :365 : 1257968310903 us: [pid:1860587 tid: 0x7f5dddf62000] [32m hipDevicePrimaryCtxGetState ( 0, 0x7fffb5924044, 0x7fffb5924048 ) [0m
:3:hip_context.cpp          :379 : 1257968310905 us: [pid:1860587 tid: 0x7f5dddf62000] hipDevicePrimaryCtxGetState: Returned hipSuccess : 
:3:hip_device_runtime.cpp   :687 : 1257968310906 us: [pid:1860587 tid: 0x7f5dddf62000] [32m hipGetDevice ( 0x7fffb592400c ) [0m
:3:hip_device_runtime.cpp   :699 : 1257968310908 us: [pid:1860587 tid: 0x7f5dddf62000] hipGetDevice: Returned hipSuccess : 0
:3:hip_graph.cpp            :1075: 1257968310910 us: [pid:1860587 tid: 0x7f5dddf62000] [32m hipStreamIsCapturing ( char array:<null>, 0x7fffb592424c ) [0m
:3:hip_graph.cpp            :1076: 1257968310911 us: [pid:1860587 tid: 0x7f5dddf62000] hipStreamIsCapturing: Returned hipSuccess : 
:3:hip_device_runtime.cpp   :687 : 1257968310912 us: [pid:1860587 tid: 0x7f5dddf62000] [32m hipGetDevice ( 0x7fffb5923fec ) [0m
:3:hip_device_runtime.cpp   :699 : 1257968310913 us: [pid:1860587 tid: 0x7f5dddf62000] hipGetDevice: Returned hipSuccess : 0
:3:hip_context.cpp          :365 : 1257968310915 us: [pid:1860587 tid: 0x7f5dddf62000] [32m hipDevicePrimaryCtxGetState ( 0, 0x7fffb5924004, 0x7fffb5924008 ) [0m
:3:hip_context.cpp          :379 : 1257968310916 us: [pid:1860587 tid: 0x7f5dddf62000] hipDevicePrimaryCtxGetState: Returned hipSuccess : 
:3:hip_device_runtime.cpp   :687 : 1257968310917 us: [pid:1860587 tid: 0x7f5dddf62000] [32m hipGetDevice ( 0x7fffb5923fcc ) [0m
:3:hip_device_runtime.cpp   :699 : 1257968310918 us: [pid:1860587 tid: 0x7f5dddf62000] hipGetDevice: Returned hipSuccess : 0
:3:hip_graph.cpp            :1075: 1257968310920 us: [pid:1860587 tid: 0x7f5dddf62000] [32m hipStreamIsCapturing ( char array:<null>, 0x7fffb59241fc ) [0m
:3:hip_graph.cpp            :1076: 1257968310921 us: [pid:1860587 tid: 0x7f5dddf62000] hipStreamIsCapturing: Returned hipSuccess : 
:3:hip_device_runtime.cpp   :687 : 1257968310923 us: [pid:1860587 tid: 0x7f5dddf62000] [32m hipGetDevice ( 0x7fffb592406c ) [0m
:3:hip_device_runtime.cpp   :699 : 1257968311816 us: [pid:1860587 tid: 0x7f5dddf62000] hipGetDevice: Returned hipSuccess : 0
:3:hip_platform.cpp         :255 : 1257968311818 us: [pid:1860587 tid: 0x7f5dddf62000] [32m __hipPushCallConfiguration ( {2048,1,1}, {256,1,1}, 0, char array:<null> ) [0m
:3:hip_platform.cpp         :259 : 1257968311820 us: [pid:1860587 tid: 0x7f5dddf62000] __hipPushCallConfiguration: Returned hipSuccess : 
:3:hip_platform.cpp         :264 : 1257968311823 us: [pid:1860587 tid: 0x7f5dddf62000] [32m __hipPopCallConfiguration ( {3046261976,32767,3724515024}, {2875153064,32605,171903136}, 0x7fffb59242a0, 0x7fffb5924298 ) [0m
:3:hip_platform.cpp         :273 : 1257968311824 us: [pid:1860587 tid: 0x7f5dddf62000] __hipPopCallConfiguration: Returned hipSuccess : 
:3:hip_module.cpp           :825 : 1257968311826 us: [pid:1860587 tid: 0x7f5dddf62000] [32m hipLaunchKernel ( 0x7f5dc0c7f9b8, {2048,1,1}, {256,1,1}, 0x7fffb5924480, 0, char array:<null> ) [0m
:4:rocvirtual.cpp           :880 : 1257968311832 us: [pid:1860587 tid: 0x7f5dddf62000] Arg0:   = val:0x380000 (size:0x8)
:4:rocvirtual.cpp           :877 : 1257968311835 us: [pid:1860587 tid: 0x7f5dddf62000] Arg1:   = 0x2a 00 00 00 00 00 00 00 e0 07 00 00 00 00 00 00 00 00 00 00 00 00 00 00 00 f4 eb 40 5d 7f 00 00  (size:0x20)
:4:rocvirtual.cpp           :880 : 1257968311837 us: [pid:1860587 tid: 0x7f5dddf62000] Arg2:   = val:0x0 (size:0x1)
:4:rocvirtual.cpp           :877 : 1257968311843 us: [pid:1860587 tid: 0x7f5dddf62000] Arg3:   = 0x00 00 80 c9 1b 7f 00 00 01 00 00 00 00 00 00 00 05 00 00 00 00 00 00 00 fe ff ff ff ff ff ff ff  (size:0x20)
:3:rocvirtual.cpp           :3501: 1257968312829 us: [pid:1860587 tid: 0x7f5dddf62000] ShaderName : void at::native::(anonymous namespace)::distribution_elementwise_grid_stride_kernel<unsigned int, 4, at::native::templates::cuda::random_from_to_kernel<at::CUDAGeneratorImpl*>(at::TensorIteratorBase&, unsigned long, long, at::CUDAGeneratorImpl*)::{lambda()#1}::operator()() const::{lambda()#2}::operator()() const::{lambda(hiprandStatePhilox4_32_10*)#2}, at::native::(anonymous namespace)::distribution_nullary_kernel<signed char, unsigned int, HIP_vector_type<unsigned int, 4u>, at::CUDAGeneratorImpl*, at::native::templates::cuda::random_from_to_kernel<at::CUDAGeneratorImpl*>(at::TensorIteratorBase&, unsigned long, long, at::CUDAGeneratorImpl*)::{lambda()#1}::operator()() const::{lambda()#2}::operator()() const::{lambda(hiprandStatePhilox4_32_10*)#2}, at::native::templates::cuda::random_from_to_kernel<at::CUDAGeneratorImpl*>(at::TensorIteratorBase&, unsigned long, long, at::CUDAGeneratorImpl*)::{lambda()#1}::operator()() const::{lambda()#2}::operator()() const::{lambda(unsigned int)#1}>(at::TensorIteratorBase&, at::CUDAGeneratorImpl*, at::native::templates::cuda::random_from_to_kernel<at::CUDAGeneratorImpl*>(at::TensorIteratorBase&, unsigned long, long, at::CUDAGeneratorImpl*)::{lambda()#1}::operator()() const::{lambda()#2}::operator()() const::{lambda(hiprandStatePhilox4_32_10*)#2} const&, at::native::templates::cuda::random_from_to_kernel<at::CUDAGeneratorImpl*>(at::TensorIteratorBase&, unsigned long, long, at::CUDAGeneratorImpl*)::{lambda()#1}::operator()() const::{lambda()#2}::operator()() const::{lambda(unsigned int)#1})::{lambda(int, unsigned int)#1}>(long, at::PhiloxCudaState, at::native::templates::cuda::random_from_to_kernel<at::CUDAGeneratorImpl*>(at::TensorIteratorBase&, unsigned long, long, at::CUDAGeneratorImpl*)::{lambda()#1}::operator()() const::{lambda()#2}::operator()() const::{lambda(hiprandStatePhilox4_32_10*)#2}, at::native::(anonymous namespace)::distribution_nullary_kernel<signed char, unsigned int, HIP_vector_type<unsigned int, 4u>, at::CUDAGeneratorImpl*, at::native::templates::cuda::random_from_to_kernel<at::CUDAGeneratorImpl*>(at::TensorIteratorBase&, unsigned long, long, at::CUDAGeneratorImpl*)::{lambda()#1}::operator()() const::{lambda()#2}::operator()() const::{lambda(hiprandStatePhilox4_32_10*)#2}, at::native::templates::cuda::random_from_to_kernel<at::CUDAGeneratorImpl*>(at::TensorIteratorBase&, unsigned long, long, at::CUDAGeneratorImpl*)::{lambda()#1}::operator()() const::{lambda()#2}::operator()() const::{lambda(unsigned int)#1}>(at::TensorIteratorBase&, at::CUDAGeneratorImpl*, at::native::templates::cuda::random_from_to_kernel<at::CUDAGeneratorImpl*>(at::TensorIteratorBase&, unsigned long, long, at::CUDAGeneratorImpl*)::{lambda()#1}::operator()() const::{lambda()#2}::operator()() const::{lambda(hiprandStatePhilox4_32_10*)#2} const&, at::native::templates::cuda::random_from_to_kernel<at::CUDAGeneratorImpl*>(at::TensorIteratorBase&, unsigned long, long, at::CUDAGeneratorImpl*)::{lambda()#1}::operator()() const::{lambda()#2}::operator()() const::{lambda(unsigned int)#1})::{lambda(int, unsigned int)#1})
:4:rocvirtual.cpp           :1079: 1257968313764 us: [pid:1860587 tid: 0x7f5dddf62000] SWq=0x7f5c9ca4c000, HWq=0x7f53f2600000, id=1, Dispatch Header = 0xb02 (type=2, barrier=1, acquire=1, release=1), setup=3, grid=[524288, 1, 1], workgroup=[256, 1, 1], private_seg_size=0, group_seg_size=0, kernel_obj=0x7f5bf414c0c0, kernarg_address=0x7f53f2400000, completion_signal=0x0, correlation_id=0, rptr=16, wptr=16
:4:rocvirtual.cpp           :1457: 1257968313767 us: [pid:1860587 tid: 0x7f5dddf62000] SWq=0x7f5c9ca4c000, HWq=0x7f53f2600000, id=1, BarrierAND Header = 0x1503 (type=3, barrier=1, acquire=2, release=2), dep_signal=[0x0, 0x0, 0x0, 0x0, 0x0], completion_signal=0x7f5bf4bff100, rptr=17, wptr=17
:4:rocvirtual.cpp           :634 : 1257968313768 us: [pid:1860587 tid: 0x7f5dddf62000] Host wait on completion_signal=0x7f5bf4bff100
:4:commandqueue.cpp         :227 : 1257968313788 us: [pid:1860587 tid: 0x7f5dddf62000] All commands finished for host queue : 0x563d07675b80
:3:hip_module.cpp           :826 : 1257968314704 us: [pid:1860587 tid: 0x7f5dddf62000] hipLaunchKernel: Returned hipSuccess : : duration: 2878 us
:3:hip_error.cpp            :34  : 1257968314706 us: [pid:1860587 tid: 0x7f5dddf62000] [32m hipGetLastError (  ) [0m
:3:hip_device_runtime.cpp   :773 : 1257968314708 us: [pid:1860587 tid: 0x7f5dddf62000] [32m hipSetDevice ( 0 ) [0m
:3:hip_device_runtime.cpp   :778 : 1257968314709 us: [pid:1860587 tid: 0x7f5dddf62000] hipSetDevice: Returned hipSuccess : 
:3:hip_device_runtime.cpp   :687 : 1257968314713 us: [pid:1860587 tid: 0x7f5dddf62000] [32m hipGetDevice ( 0x7fffb59246f4 ) [0m
:3:hip_device_runtime.cpp   :699 : 1257968314715 us: [pid:1860587 tid: 0x7f5dddf62000] hipGetDevice: Returned hipSuccess : 0
:3:hip_device_runtime.cpp   :687 : 1257968314716 us: [pid:1860587 tid: 0x7f5dddf62000] [32m hipGetDevice ( 0x7fffb59245f4 ) [0m
:3:hip_device_runtime.cpp   :699 : 1257968314717 us: [pid:1860587 tid: 0x7f5dddf62000] hipGetDevice: Returned hipSuccess : 0
:3:hip_device_runtime.cpp   :687 : 1257968314719 us: [pid:1860587 tid: 0x7f5dddf62000] [32m hipGetDevice ( 0x7fffb59242dc ) [0m
:3:hip_device_runtime.cpp   :699 : 1257968314720 us: [pid:1860587 tid: 0x7f5dddf62000] hipGetDevice: Returned hipSuccess : 0
:3:hip_device_runtime.cpp   :773 : 1257968314722 us: [pid:1860587 tid: 0x7f5dddf62000] [32m hipSetDevice ( 0 ) [0m
:3:hip_device_runtime.cpp   :778 : 1257968314724 us: [pid:1860587 tid: 0x7f5dddf62000] hipSetDevice: Returned hipSuccess : 
:3:hip_device_runtime.cpp   :773 : 1257968315666 us: [pid:1860587 tid: 0x7f5dddf62000] [32m hipSetDevice ( 0 ) [0m
:3:hip_device_runtime.cpp   :778 : 1257968315667 us: [pid:1860587 tid: 0x7f5dddf62000] hipSetDevice: Returned hipSuccess : 
:3:hip_device_runtime.cpp   :687 : 1257968315669 us: [pid:1860587 tid: 0x7f5dddf62000] [32m hipGetDevice ( 0x7fffb5924834 ) [0m
:3:hip_device_runtime.cpp   :699 : 1257968315670 us: [pid:1860587 tid: 0x7f5dddf62000] hipGetDevice: Returned hipSuccess : 0
:3:hip_device_runtime.cpp   :687 : 1257968315672 us: [pid:1860587 tid: 0x7f5dddf62000] [32m hipGetDevice ( 0x7fffb592435c ) [0m
:3:hip_device_runtime.cpp   :699 : 1257968315673 us: [pid:1860587 tid: 0x7f5dddf62000] hipGetDevice: Returned hipSuccess : 0
:3:hip_device_runtime.cpp   :687 : 1257968315674 us: [pid:1860587 tid: 0x7f5dddf62000] [32m hipGetDevice ( 0x7fffb592407c ) [0m
:3:hip_device_runtime.cpp   :699 : 1257968315675 us: [pid:1860587 tid: 0x7f5dddf62000] hipGetDevice: Returned hipSuccess : 0
:3:hip_device_runtime.cpp   :687 : 1257968315677 us: [pid:1860587 tid: 0x7f5dddf62000] [32m hipGetDevice ( 0x7fffb592407c ) [0m
:3:hip_device_runtime.cpp   :699 : 1257968315678 us: [pid:1860587 tid: 0x7f5dddf62000] hipGetDevice: Returned hipSuccess : 0
:3:hip_device_runtime.cpp   :687 : 1257968315680 us: [pid:1860587 tid: 0x7f5dddf62000] [32m hipGetDevice ( 0x7fffb592402c ) [0m
:3:hip_device_runtime.cpp   :699 : 1257968315681 us: [pid:1860587 tid: 0x7f5dddf62000] hipGetDevice: Returned hipSuccess : 0
:3:hip_context.cpp          :365 : 1257968315683 us: [pid:1860587 tid: 0x7f5dddf62000] [32m hipDevicePrimaryCtxGetState ( 0, 0x7fffb5924044, 0x7fffb5924048 ) [0m
:3:hip_context.cpp          :379 : 1257968315684 us: [pid:1860587 tid: 0x7f5dddf62000] hipDevicePrimaryCtxGetState: Returned hipSuccess : 
:3:hip_device_runtime.cpp   :687 : 1257968315685 us: [pid:1860587 tid: 0x7f5dddf62000] [32m hipGetDevice ( 0x7fffb592400c ) [0m
:3:hip_device_runtime.cpp   :699 : 1257968315687 us: [pid:1860587 tid: 0x7f5dddf62000] hipGetDevice: Returned hipSuccess : 0
:3:hip_graph.cpp            :1075: 1257968315689 us: [pid:1860587 tid: 0x7f5dddf62000] [32m hipStreamIsCapturing ( char array:<null>, 0x7fffb592424c ) [0m
:3:hip_graph.cpp            :1076: 1257968315692 us: [pid:1860587 tid: 0x7f5dddf62000] hipStreamIsCapturing: Returned hipSuccess : 
:3:hip_device_runtime.cpp   :687 : 1257968316672 us: [pid:1860587 tid: 0x7f5dddf62000] [32m hipGetDevice ( 0x7fffb5923fec ) [0m
:3:hip_device_runtime.cpp   :699 : 1257968316674 us: [pid:1860587 tid: 0x7f5dddf62000] hipGetDevice: Returned hipSuccess : 0
:3:hip_context.cpp          :365 : 1257968316675 us: [pid:1860587 tid: 0x7f5dddf62000] [32m hipDevicePrimaryCtxGetState ( 0, 0x7fffb5924004, 0x7fffb5924008 ) [0m
:3:hip_context.cpp          :379 : 1257968316677 us: [pid:1860587 tid: 0x7f5dddf62000] hipDevicePrimaryCtxGetState: Returned hipSuccess : 
:3:hip_device_runtime.cpp   :687 : 1257968316678 us: [pid:1860587 tid: 0x7f5dddf62000] [32m hipGetDevice ( 0x7fffb5923fcc ) [0m
:3:hip_device_runtime.cpp   :699 : 1257968316680 us: [pid:1860587 tid: 0x7f5dddf62000] hipGetDevice: Returned hipSuccess : 0
:3:hip_graph.cpp            :1075: 1257968316681 us: [pid:1860587 tid: 0x7f5dddf62000] [32m hipStreamIsCapturing ( char array:<null>, 0x7fffb59241fc ) [0m
:3:hip_graph.cpp            :1076: 1257968316683 us: [pid:1860587 tid: 0x7f5dddf62000] hipStreamIsCapturing: Returned hipSuccess : 
:3:hip_device_runtime.cpp   :687 : 1257968316684 us: [pid:1860587 tid: 0x7f5dddf62000] [32m hipGetDevice ( 0x7fffb592406c ) [0m
:3:hip_device_runtime.cpp   :699 : 1257968316685 us: [pid:1860587 tid: 0x7f5dddf62000] hipGetDevice: Returned hipSuccess : 0
:3:hip_platform.cpp         :255 : 1257968316687 us: [pid:1860587 tid: 0x7f5dddf62000] [32m __hipPushCallConfiguration ( {2048,1,1}, {256,1,1}, 0, char array:<null> ) [0m
:3:hip_platform.cpp         :259 : 1257968316688 us: [pid:1860587 tid: 0x7f5dddf62000] __hipPushCallConfiguration: Returned hipSuccess : 
:3:hip_platform.cpp         :264 : 1257968316690 us: [pid:1860587 tid: 0x7f5dddf62000] [32m __hipPopCallConfiguration ( {3046261976,32767,3724515024}, {2875153064,32605,171905072}, 0x7fffb59242a0, 0x7fffb5924298 ) [0m
:3:hip_platform.cpp         :273 : 1257968316692 us: [pid:1860587 tid: 0x7f5dddf62000] __hipPopCallConfiguration: Returned hipSuccess : 
:3:hip_module.cpp           :825 : 1257968317638 us: [pid:1860587 tid: 0x7f5dddf62000] [32m hipLaunchKernel ( 0x7f5dc0c7f9b8, {2048,1,1}, {256,1,1}, 0x7fffb5924480, 0, char array:<null> ) [0m
:4:rocvirtual.cpp           :880 : 1257968317640 us: [pid:1860587 tid: 0x7f5dddf62000] Arg0:   = val:0x1c00000 (size:0x8)
:4:rocvirtual.cpp           :877 : 1257968317644 us: [pid:1860587 tid: 0x7f5dddf62000] Arg1:   = 0x2a 00 00 00 00 00 00 00 e8 07 00 00 00 00 00 00 00 00 00 00 00 00 00 00 00 f4 eb 40 5d 7f 00 00  (size:0x20)
:4:rocvirtual.cpp           :880 : 1257968317645 us: [pid:1860587 tid: 0x7f5dddf62000] Arg2:   = val:0x0 (size:0x1)
:4:rocvirtual.cpp           :877 : 1257968317648 us: [pid:1860587 tid: 0x7f5dddf62000] Arg3:   = 0x00 00 b8 c9 1b 7f 00 00 01 00 00 00 00 00 00 00 05 00 00 00 00 00 00 00 fe ff ff ff ff ff ff ff  (size:0x20)
:3:rocvirtual.cpp           :3501: 1257968317649 us: [pid:1860587 tid: 0x7f5dddf62000] ShaderName : void at::native::(anonymous namespace)::distribution_elementwise_grid_stride_kernel<unsigned int, 4, at::native::templates::cuda::random_from_to_kernel<at::CUDAGeneratorImpl*>(at::TensorIteratorBase&, unsigned long, long, at::CUDAGeneratorImpl*)::{lambda()#1}::operator()() const::{lambda()#2}::operator()() const::{lambda(hiprandStatePhilox4_32_10*)#2}, at::native::(anonymous namespace)::distribution_nullary_kernel<signed char, unsigned int, HIP_vector_type<unsigned int, 4u>, at::CUDAGeneratorImpl*, at::native::templates::cuda::random_from_to_kernel<at::CUDAGeneratorImpl*>(at::TensorIteratorBase&, unsigned long, long, at::CUDAGeneratorImpl*)::{lambda()#1}::operator()() const::{lambda()#2}::operator()() const::{lambda(hiprandStatePhilox4_32_10*)#2}, at::native::templates::cuda::random_from_to_kernel<at::CUDAGeneratorImpl*>(at::TensorIteratorBase&, unsigned long, long, at::CUDAGeneratorImpl*)::{lambda()#1}::operator()() const::{lambda()#2}::operator()() const::{lambda(unsigned int)#1}>(at::TensorIteratorBase&, at::CUDAGeneratorImpl*, at::native::templates::cuda::random_from_to_kernel<at::CUDAGeneratorImpl*>(at::TensorIteratorBase&, unsigned long, long, at::CUDAGeneratorImpl*)::{lambda()#1}::operator()() const::{lambda()#2}::operator()() const::{lambda(hiprandStatePhilox4_32_10*)#2} const&, at::native::templates::cuda::random_from_to_kernel<at::CUDAGeneratorImpl*>(at::TensorIteratorBase&, unsigned long, long, at::CUDAGeneratorImpl*)::{lambda()#1}::operator()() const::{lambda()#2}::operator()() const::{lambda(unsigned int)#1})::{lambda(int, unsigned int)#1}>(long, at::PhiloxCudaState, at::native::templates::cuda::random_from_to_kernel<at::CUDAGeneratorImpl*>(at::TensorIteratorBase&, unsigned long, long, at::CUDAGeneratorImpl*)::{lambda()#1}::operator()() const::{lambda()#2}::operator()() const::{lambda(hiprandStatePhilox4_32_10*)#2}, at::native::(anonymous namespace)::distribution_nullary_kernel<signed char, unsigned int, HIP_vector_type<unsigned int, 4u>, at::CUDAGeneratorImpl*, at::native::templates::cuda::random_from_to_kernel<at::CUDAGeneratorImpl*>(at::TensorIteratorBase&, unsigned long, long, at::CUDAGeneratorImpl*)::{lambda()#1}::operator()() const::{lambda()#2}::operator()() const::{lambda(hiprandStatePhilox4_32_10*)#2}, at::native::templates::cuda::random_from_to_kernel<at::CUDAGeneratorImpl*>(at::TensorIteratorBase&, unsigned long, long, at::CUDAGeneratorImpl*)::{lambda()#1}::operator()() const::{lambda()#2}::operator()() const::{lambda(unsigned int)#1}>(at::TensorIteratorBase&, at::CUDAGeneratorImpl*, at::native::templates::cuda::random_from_to_kernel<at::CUDAGeneratorImpl*>(at::TensorIteratorBase&, unsigned long, long, at::CUDAGeneratorImpl*)::{lambda()#1}::operator()() const::{lambda()#2}::operator()() const::{lambda(hiprandStatePhilox4_32_10*)#2} const&, at::native::templates::cuda::random_from_to_kernel<at::CUDAGeneratorImpl*>(at::TensorIteratorBase&, unsigned long, long, at::CUDAGeneratorImpl*)::{lambda()#1}::operator()() const::{lambda()#2}::operator()() const::{lambda(unsigned int)#1})::{lambda(int, unsigned int)#1})
:4:rocvirtual.cpp           :1079: 1257968317654 us: [pid:1860587 tid: 0x7f5dddf62000] SWq=0x7f5c9ca4c000, HWq=0x7f53f2600000, id=1, Dispatch Header = 0xb02 (type=2, barrier=1, acquire=1, release=1), setup=3, grid=[524288, 1, 1], workgroup=[256, 1, 1], private_seg_size=0, group_seg_size=0, kernel_obj=0x7f5bf414c0c0, kernarg_address=0x7f53f2400000, completion_signal=0x0, correlation_id=0, rptr=18, wptr=18
:4:rocvirtual.cpp           :1457: 1257968317657 us: [pid:1860587 tid: 0x7f5dddf62000] SWq=0x7f5c9ca4c000, HWq=0x7f53f2600000, id=1, BarrierAND Header = 0x1503 (type=3, barrier=1, acquire=2, release=2), dep_signal=[0x0, 0x0, 0x0, 0x0, 0x0], completion_signal=0x7f5bf4bff080, rptr=19, wptr=19
:4:rocvirtual.cpp           :634 : 1257968317660 us: [pid:1860587 tid: 0x7f5dddf62000] Host wait on completion_signal=0x7f5bf4bff080
:4:commandqueue.cpp         :227 : 1257968317712 us: [pid:1860587 tid: 0x7f5dddf62000] All commands finished for host queue : 0x563d07675b80
:3:hip_module.cpp           :826 : 1257968318681 us: [pid:1860587 tid: 0x7f5dddf62000] hipLaunchKernel: Returned hipSuccess : : duration: 1043 us
:3:hip_error.cpp            :34  : 1257968318684 us: [pid:1860587 tid: 0x7f5dddf62000] [32m hipGetLastError (  ) [0m
:3:hip_device_runtime.cpp   :773 : 1257968318685 us: [pid:1860587 tid: 0x7f5dddf62000] [32m hipSetDevice ( 0 ) [0m
:3:hip_device_runtime.cpp   :778 : 1257968318686 us: [pid:1860587 tid: 0x7f5dddf62000] hipSetDevice: Returned hipSuccess : 
:3:hip_device_runtime.cpp   :687 : 1257968318759 us: [pid:1860587 tid: 0x7f5dddf62000] [32m hipGetDevice ( 0x7fffb5924834 ) [0m
:3:hip_device_runtime.cpp   :699 : 1257968319681 us: [pid:1860587 tid: 0x7f5dddf62000] hipGetDevice: Returned hipSuccess : 0
:3:hip_device_runtime.cpp   :687 : 1257968319682 us: [pid:1860587 tid: 0x7f5dddf62000] [32m hipGetDevice ( 0x7fffb5924734 ) [0m
:3:hip_device_runtime.cpp   :699 : 1257968319684 us: [pid:1860587 tid: 0x7f5dddf62000] hipGetDevice: Returned hipSuccess : 0
:3:hip_device_runtime.cpp   :687 : 1257968319685 us: [pid:1860587 tid: 0x7f5dddf62000] [32m hipGetDevice ( 0x7fffb592442c ) [0m
:3:hip_device_runtime.cpp   :699 : 1257968319687 us: [pid:1860587 tid: 0x7f5dddf62000] hipGetDevice: Returned hipSuccess : 0
:3:hip_device_runtime.cpp   :773 : 1257968319689 us: [pid:1860587 tid: 0x7f5dddf62000] [32m hipSetDevice ( 0 ) [0m
:3:hip_device_runtime.cpp   :778 : 1257968319690 us: [pid:1860587 tid: 0x7f5dddf62000] hipSetDevice: Returned hipSuccess : 
:3:hip_device_runtime.cpp   :773 : 1257968319691 us: [pid:1860587 tid: 0x7f5dddf62000] [32m hipSetDevice ( 0 ) [0m
:3:hip_device_runtime.cpp   :778 : 1257968319692 us: [pid:1860587 tid: 0x7f5dddf62000] hipSetDevice: Returned hipSuccess : 
:3:hip_device_runtime.cpp   :687 : 1257968319702 us: [pid:1860587 tid: 0x7f5dddf62000] [32m hipGetDevice ( 0x7fffb5924a94 ) [0m
:3:hip_device_runtime.cpp   :699 : 1257968320606 us: [pid:1860587 tid: 0x7f5dddf62000] hipGetDevice: Returned hipSuccess : 0
:3:hip_device_runtime.cpp   :687 : 1257968320615 us: [pid:1860587 tid: 0x7f5dddf62000] [32m hipGetDevice ( 0x7fffb59241ac ) [0m
:3:hip_device_runtime.cpp   :699 : 1257968320616 us: [pid:1860587 tid: 0x7f5dddf62000] hipGetDevice: Returned hipSuccess : 0
:3:hip_device_runtime.cpp   :687 : 1257968320617 us: [pid:1860587 tid: 0x7f5dddf62000] [32m hipGetDevice ( 0x7fffb59241ec ) [0m
:3:hip_device_runtime.cpp   :699 : 1257968320619 us: [pid:1860587 tid: 0x7f5dddf62000] hipGetDevice: Returned hipSuccess : 0
:3:hip_platform.cpp         :255 : 1257968320621 us: [pid:1860587 tid: 0x7f5dddf62000] [32m __hipPushCallConfiguration ( {896,1,1}, {256,1,1}, 0, char array:<null> ) [0m
:3:hip_platform.cpp         :259 : 1257968320623 us: [pid:1860587 tid: 0x7f5dddf62000] __hipPushCallConfiguration: Returned hipSuccess : 
:3:hip_platform.cpp         :264 : 1257968320625 us: [pid:1860587 tid: 0x7f5dddf62000] [32m __hipPopCallConfiguration ( {171899328,22077,171899360}, {3046262672,32767,2875153064}, 0x7fffb5924410, 0x7fffb5924400 ) [0m
:3:hip_platform.cpp         :273 : 1257968320628 us: [pid:1860587 tid: 0x7f5dddf62000] __hipPopCallConfiguration: Returned hipSuccess : 
:3:hip_module.cpp           :825 : 1257968321606 us: [pid:1860587 tid: 0x7f5dddf62000] [32m hipLaunchKernel ( 0x7f5dc0c81778, {896,1,1}, {256,1,1}, 0x7fffb5924440, 0, char array:<null> ) [0m
:3:hip_fatbin.cpp           :511 : 1257968322043 us: [pid:1860587 tid: 0x7f5dddf62000] Looking up generic name of : amdgcn-amd-amdhsa--gfx950:sramecc+:xnack- - amdgcn-amd-amdhsa--gfx9-4-generic:sramecc+:xnack-
:3:hip_fatbin.cpp           :386 : 1257968324064 us: [pid:1860587 tid: 0x7f5dddf62000] Inserting bundle entry of amdgcn-amd-amdhsa--gfx950:sramecc+:xnack- : size: 1477288, data: 0x563d09f99ee0
:3:hip_fatbin.cpp           :537 : 1257968324074 us: [pid:1860587 tid: 0x7f5dddf62000] Device name: amdgcn-amd-amdhsa--gfx950:sramecc+:xnack- Generic name: amdgcn-amd-amdhsa--gfx9-4-generic:sramecc+:xnack-
:3:hip_fatbin.cpp           :542 : 1257968324076 us: [pid:1860587 tid: 0x7f5dddf62000] Using Native code object: gfx950:sramecc+:xnack-
:4:rocvirtual.cpp           :880 : 1257968327408 us: [pid:1860587 tid: 0x7f5dddf62000] Arg0:   = val:0x380000 (size:0x4)
:4:rocvirtual.cpp           :880 : 1257968327417 us: [pid:1860587 tid: 0x7f5dddf62000] Arg1:   = val:0x7f (size:0x1)
:4:rocvirtual.cpp           :790 : 1257968327420 us: [pid:1860587 tid: 0x7f5dddf62000] Arg2:   = ptr:0x7f1bcb780000 obj:[0x7f1bc9800000-0x7f1bcd000000]
:3:rocvirtual.cpp           :3501: 1257968327424 us: [pid:1860587 tid: 0x7f5dddf62000] ShaderName : void at::native::vectorized_elementwise_kernel<16, at::native::FillFunctor<unsigned char>, std::array<char*, 1ul> >(int, at::native::FillFunctor<unsigned char>, std::array<char*, 1ul>)
:4:rocvirtual.cpp           :1079: 1257968327429 us: [pid:1860587 tid: 0x7f5dddf62000] SWq=0x7f5c9ca4c000, HWq=0x7f53f2600000, id=1, Dispatch Header = 0xb02 (type=2, barrier=1, acquire=1, release=1), setup=3, grid=[229376, 1, 1], workgroup=[256, 1, 1], private_seg_size=0, group_seg_size=0, kernel_obj=0x7f53f0c2de80, kernarg_address=0x7f53f2400000, completion_signal=0x0, correlation_id=0, rptr=20, wptr=20
:4:rocvirtual.cpp           :1457: 1257968327435 us: [pid:1860587 tid: 0x7f5dddf62000] SWq=0x7f5c9ca4c000, HWq=0x7f53f2600000, id=1, BarrierAND Header = 0x1503 (type=3, barrier=1, acquire=2, release=2), dep_signal=[0x0, 0x0, 0x0, 0x0, 0x0], completion_signal=0x7f5bf4bff000, rptr=21, wptr=21
:4:rocvirtual.cpp           :634 : 1257968327436 us: [pid:1860587 tid: 0x7f5dddf62000] Host wait on completion_signal=0x7f5bf4bff000
:4:commandqueue.cpp         :227 : 1257968327450 us: [pid:1860587 tid: 0x7f5dddf62000] All commands finished for host queue : 0x563d07675b80
:3:hip_module.cpp           :826 : 1257968328396 us: [pid:1860587 tid: 0x7f5dddf62000] hipLaunchKernel: Returned hipSuccess : : duration: 6790 us
:3:hip_error.cpp            :34  : 1257968328400 us: [pid:1860587 tid: 0x7f5dddf62000] [32m hipGetLastError (  ) [0m
:3:hip_device_runtime.cpp   :773 : 1257968328406 us: [pid:1860587 tid: 0x7f5dddf62000] [32m hipSetDevice ( 0 ) [0m
:3:hip_device_runtime.cpp   :778 : 1257968328407 us: [pid:1860587 tid: 0x7f5dddf62000] hipSetDevice: Returned hipSuccess : 
:3:hip_device_runtime.cpp   :687 : 1257968328488 us: [pid:1860587 tid: 0x7f5dddf62000] [32m hipGetDevice ( 0x7fffb59241e4 ) [0m
:3:hip_device_runtime.cpp   :699 : 1257968329543 us: [pid:1860587 tid: 0x7f5dddf62000] hipGetDevice: Returned hipSuccess : 0
:3:hip_device_runtime.cpp   :687 : 1257968329546 us: [pid:1860587 tid: 0x7f5dddf62000] [32m hipGetDevice ( 0x7fffb59240a4 ) [0m
:3:hip_device_runtime.cpp   :699 : 1257968329547 us: [pid:1860587 tid: 0x7f5dddf62000] hipGetDevice: Returned hipSuccess : 0
:3:hip_device_runtime.cpp   :687 : 1257968329551 us: [pid:1860587 tid: 0x7f5dddf62000] [32m hipGetDevice ( 0x7fffb5923f0c ) [0m
:3:hip_device_runtime.cpp   :699 : 1257968329552 us: [pid:1860587 tid: 0x7f5dddf62000] hipGetDevice: Returned hipSuccess : 0
:3:hip_device_runtime.cpp   :773 : 1257968329559 us: [pid:1860587 tid: 0x7f5dddf62000] [32m hipSetDevice ( 0 ) [0m
:3:hip_device_runtime.cpp   :778 : 1257968329561 us: [pid:1860587 tid: 0x7f5dddf62000] hipSetDevice: Returned hipSuccess : 
:3:hip_device_runtime.cpp   :773 : 1257968329564 us: [pid:1860587 tid: 0x7f5dddf62000] [32m hipSetDevice ( 0 ) [0m
:3:hip_device_runtime.cpp   :778 : 1257968330620 us: [pid:1860587 tid: 0x7f5dddf62000] hipSetDevice: Returned hipSuccess : 
:3:hip_device_runtime.cpp   :687 : 1257968330652 us: [pid:1860587 tid: 0x7f5dddf62000] [32m hipGetDevice ( 0x7fffb5923f64 ) [0m
:3:hip_device_runtime.cpp   :699 : 1257968331585 us: [pid:1860587 tid: 0x7f5dddf62000] hipGetDevice: Returned hipSuccess : 0
:3:hip_device_runtime.cpp   :687 : 1257968331591 us: [pid:1860587 tid: 0x7f5dddf62000] [32m hipGetDevice ( 0x7fffb592381c ) [0m
:3:hip_device_runtime.cpp   :699 : 1257968331592 us: [pid:1860587 tid: 0x7f5dddf62000] hipGetDevice: Returned hipSuccess : 0
:3:hip_platform.cpp         :255 : 1257968331597 us: [pid:1860587 tid: 0x7f5dddf62000] [32m __hipPushCallConfiguration ( {7168,1,1}, {128,1,1}, 0, char array:<null> ) [0m
:3:hip_platform.cpp         :259 : 1257968331598 us: [pid:1860587 tid: 0x7f5dddf62000] __hipPushCallConfiguration: Returned hipSuccess : 
:3:hip_platform.cpp         :264 : 1257968331603 us: [pid:1860587 tid: 0x7f5dddf62000] [32m __hipPopCallConfiguration ( {3046259472,32767,3046259792}, {0,0,1089234768}, 0x7fffb5923a60, 0x7fffb5923a48 ) [0m
:3:hip_platform.cpp         :273 : 1257968331604 us: [pid:1860587 tid: 0x7f5dddf62000] __hipPopCallConfiguration: Returned hipSuccess : 
:3:hip_module.cpp           :825 : 1257968331611 us: [pid:1860587 tid: 0x7f5dddf62000] [32m hipLaunchKernel ( 0x7f5dc0c7bdb8, {7168,1,1}, {128,1,1}, 0x7fffb5923d70, 0, char array:<null> ) [0m
:3:hip_fatbin.cpp           :511 : 1257968332966 us: [pid:1860587 tid: 0x7f5dddf62000] Looking up generic name of : amdgcn-amd-amdhsa--gfx950:sramecc+:xnack- - amdgcn-amd-amdhsa--gfx9-4-generic:sramecc+:xnack-
:3:hip_fatbin.cpp           :386 : 1257968336767 us: [pid:1860587 tid: 0x7f5dddf62000] Inserting bundle entry of amdgcn-amd-amdhsa--gfx950:sramecc+:xnack- : size: 4568624, data: 0x563d10e27a80
:3:hip_fatbin.cpp           :537 : 1257968336778 us: [pid:1860587 tid: 0x7f5dddf62000] Device name: amdgcn-amd-amdhsa--gfx950:sramecc+:xnack- Generic name: amdgcn-amd-amdhsa--gfx9-4-generic:sramecc+:xnack-
:3:hip_fatbin.cpp           :542 : 1257968336780 us: [pid:1860587 tid: 0x7f5dddf62000] Using Native code object: gfx950:sramecc+:xnack-
:4:rocvirtual.cpp           :880 : 1257968347259 us: [pid:1860587 tid: 0x7f5dddf62000] Arg0:   = val:0x380000 (size:0x4)
:4:rocvirtual.cpp           :877 : 1257968347271 us: [pid:1860587 tid: 0x7f5dddf62000] Arg1:   = 0x00 00 b0 cb 1b 7f 00 00 00 00 80 c9 1b 7f 00 00 02 00 00 00 01 00 00 00 00 02 01 00 00 00 00 00  (size:0x20)
:3:rocvirtual.cpp           :3501: 1257968347278 us: [pid:1860587 tid: 0x7f5dddf62000] ShaderName : void at::native::elementwise_kernel_manual_unroll<128, 4, at::native::gpu_kernel_impl<at::native::direct_copy_kernel_cuda(at::TensorIteratorBase&)::{lambda()#3}::operator()() const::{lambda()#5}::operator()() const::{lambda(short)#1}>(at::TensorIteratorBase&, at::native::direct_copy_kernel_cuda(at::TensorIteratorBase&)::{lambda()#3}::operator()() const::{lambda()#5}::operator()() const::{lambda(short)#1} const&)::{lambda(int, bool)#1}>(int, at::native::gpu_kernel_impl<at::native::direct_copy_kernel_cuda(at::TensorIteratorBase&)::{lambda()#3}::operator()() const::{lambda()#5}::operator()() const::{lambda(short)#1}>(at::TensorIteratorBase&, at::native::direct_copy_kernel_cuda(at::TensorIteratorBase&)::{lambda()#3}::operator()() const::{lambda()#5}::operator()() const::{lambda(short)#1} const&)::{lambda(int, bool)#1})
:4:rocvirtual.cpp           :1079: 1257968347284 us: [pid:1860587 tid: 0x7f5dddf62000] SWq=0x7f5c9ca4c000, HWq=0x7f53f2600000, id=1, Dispatch Header = 0xb02 (type=2, barrier=1, acquire=1, release=1), setup=3, grid=[917504, 1, 1], workgroup=[128, 1, 1], private_seg_size=0, group_seg_size=0, kernel_obj=0x7f53f06737c0, kernarg_address=0x7f53f2400000, completion_signal=0x0, correlation_id=0, rptr=22, wptr=22
:4:rocvirtual.cpp           :1457: 1257968347291 us: [pid:1860587 tid: 0x7f5dddf62000] SWq=0x7f5c9ca4c000, HWq=0x7f53f2600000, id=1, BarrierAND Header = 0x1503 (type=3, barrier=1, acquire=2, release=2), dep_signal=[0x0, 0x0, 0x0, 0x0, 0x0], completion_signal=0x7f5bf4bfef80, rptr=23, wptr=23
:4:rocvirtual.cpp           :634 : 1257968347292 us: [pid:1860587 tid: 0x7f5dddf62000] Host wait on completion_signal=0x7f5bf4bfef80
:4:commandqueue.cpp         :227 : 1257968347313 us: [pid:1860587 tid: 0x7f5dddf62000] All commands finished for host queue : 0x563d07675b80
:3:hip_module.cpp           :826 : 1257968348331 us: [pid:1860587 tid: 0x7f5dddf62000] hipLaunchKernel: Returned hipSuccess : : duration: 16720 us
:3:hip_error.cpp            :34  : 1257968348337 us: [pid:1860587 tid: 0x7f5dddf62000] [32m hipGetLastError (  ) [0m
:3:hip_error.cpp            :34  : 1257968348341 us: [pid:1860587 tid: 0x7f5dddf62000] [32m hipGetLastError (  ) [0m
:3:hip_device_runtime.cpp   :773 : 1257968348344 us: [pid:1860587 tid: 0x7f5dddf62000] [32m hipSetDevice ( 0 ) [0m
:3:hip_device_runtime.cpp   :778 : 1257968348350 us: [pid:1860587 tid: 0x7f5dddf62000] hipSetDevice: Returned hipSuccess : 
:3:hip_device_runtime.cpp   :687 : 1257968348469 us: [pid:1860587 tid: 0x7f5dddf62000] [32m hipGetDevice ( 0x7fffb592472c ) [0m
:3:hip_device_runtime.cpp   :699 : 1257968349318 us: [pid:1860587 tid: 0x7f5dddf62000] hipGetDevice: Returned hipSuccess : 0
:3:hip_device_runtime.cpp   :687 : 1257968349323 us: [pid:1860587 tid: 0x7f5dddf62000] [32m hipGetDevice ( 0x7fffb59243f4 ) [0m
:3:hip_device_runtime.cpp   :699 : 1257968349324 us: [pid:1860587 tid: 0x7f5dddf62000] hipGetDevice: Returned hipSuccess : 0
:3:hip_device_runtime.cpp   :687 : 1257968349328 us: [pid:1860587 tid: 0x7f5dddf62000] [32m hipGetDevice ( 0x7fffb59240ec ) [0m
:3:hip_device_runtime.cpp   :699 : 1257968349329 us: [pid:1860587 tid: 0x7f5dddf62000] hipGetDevice: Returned hipSuccess : 0
:3:hip_device_runtime.cpp   :773 : 1257968349338 us: [pid:1860587 tid: 0x7f5dddf62000] [32m hipSetDevice ( 0 ) [0m
:3:hip_device_runtime.cpp   :778 : 1257968350332 us: [pid:1860587 tid: 0x7f5dddf62000] hipSetDevice: Returned hipSuccess : 
:3:hip_device_runtime.cpp   :687 : 1257968350345 us: [pid:1860587 tid: 0x7f5dddf62000] [32m hipGetDevice ( 0x7fffb592432c ) [0m
:3:hip_device_runtime.cpp   :699 : 1257968350346 us: [pid:1860587 tid: 0x7f5dddf62000] hipGetDevice: Returned hipSuccess : 0
:3:hip_device_runtime.cpp   :687 : 1257968350348 us: [pid:1860587 tid: 0x7f5dddf62000] [32m hipGetDevice ( 0x7fffb592436c ) [0m
:3:hip_device_runtime.cpp   :699 : 1257968350349 us: [pid:1860587 tid: 0x7f5dddf62000] hipGetDevice: Returned hipSuccess : 0
:3:hip_platform.cpp         :255 : 1257968350358 us: [pid:1860587 tid: 0x7f5dddf62000] [32m __hipPushCallConfiguration ( {1792,1,1}, {256,1,1}, 0, char array:<null> ) [0m
:3:hip_platform.cpp         :259 : 1257968351294 us: [pid:1860587 tid: 0x7f5dddf62000] __hipPushCallConfiguration: Returned hipSuccess : 
:3:hip_platform.cpp         :264 : 1257968351298 us: [pid:1860587 tid: 0x7f5dddf62000] [32m __hipPopCallConfiguration ( {3046262416,32767,2891078724}, {0,0,0}, 0x7fffb59245a8, 0x7fffb5924598 ) [0m
:3:hip_platform.cpp         :273 : 1257968351300 us: [pid:1860587 tid: 0x7f5dddf62000] __hipPopCallConfiguration: Returned hipSuccess : 
:3:hip_module.cpp           :825 : 1257968351307 us: [pid:1860587 tid: 0x7f5dddf62000] [32m hipLaunchKernel ( 0x7f5dc0c5f968, {1792,1,1}, {256,1,1}, 0x7fffb59245d0, 0, char array:<null> ) [0m
:3:hip_fatbin.cpp           :511 : 1257968351733 us: [pid:1860587 tid: 0x7f5dddf62000] Looking up generic name of : amdgcn-amd-amdhsa--gfx950:sramecc+:xnack- - amdgcn-amd-amdhsa--gfx9-4-generic:sramecc+:xnack-
:3:hip_fatbin.cpp           :386 : 1257968356569 us: [pid:1860587 tid: 0x7f5dddf62000] Inserting bundle entry of amdgcn-amd-amdhsa--gfx950:sramecc+:xnack- : size: 5085848, data: 0x563d11bb81b0
:3:hip_fatbin.cpp           :537 : 1257968356581 us: [pid:1860587 tid: 0x7f5dddf62000] Device name: amdgcn-amd-amdhsa--gfx950:sramecc+:xnack- Generic name: amdgcn-amd-amdhsa--gfx9-4-generic:sramecc+:xnack-
:3:hip_fatbin.cpp           :542 : 1257968356583 us: [pid:1860587 tid: 0x7f5dddf62000] Using Native code object: gfx950:sramecc+:xnack-
:4:rocvirtual.cpp           :880 : 1257968367064 us: [pid:1860587 tid: 0x7f5dddf62000] Arg0:   = val:0x380000 (size:0x4)
:4:rocvirtual.cpp           :880 : 1257968367073 us: [pid:1860587 tid: 0x7f5dddf62000] Arg1:   = val:0x1007f (size:0x4)
:4:rocvirtual.cpp           :877 : 1257968367077 us: [pid:1860587 tid: 0x7f5dddf62000] Arg2:   = 0x00 00 20 cc 1b 7f 00 00 00 00 b0 cb 1b 7f 00 00  (size:0x10)
:3:rocvirtual.cpp           :3501: 1257968367080 us: [pid:1860587 tid: 0x7f5dddf62000] ShaderName : void at::native::vectorized_elementwise_kernel<8, at::native::CUDAFunctorOnSelf_add<short>, std::array<char*, 2ul> >(int, at::native::CUDAFunctorOnSelf_add<short>, std::array<char*, 2ul>)
:4:rocvirtual.cpp           :1079: 1257968367086 us: [pid:1860587 tid: 0x7f5dddf62000] SWq=0x7f5c9ca4c000, HWq=0x7f53f2600000, id=1, Dispatch Header = 0xb02 (type=2, barrier=1, acquire=1, release=1), setup=3, grid=[458752, 1, 1], workgroup=[256, 1, 1], private_seg_size=0, group_seg_size=0, kernel_obj=0x7f1bdc463c40, kernarg_address=0x7f53f2400000, completion_signal=0x0, correlation_id=0, rptr=24, wptr=24
:4:rocvirtual.cpp           :1457: 1257968367097 us: [pid:1860587 tid: 0x7f5dddf62000] SWq=0x7f5c9ca4c000, HWq=0x7f53f2600000, id=1, BarrierAND Header = 0x1503 (type=3, barrier=1, acquire=2, release=2), dep_signal=[0x0, 0x0, 0x0, 0x0, 0x0], completion_signal=0x7f5bf4bfef00, rptr=25, wptr=25
:4:rocvirtual.cpp           :634 : 1257968367099 us: [pid:1860587 tid: 0x7f5dddf62000] Host wait on completion_signal=0x7f5bf4bfef00
:4:commandqueue.cpp         :227 : 1257968367114 us: [pid:1860587 tid: 0x7f5dddf62000] All commands finished for host queue : 0x563d07675b80
:3:hip_module.cpp           :826 : 1257968368130 us: [pid:1860587 tid: 0x7f5dddf62000] hipLaunchKernel: Returned hipSuccess : : duration: 16823 us
:3:hip_error.cpp            :34  : 1257968368136 us: [pid:1860587 tid: 0x7f5dddf62000] [32m hipGetLastError (  ) [0m
:3:hip_device_runtime.cpp   :773 : 1257968368142 us: [pid:1860587 tid: 0x7f5dddf62000] [32m hipSetDevice ( 0 ) [0m
:3:hip_device_runtime.cpp   :778 : 1257968368144 us: [pid:1860587 tid: 0x7f5dddf62000] hipSetDevice: Returned hipSuccess : 
:3:hip_device_runtime.cpp   :687 : 1257968369183 us: [pid:1860587 tid: 0x7f5dddf62000] [32m hipGetDevice ( 0x7fffb59241e4 ) [0m
:3:hip_device_runtime.cpp   :699 : 1257968370110 us: [pid:1860587 tid: 0x7f5dddf62000] hipGetDevice: Returned hipSuccess : 0
:3:hip_device_runtime.cpp   :687 : 1257968370114 us: [pid:1860587 tid: 0x7f5dddf62000] [32m hipGetDevice ( 0x7fffb59240a4 ) [0m
:3:hip_device_runtime.cpp   :699 : 1257968370116 us: [pid:1860587 tid: 0x7f5dddf62000] hipGetDevice: Returned hipSuccess : 0
:3:hip_device_runtime.cpp   :687 : 1257968370121 us: [pid:1860587 tid: 0x7f5dddf62000] [32m hipGetDevice ( 0x7fffb5923f0c ) [0m
:3:hip_device_runtime.cpp   :699 : 1257968370122 us: [pid:1860587 tid: 0x7f5dddf62000] hipGetDevice: Returned hipSuccess : 0
:3:hip_device_runtime.cpp   :773 : 1257968370133 us: [pid:1860587 tid: 0x7f5dddf62000] [32m hipSetDevice ( 0 ) [0m
:3:hip_device_runtime.cpp   :778 : 1257968371060 us: [pid:1860587 tid: 0x7f5dddf62000] hipSetDevice: Returned hipSuccess : 
:3:hip_device_runtime.cpp   :773 : 1257968371063 us: [pid:1860587 tid: 0x7f5dddf62000] [32m hipSetDevice ( 0 ) [0m
:3:hip_device_runtime.cpp   :778 : 1257968371065 us: [pid:1860587 tid: 0x7f5dddf62000] hipSetDevice: Returned hipSuccess : 
:3:hip_device_runtime.cpp   :687 : 1257968371087 us: [pid:1860587 tid: 0x7f5dddf62000] [32m hipGetDevice ( 0x7fffb5923f64 ) [0m
:3:hip_device_runtime.cpp   :699 : 1257968372172 us: [pid:1860587 tid: 0x7f5dddf62000] hipGetDevice: Returned hipSuccess : 0
:3:hip_device_runtime.cpp   :687 : 1257968372177 us: [pid:1860587 tid: 0x7f5dddf62000] [32m hipGetDevice ( 0x7fffb592382c ) [0m
:3:hip_device_runtime.cpp   :699 : 1257968372178 us: [pid:1860587 tid: 0x7f5dddf62000] hipGetDevice: Returned hipSuccess : 0
:3:hip_platform.cpp         :255 : 1257968372185 us: [pid:1860587 tid: 0x7f5dddf62000] [32m __hipPushCallConfiguration ( {7168,1,1}, {128,1,1}, 0, char array:<null> ) [0m
:3:hip_platform.cpp         :259 : 1257968372187 us: [pid:1860587 tid: 0x7f5dddf62000] __hipPushCallConfiguration: Returned hipSuccess : 
:3:hip_platform.cpp         :264 : 1257968372191 us: [pid:1860587 tid: 0x7f5dddf62000] [32m __hipPopCallConfiguration ( {3046259457,32767,3046259472}, {3046259328,32767,1089234880}, 0x7fffb5923a90, 0x7fffb5923a58 ) [0m
:3:hip_platform.cpp         :273 : 1257968372197 us: [pid:1860587 tid: 0x7f5dddf62000] __hipPopCallConfiguration: Returned hipSuccess : 
:3:hip_module.cpp           :825 : 1257968372205 us: [pid:1860587 tid: 0x7f5dddf62000] [32m hipLaunchKernel ( 0x7f5dc0c7bcb8, {7168,1,1}, {128,1,1}, 0x7fffb5923d70, 0, char array:<null> ) [0m
:4:rocvirtual.cpp           :880 : 1257968373203 us: [pid:1860587 tid: 0x7f5dddf62000] Arg0:   = val:0x380000 (size:0x4)
:4:rocvirtual.cpp           :877 : 1257968373207 us: [pid:1860587 tid: 0x7f5dddf62000] Arg1:   = 0x00 00 b0 cb 1b 7f 00 00 00 00 20 cc 1b 7f 00 00 01 00 00 00 02 00 00 00 00 00 02 00 00 00 00 00  (size:0x20)
:3:rocvirtual.cpp           :3501: 1257968373217 us: [pid:1860587 tid: 0x7f5dddf62000] ShaderName : void at::native::elementwise_kernel_manual_unroll<128, 4, at::native::gpu_kernel_impl<at::native::direct_copy_kernel_cuda(at::TensorIteratorBase&)::{lambda()#3}::operator()() const::{lambda()#1}::operator()() const::{lambda(unsigned char)#1}>(at::TensorIteratorBase&, at::native::direct_copy_kernel_cuda(at::TensorIteratorBase&)::{lambda()#3}::operator()() const::{lambda()#1}::operator()() const::{lambda(unsigned char)#1} const&)::{lambda(int, bool)#1}>(int, at::native::gpu_kernel_impl<at::native::direct_copy_kernel_cuda(at::TensorIteratorBase&)::{lambda()#3}::operator()() const::{lambda()#1}::operator()() const::{lambda(unsigned char)#1}>(at::TensorIteratorBase&, at::native::direct_copy_kernel_cuda(at::TensorIteratorBase&)::{lambda()#3}::operator()() const::{lambda()#1}::operator()() const::{lambda(unsigned char)#1} const&)::{lambda(int, bool)#1})
:4:rocvirtual.cpp           :1079: 1257968373223 us: [pid:1860587 tid: 0x7f5dddf62000] SWq=0x7f5c9ca4c000, HWq=0x7f53f2600000, id=1, Dispatch Header = 0xb02 (type=2, barrier=1, acquire=1, release=1), setup=3, grid=[917504, 1, 1], workgroup=[128, 1, 1], private_seg_size=0, group_seg_size=0, kernel_obj=0x7f53f0672fc0, kernarg_address=0x7f53f2400000, completion_signal=0x0, correlation_id=0, rptr=26, wptr=26
:4:rocvirtual.cpp           :1457: 1257968374215 us: [pid:1860587 tid: 0x7f5dddf62000] SWq=0x7f5c9ca4c000, HWq=0x7f53f2600000, id=1, BarrierAND Header = 0x1503 (type=3, barrier=1, acquire=2, release=2), dep_signal=[0x0, 0x0, 0x0, 0x0, 0x0], completion_signal=0x7f5bf4bfee80, rptr=27, wptr=27
:4:rocvirtual.cpp           :634 : 1257968374217 us: [pid:1860587 tid: 0x7f5dddf62000] Host wait on completion_signal=0x7f5bf4bfee80
:4:commandqueue.cpp         :227 : 1257968374236 us: [pid:1860587 tid: 0x7f5dddf62000] All commands finished for host queue : 0x563d07675b80
:3:hip_module.cpp           :826 : 1257968375134 us: [pid:1860587 tid: 0x7f5dddf62000] hipLaunchKernel: Returned hipSuccess : : duration: 2929 us
:3:hip_error.cpp            :34  : 1257968375136 us: [pid:1860587 tid: 0x7f5dddf62000] [32m hipGetLastError (  ) [0m
:3:hip_error.cpp            :34  : 1257968375137 us: [pid:1860587 tid: 0x7f5dddf62000] [32m hipGetLastError (  ) [0m
:3:hip_device_runtime.cpp   :773 : 1257968375139 us: [pid:1860587 tid: 0x7f5dddf62000] [32m hipSetDevice ( 0 ) [0m
:3:hip_device_runtime.cpp   :778 : 1257968375140 us: [pid:1860587 tid: 0x7f5dddf62000] hipSetDevice: Returned hipSuccess : 
:3:hip_device_runtime.cpp   :687 : 1257968375155 us: [pid:1860587 tid: 0x7f5dddf62000] [32m hipGetDevice ( 0x7fffb5925054 ) [0m
:3:hip_device_runtime.cpp   :699 : 1257968376197 us: [pid:1860587 tid: 0x7f5dddf62000] hipGetDevice: Returned hipSuccess : 0
:3:hip_device_runtime.cpp   :687 : 1257968376223 us: [pid:1860587 tid: 0x7f5dddf62000] [32m hipGetDevice ( 0x7fffb5924504 ) [0m
:3:hip_device_runtime.cpp   :699 : 1257968377196 us: [pid:1860587 tid: 0x7f5dddf62000] hipGetDevice: Returned hipSuccess : 0
:3:hip_memory.cpp           :1595: 1257968377219 us: [pid:1860587 tid: 0x7f5dddf62000] [32m hipMemcpyAsync ( 0x7f1bcb780000, 0x7f1bcbb00000, 3670016, hipMemcpyDeviceToDevice, char array:<null> ) [0m
:4:rocvirtual.cpp           :776 : 1257968378208 us: [pid:1860587 tid: 0x7f5dddf62000] Arg0: uchar* src = ptr:0x7f1bcbb00000 
:4:rocvirtual.cpp           :776 : 1257968378209 us: [pid:1860587 tid: 0x7f5dddf62000] Arg1: uchar* dst = ptr:0x7f1bcb780000 
:4:rocvirtual.cpp           :880 : 1257968378211 us: [pid:1860587 tid: 0x7f5dddf62000] Arg2: ulong size = val:0x380000 (size:0x8)
:4:rocvirtual.cpp           :880 : 1257968378212 us: [pid:1860587 tid: 0x7f5dddf62000] Arg3: uint remainder = val:0x0 (size:0x4)
:4:rocvirtual.cpp           :880 : 1257968378214 us: [pid:1860587 tid: 0x7f5dddf62000] Arg4: uint aligned_size = val:0x10 (size:0x4)
:4:rocvirtual.cpp           :880 : 1257968378216 us: [pid:1860587 tid: 0x7f5dddf62000] Arg5: ulong end_ptr = val:0x7f1bcbb00000 (size:0x8)
:4:rocvirtual.cpp           :880 : 1257968379186 us: [pid:1860587 tid: 0x7f5dddf62000] Arg6: uint next_chunk = val:0x20000 (size:0x4)
:4:rocvirtual.cpp           :880 : 1257968379188 us: [pid:1860587 tid: 0x7f5dddf62000] Arg7: uint workgroup_size = val:0x200 (size:0x4)
:3:rocvirtual.cpp           :3501: 1257968379189 us: [pid:1860587 tid: 0x7f5dddf62000] ShaderName : __amd_rocclr_copyBuffer
:4:rocvirtual.cpp           :1079: 1257968379193 us: [pid:1860587 tid: 0x7f5dddf62000] SWq=0x7f5c9ca4c000, HWq=0x7f53f2600000, id=1, Dispatch Header = 0xb02 (type=2, barrier=1, acquire=1, release=1), setup=1, grid=[131072, 1, 1], workgroup=[512, 1, 1], private_seg_size=0, group_seg_size=0, kernel_obj=0x7f5bf4cbb600, kernarg_address=0x7f53f2400000, completion_signal=0x0, correlation_id=0, rptr=28, wptr=28
:4:rocvirtual.cpp           :1457: 1257968379196 us: [pid:1860587 tid: 0x7f5dddf62000] SWq=0x7f5c9ca4c000, HWq=0x7f53f2600000, id=1, BarrierAND Header = 0x1503 (type=3, barrier=1, acquire=2, release=2), dep_signal=[0x0, 0x0, 0x0, 0x0, 0x0], completion_signal=0x7f5bf4bfee00, rptr=29, wptr=29
:4:rocvirtual.cpp           :634 : 1257968379198 us: [pid:1860587 tid: 0x7f5dddf62000] Host wait on completion_signal=0x7f5bf4bfee00
:4:commandqueue.cpp         :227 : 1257968379212 us: [pid:1860587 tid: 0x7f5dddf62000] All commands finished for host queue : 0x563d07675b80
:3:hip_memory.cpp           :1596: 1257968380238 us: [pid:1860587 tid: 0x7f5dddf62000] hipMemcpyAsync: Returned hipSuccess : : duration: 3019 us
:3:hip_error.cpp            :34  : 1257968380240 us: [pid:1860587 tid: 0x7f5dddf62000] [32m hipGetLastError (  ) [0m
:3:hip_device_runtime.cpp   :773 : 1257968380242 us: [pid:1860587 tid: 0x7f5dddf62000] [32m hipSetDevice ( 0 ) [0m
:3:hip_device_runtime.cpp   :778 : 1257968380243 us: [pid:1860587 tid: 0x7f5dddf62000] hipSetDevice: Returned hipSuccess : 
:3:hip_device_runtime.cpp   :773 : 1257968380248 us: [pid:1860587 tid: 0x7f5dddf62000] [32m hipSetDevice ( 0 ) [0m
:3:hip_device_runtime.cpp   :778 : 1257968380250 us: [pid:1860587 tid: 0x7f5dddf62000] hipSetDevice: Returned hipSuccess : 
:3:hip_device_runtime.cpp   :687 : 1257968380367 us: [pid:1860587 tid: 0x7f5dddf62000] [32m hipGetDevice ( 0x7fffb5925004 ) [0m
:3:hip_device_runtime.cpp   :699 : 1257968381187 us: [pid:1860587 tid: 0x7f5dddf62000] hipGetDevice: Returned hipSuccess : 0
:3:hip_device_runtime.cpp   :687 : 1257968381210 us: [pid:1860587 tid: 0x7f5dddf62000] [32m hipGetDevice ( 0x7fffb5924274 ) [0m
:3:hip_device_runtime.cpp   :699 : 1257968382142 us: [pid:1860587 tid: 0x7f5dddf62000] hipGetDevice: Returned hipSuccess : 0
:3:hip_device_runtime.cpp   :687 : 1257968382146 us: [pid:1860587 tid: 0x7f5dddf62000] [32m hipGetDevice ( 0x7fffb5924174 ) [0m
:3:hip_device_runtime.cpp   :699 : 1257968382147 us: [pid:1860587 tid: 0x7f5dddf62000] hipGetDevice: Returned hipSuccess : 0
:3:hip_device_runtime.cpp   :687 : 1257968382150 us: [pid:1860587 tid: 0x7f5dddf62000] [32m hipGetDevice ( 0x7fffb5923e6c ) [0m
:3:hip_device_runtime.cpp   :699 : 1257968382152 us: [pid:1860587 tid: 0x7f5dddf62000] hipGetDevice: Returned hipSuccess : 0
:3:hip_device_runtime.cpp   :773 : 1257968382155 us: [pid:1860587 tid: 0x7f5dddf62000] [32m hipSetDevice ( 0 ) [0m
:3:hip_device_runtime.cpp   :778 : 1257968382156 us: [pid:1860587 tid: 0x7f5dddf62000] hipSetDevice: Returned hipSuccess : 
:3:hip_device_runtime.cpp   :773 : 1257968382157 us: [pid:1860587 tid: 0x7f5dddf62000] [32m hipSetDevice ( 0 ) [0m
:3:hip_device_runtime.cpp   :778 : 1257968382159 us: [pid:1860587 tid: 0x7f5dddf62000] hipSetDevice: Returned hipSuccess : 
:3:hip_device_runtime.cpp   :687 : 1257968382165 us: [pid:1860587 tid: 0x7f5dddf62000] [32m hipGetDevice ( 0x7fffb59241f4 ) [0m
:3:hip_device_runtime.cpp   :699 : 1257968383242 us: [pid:1860587 tid: 0x7f5dddf62000] hipGetDevice: Returned hipSuccess : 0
:3:hip_device_runtime.cpp   :687 : 1257968383245 us: [pid:1860587 tid: 0x7f5dddf62000] [32m hipGetDevice ( 0x7fffb5923abc ) [0m
:3:hip_device_runtime.cpp   :699 : 1257968383249 us: [pid:1860587 tid: 0x7f5dddf62000] hipGetDevice: Returned hipSuccess : 0
:3:hip_platform.cpp         :255 : 1257968383251 us: [pid:1860587 tid: 0x7f5dddf62000] [32m __hipPushCallConfiguration ( {3584,1,1}, {128,1,1}, 0, char array:<null> ) [0m
:3:hip_platform.cpp         :259 : 1257968383252 us: [pid:1860587 tid: 0x7f5dddf62000] __hipPushCallConfiguration: Returned hipSuccess : 
:3:hip_platform.cpp         :264 : 1257968383255 us: [pid:1860587 tid: 0x7f5dddf62000] [32m __hipPopCallConfiguration ( {288,0,3046259624}, {3046260128,32767,1089563137}, 0x7fffb5923ce8, 0x7fffb5923d30 ) [0m
:3:hip_platform.cpp         :273 : 1257968383256 us: [pid:1860587 tid: 0x7f5dddf62000] __hipPopCallConfiguration: Returned hipSuccess : 
:3:hip_module.cpp           :825 : 1257968383259 us: [pid:1860587 tid: 0x7f5dddf62000] [32m hipLaunchKernel ( 0x7f5dc0c7bcb0, {3584,1,1}, {128,1,1}, 0x7fffb5923d00, 0, char array:<null> ) [0m
:4:rocvirtual.cpp           :880 : 1257968383263 us: [pid:1860587 tid: 0x7f5dddf62000] Arg0:   = val:0x380000 (size:0x4)
:4:rocvirtual.cpp           :877 : 1257968383270 us: [pid:1860587 tid: 0x7f5dddf62000] Arg1:   = 0x06 00 00 00 02 00 00 00 01 00 00 00 01 00 00 00 02 00 00 00 01 00 00 00 01 00 00 00 10 00 00 00 01 00 00 00 04 00 00 00 04 00 00 00 01 00 00 00 02 00 00 00 70 00 00 00 25 49 92 24 07 00 00 00 ... (size:0x160)
:3:rocvirtual.cpp           :3501: 1257968384360 us: [pid:1860587 tid: 0x7f5dddf62000] ShaderName : void at::native::elementwise_kernel_manual_unroll<128, 8, at::native::gpu_kernel_impl_nocast<at::native::direct_copy_kernel_cuda(at::TensorIteratorBase&)::{lambda()#3}::operator()() const::{lambda()#1}::operator()() const::{lambda(unsigned char)#1}>(at::TensorIteratorBase&, at::native::direct_copy_kernel_cuda(at::TensorIteratorBase&)::{lambda()#3}::operator()() const::{lambda()#1}::operator()() const::{lambda(unsigned char)#1} const&)::{lambda(int, bool)#1}>(int, at::native::gpu_kernel_impl_nocast<at::native::direct_copy_kernel_cuda(at::TensorIteratorBase&)::{lambda()#3}::operator()() const::{lambda()#1}::operator()() const::{lambda(unsigned char)#1}>(at::TensorIteratorBase&, at::native::direct_copy_kernel_cuda(at::TensorIteratorBase&)::{lambda()#3}::operator()() const::{lambda()#1}::operator()() const::{lambda(unsigned char)#1} const&)::{lambda(int, bool)#1})
:4:rocvirtual.cpp           :1079: 1257968384365 us: [pid:1860587 tid: 0x7f5dddf62000] SWq=0x7f5c9ca4c000, HWq=0x7f53f2600000, id=1, Dispatch Header = 0xb02 (type=2, barrier=1, acquire=1, release=1), setup=3, grid=[458752, 1, 1], workgroup=[128, 1, 1], private_seg_size=0, group_seg_size=0, kernel_obj=0x7f53f0672f80, kernarg_address=0x7f53f2400000, completion_signal=0x0, correlation_id=0, rptr=30, wptr=30
:4:rocvirtual.cpp           :1457: 1257968384368 us: [pid:1860587 tid: 0x7f5dddf62000] SWq=0x7f5c9ca4c000, HWq=0x7f53f2600000, id=1, BarrierAND Header = 0x1503 (type=3, barrier=1, acquire=2, release=2), dep_signal=[0x0, 0x0, 0x0, 0x0, 0x0], completion_signal=0x7f5bf4bfed80, rptr=31, wptr=31
:4:rocvirtual.cpp           :634 : 1257968384369 us: [pid:1860587 tid: 0x7f5dddf62000] Host wait on completion_signal=0x7f5bf4bfed80
:4:commandqueue.cpp         :227 : 1257968384393 us: [pid:1860587 tid: 0x7f5dddf62000] All commands finished for host queue : 0x563d07675b80
:3:hip_module.cpp           :826 : 1257968385318 us: [pid:1860587 tid: 0x7f5dddf62000] hipLaunchKernel: Returned hipSuccess : : duration: 2059 us
:3:hip_error.cpp            :34  : 1257968385319 us: [pid:1860587 tid: 0x7f5dddf62000] [32m hipGetLastError (  ) [0m
:3:hip_error.cpp            :34  : 1257968385321 us: [pid:1860587 tid: 0x7f5dddf62000] [32m hipGetLastError (  ) [0m
:3:hip_device_runtime.cpp   :773 : 1257968385322 us: [pid:1860587 tid: 0x7f5dddf62000] [32m hipSetDevice ( 0 ) [0m
:3:hip_device_runtime.cpp   :778 : 1257968385323 us: [pid:1860587 tid: 0x7f5dddf62000] hipSetDevice: Returned hipSuccess : 
:3:hip_device_runtime.cpp   :773 : 1257968385325 us: [pid:1860587 tid: 0x7f5dddf62000] [32m hipSetDevice ( 0 ) [0m
:3:hip_device_runtime.cpp   :778 : 1257968385327 us: [pid:1860587 tid: 0x7f5dddf62000] hipSetDevice: Returned hipSuccess : 
:3:hip_device_runtime.cpp   :687 : 1257968385339 us: [pid:1860587 tid: 0x7f5dddf62000] [32m hipGetDevice ( 0x7fffb5925004 ) [0m
:3:hip_device_runtime.cpp   :699 : 1257968386347 us: [pid:1860587 tid: 0x7f5dddf62000] hipGetDevice: Returned hipSuccess : 0
:3:hip_device_runtime.cpp   :687 : 1257968386349 us: [pid:1860587 tid: 0x7f5dddf62000] [32m hipGetDevice ( 0x7fffb5924274 ) [0m
:3:hip_device_runtime.cpp   :699 : 1257968386350 us: [pid:1860587 tid: 0x7f5dddf62000] hipGetDevice: Returned hipSuccess : 0
:3:hip_device_runtime.cpp   :687 : 1257968386351 us: [pid:1860587 tid: 0x7f5dddf62000] [32m hipGetDevice ( 0x7fffb5924174 ) [0m
:3:hip_device_runtime.cpp   :699 : 1257968386353 us: [pid:1860587 tid: 0x7f5dddf62000] hipGetDevice: Returned hipSuccess : 0
:3:hip_device_runtime.cpp   :687 : 1257968386354 us: [pid:1860587 tid: 0x7f5dddf62000] [32m hipGetDevice ( 0x7fffb5923e6c ) [0m
:3:hip_device_runtime.cpp   :699 : 1257968386355 us: [pid:1860587 tid: 0x7f5dddf62000] hipGetDevice: Returned hipSuccess : 0
:3:hip_device_runtime.cpp   :773 : 1257968386358 us: [pid:1860587 tid: 0x7f5dddf62000] [32m hipSetDevice ( 0 ) [0m
:3:hip_device_runtime.cpp   :778 : 1257968386359 us: [pid:1860587 tid: 0x7f5dddf62000] hipSetDevice: Returned hipSuccess : 
:3:hip_device_runtime.cpp   :773 : 1257968386360 us: [pid:1860587 tid: 0x7f5dddf62000] [32m hipSetDevice ( 0 ) [0m
:3:hip_device_runtime.cpp   :778 : 1257968386361 us: [pid:1860587 tid: 0x7f5dddf62000] hipSetDevice: Returned hipSuccess : 
:3:hip_device_runtime.cpp   :687 : 1257968386364 us: [pid:1860587 tid: 0x7f5dddf62000] [32m hipGetDevice ( 0x7fffb59241f4 ) [0m
:3:hip_device_runtime.cpp   :699 : 1257968386365 us: [pid:1860587 tid: 0x7f5dddf62000] hipGetDevice: Returned hipSuccess : 0
:3:hip_device_runtime.cpp   :687 : 1257968386367 us: [pid:1860587 tid: 0x7f5dddf62000] [32m hipGetDevice ( 0x7fffb5923abc ) [0m
:3:hip_device_runtime.cpp   :699 : 1257968387335 us: [pid:1860587 tid: 0x7f5dddf62000] hipGetDevice: Returned hipSuccess : 0
:3:hip_platform.cpp         :255 : 1257968388220 us: [pid:1860587 tid: 0x7f5dddf62000] [32m __hipPushCallConfiguration ( {3584,1,1}, {128,1,1}, 0, char array:<null> ) [0m
:3:hip_platform.cpp         :259 : 1257968388227 us: [pid:1860587 tid: 0x7f5dddf62000] __hipPushCallConfiguration: Returned hipSuccess : 
:3:hip_platform.cpp         :264 : 1257968388234 us: [pid:1860587 tid: 0x7f5dddf62000] [32m __hipPopCallConfiguration ( {288,1,3046259624}, {3046260128,32767,1089563137}, 0x7fffb5923ce8, 0x7fffb5923d30 ) [0m
:3:hip_platform.cpp         :273 : 1257968389184 us: [pid:1860587 tid: 0x7f5dddf62000] __hipPopCallConfiguration: Returned hipSuccess : 
:3:hip_module.cpp           :825 : 1257968389199 us: [pid:1860587 tid: 0x7f5dddf62000] [32m hipLaunchKernel ( 0x7f5dc0c7bcb0, {3584,1,1}, {128,1,1}, 0x7fffb5923d00, 0, char array:<null> ) [0m
:4:rocvirtual.cpp           :880 : 1257968389215 us: [pid:1860587 tid: 0x7f5dddf62000] Arg0:   = val:0x380000 (size:0x4)
:4:rocvirtual.cpp           :877 : 1257968390145 us: [pid:1860587 tid: 0x7f5dddf62000] Arg1:   = 0x04 00 00 00 04 00 00 00 01 00 00 00 02 00 00 00 02 00 00 00 01 00 00 00 01 00 00 00 00 1c 00 00 25 49 92 24 0d 00 00 00 40 00 00 00 01 00 00 00 06 00 00 00 5d 7f 00 00 01 00 01 00 00 00 00 00 ... (size:0x160)
:3:rocvirtual.cpp           :3501: 1257968390148 us: [pid:1860587 tid: 0x7f5dddf62000] ShaderName : void at::native::elementwise_kernel_manual_unroll<128, 8, at::native::gpu_kernel_impl_nocast<at::native::direct_copy_kernel_cuda(at::TensorIteratorBase&)::{lambda()#3}::operator()() const::{lambda()#1}::operator()() const::{lambda(unsigned char)#1}>(at::TensorIteratorBase&, at::native::direct_copy_kernel_cuda(at::TensorIteratorBase&)::{lambda()#3}::operator()() const::{lambda()#1}::operator()() const::{lambda(unsigned char)#1} const&)::{lambda(int, bool)#1}>(int, at::native::gpu_kernel_impl_nocast<at::native::direct_copy_kernel_cuda(at::TensorIteratorBase&)::{lambda()#3}::operator()() const::{lambda()#1}::operator()() const::{lambda(unsigned char)#1}>(at::TensorIteratorBase&, at::native::direct_copy_kernel_cuda(at::TensorIteratorBase&)::{lambda()#3}::operator()() const::{lambda()#1}::operator()() const::{lambda(unsigned char)#1} const&)::{lambda(int, bool)#1})
:4:rocvirtual.cpp           :1079: 1257968390163 us: [pid:1860587 tid: 0x7f5dddf62000] SWq=0x7f5c9ca4c000, HWq=0x7f53f2600000, id=1, Dispatch Header = 0xb02 (type=2, barrier=1, acquire=1, release=1), setup=3, grid=[458752, 1, 1], workgroup=[128, 1, 1], private_seg_size=0, group_seg_size=0, kernel_obj=0x7f53f0672f80, kernarg_address=0x7f53f2400000, completion_signal=0x0, correlation_id=0, rptr=32, wptr=32
:4:rocvirtual.cpp           :1457: 1257968390178 us: [pid:1860587 tid: 0x7f5dddf62000] SWq=0x7f5c9ca4c000, HWq=0x7f53f2600000, id=1, BarrierAND Header = 0x1503 (type=3, barrier=1, acquire=2, release=2), dep_signal=[0x0, 0x0, 0x0, 0x0, 0x0], completion_signal=0x7f5bf4bfed00, rptr=33, wptr=33
:4:commandqueue.cpp         :227 : 1257968391062 us: [pid:1860587 tid: 0x7f5dddf62000] All commands finished for host queue : 0x563d07675b80
:3:hip_module.cpp           :826 : 1257968391065 us: [pid:1860587 tid: 0x7f5dddf62000] hipLaunchKernel: Returned hipSuccess : : duration: 1866 us
:3:hip_error.cpp            :34  : 1257968391069 us: [pid:1860587 tid: 0x7f5dddf62000] [32m hipGetLastError (  ) [0m
:3:hip_error.cpp            :34  : 1257968391072 us: [pid:1860587 tid: 0x7f5dddf62000] [32m hipGetLastError (  ) [0m
:3:hip_device_runtime.cpp   :773 : 1257968391075 us: [pid:1860587 tid: 0x7f5dddf62000] [32m hipSetDevice ( 0 ) [0m
:3:hip_device_runtime.cpp   :778 : 1257968391076 us: [pid:1860587 tid: 0x7f5dddf62000] hipSetDevice: Returned hipSuccess : 
:3:hip_device_runtime.cpp   :773 : 1257968391089 us: [pid:1860587 tid: 0x7f5dddf62000] [32m hipSetDevice ( 0 ) [0m
:3:hip_device_runtime.cpp   :778 : 1257968392002 us: [pid:1860587 tid: 0x7f5dddf62000] hipSetDevice: Returned hipSuccess : 
:3:hip_device_runtime.cpp   :687 : 1257968392129 us: [pid:1860587 tid: 0x7f5dddf62000] [32m hipGetDevice ( 0x7fffb5924834 ) [0m
:3:hip_device_runtime.cpp   :699 : 1257968392943 us: [pid:1860587 tid: 0x7f5dddf62000] hipGetDevice: Returned hipSuccess : 0
:3:hip_device_runtime.cpp   :687 : 1257968392948 us: [pid:1860587 tid: 0x7f5dddf62000] [32m hipGetDevice ( 0x7fffb5924734 ) [0m
:3:hip_device_runtime.cpp   :699 : 1257968392949 us: [pid:1860587 tid: 0x7f5dddf62000] hipGetDevice: Returned hipSuccess : 0
:3:hip_device_runtime.cpp   :687 : 1257968392954 us: [pid:1860587 tid: 0x7f5dddf62000] [32m hipGetDevice ( 0x7fffb592442c ) [0m
:3:hip_device_runtime.cpp   :699 : 1257968392956 us: [pid:1860587 tid: 0x7f5dddf62000] hipGetDevice: Returned hipSuccess : 0
:3:hip_device_runtime.cpp   :773 : 1257968392965 us: [pid:1860587 tid: 0x7f5dddf62000] [32m hipSetDevice ( 0 ) [0m
:3:hip_device_runtime.cpp   :778 : 1257968393845 us: [pid:1860587 tid: 0x7f5dddf62000] hipSetDevice: Returned hipSuccess : 
:3:hip_device_runtime.cpp   :773 : 1257968393849 us: [pid:1860587 tid: 0x7f5dddf62000] [32m hipSetDevice ( 0 ) [0m
:3:hip_device_runtime.cpp   :778 : 1257968393850 us: [pid:1860587 tid: 0x7f5dddf62000] hipSetDevice: Returned hipSuccess : 
:3:hip_device_runtime.cpp   :687 : 1257968393853 us: [pid:1860587 tid: 0x7f5dddf62000] [32m hipGetDevice ( 0x7fffb5924a94 ) [0m
:3:hip_device_runtime.cpp   :699 : 1257968393854 us: [pid:1860587 tid: 0x7f5dddf62000] hipGetDevice: Returned hipSuccess : 0
:3:hip_device_runtime.cpp   :687 : 1257968393872 us: [pid:1860587 tid: 0x7f5dddf62000] [32m hipGetDevice ( 0x7fffb59241ac ) [0m
:3:hip_device_runtime.cpp   :699 : 1257968395100 us: [pid:1860587 tid: 0x7f5dddf62000] hipGetDevice: Returned hipSuccess : 0
:3:hip_device_runtime.cpp   :687 : 1257968395103 us: [pid:1860587 tid: 0x7f5dddf62000] [32m hipGetDevice ( 0x7fffb59241ec ) [0m
:3:hip_device_runtime.cpp   :699 : 1257968395104 us: [pid:1860587 tid: 0x7f5dddf62000] hipGetDevice: Returned hipSuccess : 0
:3:hip_platform.cpp         :255 : 1257968395111 us: [pid:1860587 tid: 0x7f5dddf62000] [32m __hipPushCallConfiguration ( {7168,1,1}, {256,1,1}, 0, char array:<null> ) [0m
:3:hip_platform.cpp         :259 : 1257968395113 us: [pid:1860587 tid: 0x7f5dddf62000] __hipPushCallConfiguration: Returned hipSuccess : 
:3:hip_platform.cpp         :264 : 1257968395116 us: [pid:1860587 tid: 0x7f5dddf62000] [32m __hipPopCallConfiguration ( {270241296,22077,270241328}, {3046262672,32767,2875153064}, 0x7fffb5924410, 0x7fffb5924400 ) [0m
:3:hip_platform.cpp         :273 : 1257968395117 us: [pid:1860587 tid: 0x7f5dddf62000] __hipPopCallConfiguration: Returned hipSuccess : 
:3:hip_module.cpp           :825 : 1257968395120 us: [pid:1860587 tid: 0x7f5dddf62000] [32m hipLaunchKernel ( 0x7f5dc0c81778, {7168,1,1}, {256,1,1}, 0x7fffb5924440, 0, char array:<null> ) [0m
:4:rocvirtual.cpp           :880 : 1257968395126 us: [pid:1860587 tid: 0x7f5dddf62000] Arg0:   = val:0x1c00000 (size:0x4)
:4:rocvirtual.cpp           :880 : 1257968396022 us: [pid:1860587 tid: 0x7f5dddf62000] Arg1:   = val:0x7f (size:0x1)
:4:rocvirtual.cpp           :790 : 1257968396025 us: [pid:1860587 tid: 0x7f5dddf62000] Arg2:   = ptr:0x7f1be7800000 obj:[0x7f1be7800000-0x7f1beb000000]
:3:rocvirtual.cpp           :3501: 1257968396027 us: [pid:1860587 tid: 0x7f5dddf62000] ShaderName : void at::native::vectorized_elementwise_kernel<16, at::native::FillFunctor<unsigned char>, std::array<char*, 1ul> >(int, at::native::FillFunctor<unsigned char>, std::array<char*, 1ul>)
:4:rocvirtual.cpp           :1079: 1257968396031 us: [pid:1860587 tid: 0x7f5dddf62000] SWq=0x7f5c9ca4c000, HWq=0x7f53f2600000, id=1, Dispatch Header = 0xb02 (type=2, barrier=1, acquire=1, release=1), setup=3, grid=[1835008, 1, 1], workgroup=[256, 1, 1], private_seg_size=0, group_seg_size=0, kernel_obj=0x7f53f0c2de80, kernarg_address=0x7f53f2400000, completion_signal=0x0, correlation_id=0, rptr=34, wptr=34
:4:rocvirtual.cpp           :1457: 1257968396035 us: [pid:1860587 tid: 0x7f5dddf62000] SWq=0x7f5c9ca4c000, HWq=0x7f53f2600000, id=1, BarrierAND Header = 0x1503 (type=3, barrier=1, acquire=2, release=2), dep_signal=[0x0, 0x0, 0x0, 0x0, 0x0], completion_signal=0x7f5bf4bfec80, rptr=35, wptr=35
:4:rocvirtual.cpp           :634 : 1257968396036 us: [pid:1860587 tid: 0x7f5dddf62000] Host wait on completion_signal=0x7f5bf4bfec80
:4:commandqueue.cpp         :227 : 1257968396054 us: [pid:1860587 tid: 0x7f5dddf62000] All commands finished for host queue : 0x563d07675b80
:3:hip_module.cpp           :826 : 1257968396938 us: [pid:1860587 tid: 0x7f5dddf62000] hipLaunchKernel: Returned hipSuccess : : duration: 1818 us
:3:hip_error.cpp            :34  : 1257968396939 us: [pid:1860587 tid: 0x7f5dddf62000] [32m hipGetLastError (  ) [0m
:3:hip_device_runtime.cpp   :773 : 1257968396941 us: [pid:1860587 tid: 0x7f5dddf62000] [32m hipSetDevice ( 0 ) [0m
:3:hip_device_runtime.cpp   :778 : 1257968396943 us: [pid:1860587 tid: 0x7f5dddf62000] hipSetDevice: Returned hipSuccess : 
:3:hip_device_runtime.cpp   :687 : 1257968396971 us: [pid:1860587 tid: 0x7f5dddf62000] [32m hipGetDevice ( 0x7fffb59241e4 ) [0m
:3:hip_device_runtime.cpp   :699 : 1257968397966 us: [pid:1860587 tid: 0x7f5dddf62000] hipGetDevice: Returned hipSuccess : 0
:3:hip_device_runtime.cpp   :687 : 1257968397968 us: [pid:1860587 tid: 0x7f5dddf62000] [32m hipGetDevice ( 0x7fffb59240a4 ) [0m
:3:hip_device_runtime.cpp   :699 : 1257968397970 us: [pid:1860587 tid: 0x7f5dddf62000] hipGetDevice: Returned hipSuccess : 0
:3:hip_device_runtime.cpp   :687 : 1257968397973 us: [pid:1860587 tid: 0x7f5dddf62000] [32m hipGetDevice ( 0x7fffb5923f0c ) [0m
:3:hip_device_runtime.cpp   :699 : 1257968397974 us: [pid:1860587 tid: 0x7f5dddf62000] hipGetDevice: Returned hipSuccess : 0
:3:hip_device_runtime.cpp   :773 : 1257968397978 us: [pid:1860587 tid: 0x7f5dddf62000] [32m hipSetDevice ( 0 ) [0m
:3:hip_device_runtime.cpp   :778 : 1257968397979 us: [pid:1860587 tid: 0x7f5dddf62000] hipSetDevice: Returned hipSuccess : 
:3:hip_device_runtime.cpp   :773 : 1257968397980 us: [pid:1860587 tid: 0x7f5dddf62000] [32m hipSetDevice ( 0 ) [0m
:3:hip_device_runtime.cpp   :778 : 1257968397981 us: [pid:1860587 tid: 0x7f5dddf62000] hipSetDevice: Returned hipSuccess : 
:3:hip_device_runtime.cpp   :687 : 1257968397993 us: [pid:1860587 tid: 0x7f5dddf62000] [32m hipGetDevice ( 0x7fffb5923f64 ) [0m
:3:hip_device_runtime.cpp   :699 : 1257968398958 us: [pid:1860587 tid: 0x7f5dddf62000] hipGetDevice: Returned hipSuccess : 0
:3:hip_device_runtime.cpp   :687 : 1257968398962 us: [pid:1860587 tid: 0x7f5dddf62000] [32m hipGetDevice ( 0x7fffb592381c ) [0m
:3:hip_device_runtime.cpp   :699 : 1257968398963 us: [pid:1860587 tid: 0x7f5dddf62000] hipGetDevice: Returned hipSuccess : 0
:3:hip_platform.cpp         :255 : 1257968398965 us: [pid:1860587 tid: 0x7f5dddf62000] [32m __hipPushCallConfiguration ( {57344,1,1}, {128,1,1}, 0, char array:<null> ) [0m
:3:hip_platform.cpp         :259 : 1257968398966 us: [pid:1860587 tid: 0x7f5dddf62000] __hipPushCallConfiguration: Returned hipSuccess : 
:3:hip_platform.cpp         :264 : 1257968398968 us: [pid:1860587 tid: 0x7f5dddf62000] [32m __hipPopCallConfiguration ( {3046259472,32767,3046259792}, {0,0,1089234768}, 0x7fffb5923a60, 0x7fffb5923a48 ) [0m
:3:hip_platform.cpp         :273 : 1257968398969 us: [pid:1860587 tid: 0x7f5dddf62000] __hipPopCallConfiguration: Returned hipSuccess : 
:3:hip_module.cpp           :825 : 1257968398971 us: [pid:1860587 tid: 0x7f5dddf62000] [32m hipLaunchKernel ( 0x7f5dc0c7bdb8, {57344,1,1}, {128,1,1}, 0x7fffb5923d70, 0, char array:<null> ) [0m
:4:rocvirtual.cpp           :880 : 1257968398976 us: [pid:1860587 tid: 0x7f5dddf62000] Arg0:   = val:0x1c00000 (size:0x4)
:4:rocvirtual.cpp           :877 : 1257968398980 us: [pid:1860587 tid: 0x7f5dddf62000] Arg1:   = 0x00 00 a0 8d 1b 7f 00 00 00 00 b8 c9 1b 7f 00 00 02 00 00 00 01 00 00 00 00 02 01 00 00 00 00 00  (size:0x20)
:3:rocvirtual.cpp           :3501: 1257968399894 us: [pid:1860587 tid: 0x7f5dddf62000] ShaderName : void at::native::elementwise_kernel_manual_unroll<128, 4, at::native::gpu_kernel_impl<at::native::direct_copy_kernel_cuda(at::TensorIteratorBase&)::{lambda()#3}::operator()() const::{lambda()#5}::operator()() const::{lambda(short)#1}>(at::TensorIteratorBase&, at::native::direct_copy_kernel_cuda(at::TensorIteratorBase&)::{lambda()#3}::operator()() const::{lambda()#5}::operator()() const::{lambda(short)#1} const&)::{lambda(int, bool)#1}>(int, at::native::gpu_kernel_impl<at::native::direct_copy_kernel_cuda(at::TensorIteratorBase&)::{lambda()#3}::operator()() const::{lambda()#5}::operator()() const::{lambda(short)#1}>(at::TensorIteratorBase&, at::native::direct_copy_kernel_cuda(at::TensorIteratorBase&)::{lambda()#3}::operator()() const::{lambda()#5}::operator()() const::{lambda(short)#1} const&)::{lambda(int, bool)#1})
:4:rocvirtual.cpp           :1079: 1257968399899 us: [pid:1860587 tid: 0x7f5dddf62000] SWq=0x7f5c9ca4c000, HWq=0x7f53f2600000, id=1, Dispatch Header = 0xb02 (type=2, barrier=1, acquire=1, release=1), setup=3, grid=[7340032, 1, 1], workgroup=[128, 1, 1], private_seg_size=0, group_seg_size=0, kernel_obj=0x7f53f06737c0, kernarg_address=0x7f53f2400000, completion_signal=0x0, correlation_id=0, rptr=36, wptr=36
:4:rocvirtual.cpp           :1457: 1257968399902 us: [pid:1860587 tid: 0x7f5dddf62000] SWq=0x7f5c9ca4c000, HWq=0x7f53f2600000, id=1, BarrierAND Header = 0x1503 (type=3, barrier=1, acquire=2, release=2), dep_signal=[0x0, 0x0, 0x0, 0x0, 0x0], completion_signal=0x7f5bf4bfec00, rptr=37, wptr=37
:4:rocvirtual.cpp           :634 : 1257968399904 us: [pid:1860587 tid: 0x7f5dddf62000] Host wait on completion_signal=0x7f5bf4bfec00
:4:commandqueue.cpp         :227 : 1257968399951 us: [pid:1860587 tid: 0x7f5dddf62000] All commands finished for host queue : 0x563d07675b80
:3:hip_module.cpp           :826 : 1257968400879 us: [pid:1860587 tid: 0x7f5dddf62000] hipLaunchKernel: Returned hipSuccess : : duration: 1908 us
:3:hip_error.cpp            :34  : 1257968400881 us: [pid:1860587 tid: 0x7f5dddf62000] [32m hipGetLastError (  ) [0m
:3:hip_error.cpp            :34  : 1257968400883 us: [pid:1860587 tid: 0x7f5dddf62000] [32m hipGetLastError (  ) [0m
:3:hip_device_runtime.cpp   :773 : 1257968400885 us: [pid:1860587 tid: 0x7f5dddf62000] [32m hipSetDevice ( 0 ) [0m
:3:hip_device_runtime.cpp   :778 : 1257968400887 us: [pid:1860587 tid: 0x7f5dddf62000] hipSetDevice: Returned hipSuccess : 
:3:hip_device_runtime.cpp   :687 : 1257968400913 us: [pid:1860587 tid: 0x7f5dddf62000] [32m hipGetDevice ( 0x7fffb592472c ) [0m
:3:hip_device_runtime.cpp   :699 : 1257968401978 us: [pid:1860587 tid: 0x7f5dddf62000] hipGetDevice: Returned hipSuccess : 0
:3:hip_device_runtime.cpp   :687 : 1257968401980 us: [pid:1860587 tid: 0x7f5dddf62000] [32m hipGetDevice ( 0x7fffb59243f4 ) [0m
:3:hip_device_runtime.cpp   :699 : 1257968401981 us: [pid:1860587 tid: 0x7f5dddf62000] hipGetDevice: Returned hipSuccess : 0
:3:hip_device_runtime.cpp   :687 : 1257968401982 us: [pid:1860587 tid: 0x7f5dddf62000] [32m hipGetDevice ( 0x7fffb59240ec ) [0m
:3:hip_device_runtime.cpp   :699 : 1257968401983 us: [pid:1860587 tid: 0x7f5dddf62000] hipGetDevice: Returned hipSuccess : 0
:3:hip_device_runtime.cpp   :773 : 1257968401986 us: [pid:1860587 tid: 0x7f5dddf62000] [32m hipSetDevice ( 0 ) [0m
:3:hip_device_runtime.cpp   :778 : 1257968401987 us: [pid:1860587 tid: 0x7f5dddf62000] hipSetDevice: Returned hipSuccess : 
:3:hip_device_runtime.cpp   :687 : 1257968401995 us: [pid:1860587 tid: 0x7f5dddf62000] [32m hipGetDevice ( 0x7fffb592432c ) [0m
:3:hip_device_runtime.cpp   :699 : 1257968401996 us: [pid:1860587 tid: 0x7f5dddf62000] hipGetDevice: Returned hipSuccess : 0
:3:hip_device_runtime.cpp   :687 : 1257968401998 us: [pid:1860587 tid: 0x7f5dddf62000] [32m hipGetDevice ( 0x7fffb592436c ) [0m
:3:hip_device_runtime.cpp   :699 : 1257968402003 us: [pid:1860587 tid: 0x7f5dddf62000] hipGetDevice: Returned hipSuccess : 0
:3:hip_platform.cpp         :255 : 1257968402005 us: [pid:1860587 tid: 0x7f5dddf62000] [32m __hipPushCallConfiguration ( {14336,1,1}, {256,1,1}, 0, char array:<null> ) [0m
:3:hip_platform.cpp         :259 : 1257968402854 us: [pid:1860587 tid: 0x7f5dddf62000] __hipPushCallConfiguration: Returned hipSuccess : 
:3:hip_platform.cpp         :264 : 1257968402858 us: [pid:1860587 tid: 0x7f5dddf62000] [32m __hipPopCallConfiguration ( {3046262416,32767,2891078724}, {0,0,0}, 0x7fffb59245a8, 0x7fffb5924598 ) [0m
:3:hip_platform.cpp         :273 : 1257968402860 us: [pid:1860587 tid: 0x7f5dddf62000] __hipPopCallConfiguration: Returned hipSuccess : 
:3:hip_module.cpp           :825 : 1257968402862 us: [pid:1860587 tid: 0x7f5dddf62000] [32m hipLaunchKernel ( 0x7f5dc0c5f968, {14336,1,1}, {256,1,1}, 0x7fffb59245d0, 0, char array:<null> ) [0m
:4:rocvirtual.cpp           :880 : 1257968402867 us: [pid:1860587 tid: 0x7f5dddf62000] Arg0:   = val:0x1c00000 (size:0x4)
:4:rocvirtual.cpp           :880 : 1257968402869 us: [pid:1860587 tid: 0x7f5dddf62000] Arg1:   = val:0x1007f (size:0x4)
:4:rocvirtual.cpp           :877 : 1257968402871 us: [pid:1860587 tid: 0x7f5dddf62000] Arg2:   = 0x00 00 20 91 1b 7f 00 00 00 00 a0 8d 1b 7f 00 00  (size:0x10)
:3:rocvirtual.cpp           :3501: 1257968402872 us: [pid:1860587 tid: 0x7f5dddf62000] ShaderName : void at::native::vectorized_elementwise_kernel<8, at::native::CUDAFunctorOnSelf_add<short>, std::array<char*, 2ul> >(int, at::native::CUDAFunctorOnSelf_add<short>, std::array<char*, 2ul>)
:4:rocvirtual.cpp           :1079: 1257968402877 us: [pid:1860587 tid: 0x7f5dddf62000] SWq=0x7f5c9ca4c000, HWq=0x7f53f2600000, id=1, Dispatch Header = 0xb02 (type=2, barrier=1, acquire=1, release=1), setup=3, grid=[3670016, 1, 1], workgroup=[256, 1, 1], private_seg_size=0, group_seg_size=0, kernel_obj=0x7f1bdc463c40, kernarg_address=0x7f53f2400000, completion_signal=0x0, correlation_id=0, rptr=38, wptr=38
:4:rocvirtual.cpp           :1457: 1257968402884 us: [pid:1860587 tid: 0x7f5dddf62000] SWq=0x7f5c9ca4c000, HWq=0x7f53f2600000, id=1, BarrierAND Header = 0x1503 (type=3, barrier=1, acquire=2, release=2), dep_signal=[0x0, 0x0, 0x0, 0x0, 0x0], completion_signal=0x7f5bf4bfeb80, rptr=39, wptr=39
:4:commandqueue.cpp         :227 : 1257968403770 us: [pid:1860587 tid: 0x7f5dddf62000] All commands finished for host queue : 0x563d07675b80
:3:hip_module.cpp           :826 : 1257968403773 us: [pid:1860587 tid: 0x7f5dddf62000] hipLaunchKernel: Returned hipSuccess : : duration: 911 us
:3:hip_error.cpp            :34  : 1257968403775 us: [pid:1860587 tid: 0x7f5dddf62000] [32m hipGetLastError (  ) [0m
:3:hip_device_runtime.cpp   :773 : 1257968403776 us: [pid:1860587 tid: 0x7f5dddf62000] [32m hipSetDevice ( 0 ) [0m
:3:hip_device_runtime.cpp   :778 : 1257968403777 us: [pid:1860587 tid: 0x7f5dddf62000] hipSetDevice: Returned hipSuccess : 
:3:hip_device_runtime.cpp   :687 : 1257968403784 us: [pid:1860587 tid: 0x7f5dddf62000] [32m hipGetDevice ( 0x7fffb59241e4 ) [0m
:3:hip_device_runtime.cpp   :699 : 1257968403785 us: [pid:1860587 tid: 0x7f5dddf62000] hipGetDevice: Returned hipSuccess : 0
:3:hip_device_runtime.cpp   :687 : 1257968403786 us: [pid:1860587 tid: 0x7f5dddf62000] [32m hipGetDevice ( 0x7fffb59240a4 ) [0m
:3:hip_device_runtime.cpp   :699 : 1257968403787 us: [pid:1860587 tid: 0x7f5dddf62000] hipGetDevice: Returned hipSuccess : 0
:3:hip_device_runtime.cpp   :687 : 1257968403789 us: [pid:1860587 tid: 0x7f5dddf62000] [32m hipGetDevice ( 0x7fffb5923f0c ) [0m
:3:hip_device_runtime.cpp   :699 : 1257968403790 us: [pid:1860587 tid: 0x7f5dddf62000] hipGetDevice: Returned hipSuccess : 0
:3:hip_device_runtime.cpp   :773 : 1257968403793 us: [pid:1860587 tid: 0x7f5dddf62000] [32m hipSetDevice ( 0 ) [0m
:3:hip_device_runtime.cpp   :778 : 1257968403798 us: [pid:1860587 tid: 0x7f5dddf62000] hipSetDevice: Returned hipSuccess : 
:3:hip_device_runtime.cpp   :773 : 1257968403799 us: [pid:1860587 tid: 0x7f5dddf62000] [32m hipSetDevice ( 0 ) [0m
:3:hip_device_runtime.cpp   :778 : 1257968404823 us: [pid:1860587 tid: 0x7f5dddf62000] hipSetDevice: Returned hipSuccess : 
:3:hip_device_runtime.cpp   :687 : 1257968404825 us: [pid:1860587 tid: 0x7f5dddf62000] [32m hipGetDevice ( 0x7fffb5923f64 ) [0m
:3:hip_device_runtime.cpp   :699 : 1257968404827 us: [pid:1860587 tid: 0x7f5dddf62000] hipGetDevice: Returned hipSuccess : 0
:3:hip_device_runtime.cpp   :687 : 1257968404828 us: [pid:1860587 tid: 0x7f5dddf62000] [32m hipGetDevice ( 0x7fffb592382c ) [0m
:3:hip_device_runtime.cpp   :699 : 1257968404830 us: [pid:1860587 tid: 0x7f5dddf62000] hipGetDevice: Returned hipSuccess : 0
:3:hip_platform.cpp         :255 : 1257968404832 us: [pid:1860587 tid: 0x7f5dddf62000] [32m __hipPushCallConfiguration ( {57344,1,1}, {128,1,1}, 0, char array:<null> ) [0m
:3:hip_platform.cpp         :259 : 1257968404833 us: [pid:1860587 tid: 0x7f5dddf62000] __hipPushCallConfiguration: Returned hipSuccess : 
:3:hip_platform.cpp         :264 : 1257968404835 us: [pid:1860587 tid: 0x7f5dddf62000] [32m __hipPopCallConfiguration ( {3046259457,32767,3046259472}, {3046259328,32767,1089234880}, 0x7fffb5923a90, 0x7fffb5923a58 ) [0m
:3:hip_platform.cpp         :273 : 1257968404836 us: [pid:1860587 tid: 0x7f5dddf62000] __hipPopCallConfiguration: Returned hipSuccess : 
:3:hip_module.cpp           :825 : 1257968404839 us: [pid:1860587 tid: 0x7f5dddf62000] [32m hipLaunchKernel ( 0x7f5dc0c7bcb8, {57344,1,1}, {128,1,1}, 0x7fffb5923d70, 0, char array:<null> ) [0m
:4:rocvirtual.cpp           :880 : 1257968404842 us: [pid:1860587 tid: 0x7f5dddf62000] Arg0:   = val:0x1c00000 (size:0x4)
:4:rocvirtual.cpp           :877 : 1257968405737 us: [pid:1860587 tid: 0x7f5dddf62000] Arg1:   = 0x00 00 40 e9 1b 7f 00 00 00 00 20 91 1b 7f 00 00 01 00 00 00 02 00 00 00 00 00 02 00 00 00 00 00  (size:0x20)
:3:rocvirtual.cpp           :3501: 1257968405740 us: [pid:1860587 tid: 0x7f5dddf62000] ShaderName : void at::native::elementwise_kernel_manual_unroll<128, 4, at::native::gpu_kernel_impl<at::native::direct_copy_kernel_cuda(at::TensorIteratorBase&)::{lambda()#3}::operator()() const::{lambda()#1}::operator()() const::{lambda(unsigned char)#1}>(at::TensorIteratorBase&, at::native::direct_copy_kernel_cuda(at::TensorIteratorBase&)::{lambda()#3}::operator()() const::{lambda()#1}::operator()() const::{lambda(unsigned char)#1} const&)::{lambda(int, bool)#1}>(int, at::native::gpu_kernel_impl<at::native::direct_copy_kernel_cuda(at::TensorIteratorBase&)::{lambda()#3}::operator()() const::{lambda()#1}::operator()() const::{lambda(unsigned char)#1}>(at::TensorIteratorBase&, at::native::direct_copy_kernel_cuda(at::TensorIteratorBase&)::{lambda()#3}::operator()() const::{lambda()#1}::operator()() const::{lambda(unsigned char)#1} const&)::{lambda(int, bool)#1})
:4:rocvirtual.cpp           :1079: 1257968405746 us: [pid:1860587 tid: 0x7f5dddf62000] SWq=0x7f5c9ca4c000, HWq=0x7f53f2600000, id=1, Dispatch Header = 0xb02 (type=2, barrier=1, acquire=1, release=1), setup=3, grid=[7340032, 1, 1], workgroup=[128, 1, 1], private_seg_size=0, group_seg_size=0, kernel_obj=0x7f53f0672fc0, kernarg_address=0x7f53f2400000, completion_signal=0x0, correlation_id=0, rptr=40, wptr=40
:4:rocvirtual.cpp           :1457: 1257968405749 us: [pid:1860587 tid: 0x7f5dddf62000] SWq=0x7f5c9ca4c000, HWq=0x7f53f2600000, id=1, BarrierAND Header = 0x1503 (type=3, barrier=1, acquire=2, release=2), dep_signal=[0x0, 0x0, 0x0, 0x0, 0x0], completion_signal=0x7f5bf4bfeb00, rptr=41, wptr=41
:4:rocvirtual.cpp           :634 : 1257968405750 us: [pid:1860587 tid: 0x7f5dddf62000] Host wait on completion_signal=0x7f5bf4bfeb00
:4:commandqueue.cpp         :227 : 1257968405796 us: [pid:1860587 tid: 0x7f5dddf62000] All commands finished for host queue : 0x563d07675b80
:3:hip_module.cpp           :826 : 1257968406716 us: [pid:1860587 tid: 0x7f5dddf62000] hipLaunchKernel: Returned hipSuccess : : duration: 1877 us
:3:hip_error.cpp            :34  : 1257968406717 us: [pid:1860587 tid: 0x7f5dddf62000] [32m hipGetLastError (  ) [0m
:3:hip_error.cpp            :34  : 1257968406719 us: [pid:1860587 tid: 0x7f5dddf62000] [32m hipGetLastError (  ) [0m
:3:hip_device_runtime.cpp   :773 : 1257968406720 us: [pid:1860587 tid: 0x7f5dddf62000] [32m hipSetDevice ( 0 ) [0m
:3:hip_device_runtime.cpp   :778 : 1257968406721 us: [pid:1860587 tid: 0x7f5dddf62000] hipSetDevice: Returned hipSuccess : 
:3:hip_device_runtime.cpp   :687 : 1257968406727 us: [pid:1860587 tid: 0x7f5dddf62000] [32m hipGetDevice ( 0x7fffb5925054 ) [0m
:3:hip_device_runtime.cpp   :699 : 1257968406728 us: [pid:1860587 tid: 0x7f5dddf62000] hipGetDevice: Returned hipSuccess : 0
:3:hip_device_runtime.cpp   :687 : 1257968406740 us: [pid:1860587 tid: 0x7f5dddf62000] [32m hipGetDevice ( 0x7fffb5924504 ) [0m
:3:hip_device_runtime.cpp   :699 : 1257968407653 us: [pid:1860587 tid: 0x7f5dddf62000] hipGetDevice: Returned hipSuccess : 0
:3:hip_memory.cpp           :1595: 1257968407661 us: [pid:1860587 tid: 0x7f5dddf62000] [32m hipMemcpyAsync ( 0x7f1be7800000, 0x7f1be9400000, 29360128, hipMemcpyDeviceToDevice, char array:<null> ) [0m
:4:rocvirtual.cpp           :776 : 1257968407671 us: [pid:1860587 tid: 0x7f5dddf62000] Arg0: uchar* src = ptr:0x7f1be9400000 
:4:rocvirtual.cpp           :776 : 1257968407672 us: [pid:1860587 tid: 0x7f5dddf62000] Arg1: uchar* dst = ptr:0x7f1be7800000 
:4:rocvirtual.cpp           :880 : 1257968407674 us: [pid:1860587 tid: 0x7f5dddf62000] Arg2: ulong size = val:0x1c00000 (size:0x8)
:4:rocvirtual.cpp           :880 : 1257968407677 us: [pid:1860587 tid: 0x7f5dddf62000] Arg3: uint remainder = val:0x0 (size:0x4)
:4:rocvirtual.cpp           :880 : 1257968407681 us: [pid:1860587 tid: 0x7f5dddf62000] Arg4: uint aligned_size = val:0x10 (size:0x4)
:4:rocvirtual.cpp           :880 : 1257968407683 us: [pid:1860587 tid: 0x7f5dddf62000] Arg5: ulong end_ptr = val:0x7f1be9400000 (size:0x8)
:4:rocvirtual.cpp           :880 : 1257968408619 us: [pid:1860587 tid: 0x7f5dddf62000] Arg6: uint next_chunk = val:0x20000 (size:0x4)
:4:rocvirtual.cpp           :880 : 1257968408622 us: [pid:1860587 tid: 0x7f5dddf62000] Arg7: uint workgroup_size = val:0x200 (size:0x4)
:3:rocvirtual.cpp           :3501: 1257968408623 us: [pid:1860587 tid: 0x7f5dddf62000] ShaderName : __amd_rocclr_copyBuffer
:4:rocvirtual.cpp           :1079: 1257968408627 us: [pid:1860587 tid: 0x7f5dddf62000] SWq=0x7f5c9ca4c000, HWq=0x7f53f2600000, id=1, Dispatch Header = 0xb02 (type=2, barrier=1, acquire=1, release=1), setup=1, grid=[131072, 1, 1], workgroup=[512, 1, 1], private_seg_size=0, group_seg_size=0, kernel_obj=0x7f5bf4cbb600, kernarg_address=0x7f53f2400000, completion_signal=0x0, correlation_id=0, rptr=42, wptr=42
:4:rocvirtual.cpp           :1457: 1257968408632 us: [pid:1860587 tid: 0x7f5dddf62000] SWq=0x7f5c9ca4c000, HWq=0x7f53f2600000, id=1, BarrierAND Header = 0x1503 (type=3, barrier=1, acquire=2, release=2), dep_signal=[0x0, 0x0, 0x0, 0x0, 0x0], completion_signal=0x7f5bf4bfea80, rptr=43, wptr=43
:4:rocvirtual.cpp           :634 : 1257968408633 us: [pid:1860587 tid: 0x7f5dddf62000] Host wait on completion_signal=0x7f5bf4bfea80
:4:commandqueue.cpp         :227 : 1257968408653 us: [pid:1860587 tid: 0x7f5dddf62000] All commands finished for host queue : 0x563d07675b80
:3:hip_memory.cpp           :1596: 1257968409574 us: [pid:1860587 tid: 0x7f5dddf62000] hipMemcpyAsync: Returned hipSuccess : : duration: 1913 us
:3:hip_error.cpp            :34  : 1257968409576 us: [pid:1860587 tid: 0x7f5dddf62000] [32m hipGetLastError (  ) [0m
:3:hip_device_runtime.cpp   :773 : 1257968409577 us: [pid:1860587 tid: 0x7f5dddf62000] [32m hipSetDevice ( 0 ) [0m
:3:hip_device_runtime.cpp   :778 : 1257968409578 us: [pid:1860587 tid: 0x7f5dddf62000] hipSetDevice: Returned hipSuccess : 
:3:hip_device_runtime.cpp   :773 : 1257968409580 us: [pid:1860587 tid: 0x7f5dddf62000] [32m hipSetDevice ( 0 ) [0m
:3:hip_device_runtime.cpp   :778 : 1257968409581 us: [pid:1860587 tid: 0x7f5dddf62000] hipSetDevice: Returned hipSuccess : 
:3:hip_device_runtime.cpp   :687 : 1257968409607 us: [pid:1860587 tid: 0x7f5dddf62000] [32m hipGetDevice ( 0x7fffb5925004 ) [0m
:3:hip_device_runtime.cpp   :699 : 1257968410575 us: [pid:1860587 tid: 0x7f5dddf62000] hipGetDevice: Returned hipSuccess : 0
:3:hip_device_runtime.cpp   :687 : 1257968410584 us: [pid:1860587 tid: 0x7f5dddf62000] [32m hipGetDevice ( 0x7fffb5924274 ) [0m
:3:hip_device_runtime.cpp   :699 : 1257968410585 us: [pid:1860587 tid: 0x7f5dddf62000] hipGetDevice: Returned hipSuccess : 0
:3:hip_device_runtime.cpp   :687 : 1257968410587 us: [pid:1860587 tid: 0x7f5dddf62000] [32m hipGetDevice ( 0x7fffb5924174 ) [0m
:3:hip_device_runtime.cpp   :699 : 1257968410588 us: [pid:1860587 tid: 0x7f5dddf62000] hipGetDevice: Returned hipSuccess : 0
:3:hip_device_runtime.cpp   :687 : 1257968410590 us: [pid:1860587 tid: 0x7f5dddf62000] [32m hipGetDevice ( 0x7fffb5923e6c ) [0m
:3:hip_device_runtime.cpp   :699 : 1257968410591 us: [pid:1860587 tid: 0x7f5dddf62000] hipGetDevice: Returned hipSuccess : 0
:3:hip_device_runtime.cpp   :773 : 1257968410593 us: [pid:1860587 tid: 0x7f5dddf62000] [32m hipSetDevice ( 0 ) [0m
:3:hip_device_runtime.cpp   :778 : 1257968410594 us: [pid:1860587 tid: 0x7f5dddf62000] hipSetDevice: Returned hipSuccess : 
:3:hip_device_runtime.cpp   :773 : 1257968410597 us: [pid:1860587 tid: 0x7f5dddf62000] [32m hipSetDevice ( 0 ) [0m
:3:hip_device_runtime.cpp   :778 : 1257968411494 us: [pid:1860587 tid: 0x7f5dddf62000] hipSetDevice: Returned hipSuccess : 
:3:hip_device_runtime.cpp   :687 : 1257968411500 us: [pid:1860587 tid: 0x7f5dddf62000] [32m hipGetDevice ( 0x7fffb59241f4 ) [0m
:3:hip_device_runtime.cpp   :699 : 1257968411501 us: [pid:1860587 tid: 0x7f5dddf62000] hipGetDevice: Returned hipSuccess : 0
:3:hip_device_runtime.cpp   :687 : 1257968411504 us: [pid:1860587 tid: 0x7f5dddf62000] [32m hipGetDevice ( 0x7fffb5923abc ) [0m
:3:hip_device_runtime.cpp   :699 : 1257968411505 us: [pid:1860587 tid: 0x7f5dddf62000] hipGetDevice: Returned hipSuccess : 0
:3:hip_platform.cpp         :255 : 1257968411508 us: [pid:1860587 tid: 0x7f5dddf62000] [32m __hipPushCallConfiguration ( {28672,1,1}, {128,1,1}, 0, char array:<null> ) [0m
:3:hip_platform.cpp         :259 : 1257968411509 us: [pid:1860587 tid: 0x7f5dddf62000] __hipPushCallConfiguration: Returned hipSuccess : 
:3:hip_platform.cpp         :264 : 1257968411511 us: [pid:1860587 tid: 0x7f5dddf62000] [32m __hipPopCallConfiguration ( {288,0,3046259624}, {3046260128,32767,1089563137}, 0x7fffb5923ce8, 0x7fffb5923d30 ) [0m
:3:hip_platform.cpp         :273 : 1257968411513 us: [pid:1860587 tid: 0x7f5dddf62000] __hipPopCallConfiguration: Returned hipSuccess : 
:3:hip_module.cpp           :825 : 1257968411517 us: [pid:1860587 tid: 0x7f5dddf62000] [32m hipLaunchKernel ( 0x7f5dc0c7bcb0, {28672,1,1}, {128,1,1}, 0x7fffb5923d00, 0, char array:<null> ) [0m
:4:rocvirtual.cpp           :880 : 1257968412485 us: [pid:1860587 tid: 0x7f5dddf62000] Arg0:   = val:0x1c00000 (size:0x4)
:4:rocvirtual.cpp           :877 : 1257968412489 us: [pid:1860587 tid: 0x7f5dddf62000] Arg1:   = 0x06 00 00 00 02 00 00 00 01 00 00 00 01 00 00 00 02 00 00 00 01 00 00 00 01 00 00 00 10 00 00 00 01 00 00 00 04 00 00 00 04 00 00 00 01 00 00 00 02 00 00 00 70 00 00 00 25 49 92 24 07 00 00 00 ... (size:0x160)
:3:rocvirtual.cpp           :3501: 1257968412490 us: [pid:1860587 tid: 0x7f5dddf62000] ShaderName : void at::native::elementwise_kernel_manual_unroll<128, 8, at::native::gpu_kernel_impl_nocast<at::native::direct_copy_kernel_cuda(at::TensorIteratorBase&)::{lambda()#3}::operator()() const::{lambda()#1}::operator()() const::{lambda(unsigned char)#1}>(at::TensorIteratorBase&, at::native::direct_copy_kernel_cuda(at::TensorIteratorBase&)::{lambda()#3}::operator()() const::{lambda()#1}::operator()() const::{lambda(unsigned char)#1} const&)::{lambda(int, bool)#1}>(int, at::native::gpu_kernel_impl_nocast<at::native::direct_copy_kernel_cuda(at::TensorIteratorBase&)::{lambda()#3}::operator()() const::{lambda()#1}::operator()() const::{lambda(unsigned char)#1}>(at::TensorIteratorBase&, at::native::direct_copy_kernel_cuda(at::TensorIteratorBase&)::{lambda()#3}::operator()() const::{lambda()#1}::operator()() const::{lambda(unsigned char)#1} const&)::{lambda(int, bool)#1})
:4:rocvirtual.cpp           :1079: 1257968412494 us: [pid:1860587 tid: 0x7f5dddf62000] SWq=0x7f5c9ca4c000, HWq=0x7f53f2600000, id=1, Dispatch Header = 0xb02 (type=2, barrier=1, acquire=1, release=1), setup=3, grid=[3670016, 1, 1], workgroup=[128, 1, 1], private_seg_size=0, group_seg_size=0, kernel_obj=0x7f53f0672f80, kernarg_address=0x7f53f2400000, completion_signal=0x0, correlation_id=0, rptr=44, wptr=44
:4:rocvirtual.cpp           :1457: 1257968412497 us: [pid:1860587 tid: 0x7f5dddf62000] SWq=0x7f5c9ca4c000, HWq=0x7f53f2600000, id=1, BarrierAND Header = 0x1503 (type=3, barrier=1, acquire=2, release=2), dep_signal=[0x0, 0x0, 0x0, 0x0, 0x0], completion_signal=0x7f5bf4bfea00, rptr=45, wptr=45
:4:rocvirtual.cpp           :634 : 1257968412498 us: [pid:1860587 tid: 0x7f5dddf62000] Host wait on completion_signal=0x7f5bf4bfea00
:4:commandqueue.cpp         :227 : 1257968412570 us: [pid:1860587 tid: 0x7f5dddf62000] All commands finished for host queue : 0x563d07675b80
:3:hip_module.cpp           :826 : 1257968413389 us: [pid:1860587 tid: 0x7f5dddf62000] hipLaunchKernel: Returned hipSuccess : : duration: 1872 us
:3:hip_error.cpp            :34  : 1257968413391 us: [pid:1860587 tid: 0x7f5dddf62000] [32m hipGetLastError (  ) [0m
:3:hip_error.cpp            :34  : 1257968413392 us: [pid:1860587 tid: 0x7f5dddf62000] [32m hipGetLastError (  ) [0m
:3:hip_device_runtime.cpp   :773 : 1257968413394 us: [pid:1860587 tid: 0x7f5dddf62000] [32m hipSetDevice ( 0 ) [0m
:3:hip_device_runtime.cpp   :778 : 1257968413395 us: [pid:1860587 tid: 0x7f5dddf62000] hipSetDevice: Returned hipSuccess : 
:3:hip_device_runtime.cpp   :773 : 1257968413397 us: [pid:1860587 tid: 0x7f5dddf62000] [32m hipSetDevice ( 0 ) [0m
:3:hip_device_runtime.cpp   :778 : 1257968413398 us: [pid:1860587 tid: 0x7f5dddf62000] hipSetDevice: Returned hipSuccess : 
:3:hip_device_runtime.cpp   :687 : 1257968413407 us: [pid:1860587 tid: 0x7f5dddf62000] [32m hipGetDevice ( 0x7fffb5925004 ) [0m
:3:hip_device_runtime.cpp   :699 : 1257968413408 us: [pid:1860587 tid: 0x7f5dddf62000] hipGetDevice: Returned hipSuccess : 0
:3:hip_device_runtime.cpp   :687 : 1257968413412 us: [pid:1860587 tid: 0x7f5dddf62000] [32m hipGetDevice ( 0x7fffb5924274 ) [0m
:3:hip_device_runtime.cpp   :699 : 1257968414332 us: [pid:1860587 tid: 0x7f5dddf62000] hipGetDevice: Returned hipSuccess : 0
:3:hip_device_runtime.cpp   :687 : 1257968414334 us: [pid:1860587 tid: 0x7f5dddf62000] [32m hipGetDevice ( 0x7fffb5924174 ) [0m
:3:hip_device_runtime.cpp   :699 : 1257968414336 us: [pid:1860587 tid: 0x7f5dddf62000] hipGetDevice: Returned hipSuccess : 0
:3:hip_device_runtime.cpp   :687 : 1257968414337 us: [pid:1860587 tid: 0x7f5dddf62000] [32m hipGetDevice ( 0x7fffb5923e6c ) [0m
:3:hip_device_runtime.cpp   :699 : 1257968414339 us: [pid:1860587 tid: 0x7f5dddf62000] hipGetDevice: Returned hipSuccess : 0
:3:hip_device_runtime.cpp   :773 : 1257968414341 us: [pid:1860587 tid: 0x7f5dddf62000] [32m hipSetDevice ( 0 ) [0m
:3:hip_device_runtime.cpp   :778 : 1257968414342 us: [pid:1860587 tid: 0x7f5dddf62000] hipSetDevice: Returned hipSuccess : 
:3:hip_device_runtime.cpp   :773 : 1257968414343 us: [pid:1860587 tid: 0x7f5dddf62000] [32m hipSetDevice ( 0 ) [0m
:3:hip_device_runtime.cpp   :778 : 1257968414344 us: [pid:1860587 tid: 0x7f5dddf62000] hipSetDevice: Returned hipSuccess : 
:3:hip_device_runtime.cpp   :687 : 1257968414346 us: [pid:1860587 tid: 0x7f5dddf62000] [32m hipGetDevice ( 0x7fffb59241f4 ) [0m
:3:hip_device_runtime.cpp   :699 : 1257968414348 us: [pid:1860587 tid: 0x7f5dddf62000] hipGetDevice: Returned hipSuccess : 0
:3:hip_device_runtime.cpp   :687 : 1257968414349 us: [pid:1860587 tid: 0x7f5dddf62000] [32m hipGetDevice ( 0x7fffb5923abc ) [0m
:3:hip_device_runtime.cpp   :699 : 1257968414350 us: [pid:1860587 tid: 0x7f5dddf62000] hipGetDevice: Returned hipSuccess : 0
:3:hip_platform.cpp         :255 : 1257968414352 us: [pid:1860587 tid: 0x7f5dddf62000] [32m __hipPushCallConfiguration ( {28672,1,1}, {128,1,1}, 0, char array:<null> ) [0m
:3:hip_platform.cpp         :259 : 1257968414354 us: [pid:1860587 tid: 0x7f5dddf62000] __hipPushCallConfiguration: Returned hipSuccess : 
:3:hip_platform.cpp         :264 : 1257968414358 us: [pid:1860587 tid: 0x7f5dddf62000] [32m __hipPopCallConfiguration ( {288,1,3046259624}, {3046260128,32767,1089563137}, 0x7fffb5923ce8, 0x7fffb5923d30 ) [0m
:3:hip_platform.cpp         :273 : 1257968415252 us: [pid:1860587 tid: 0x7f5dddf62000] __hipPopCallConfiguration: Returned hipSuccess : 
:3:hip_module.cpp           :825 : 1257968415254 us: [pid:1860587 tid: 0x7f5dddf62000] [32m hipLaunchKernel ( 0x7f5dc0c7bcb0, {28672,1,1}, {128,1,1}, 0x7fffb5923d00, 0, char array:<null> ) [0m
:4:rocvirtual.cpp           :880 : 1257968415256 us: [pid:1860587 tid: 0x7f5dddf62000] Arg0:   = val:0x1c00000 (size:0x4)
:4:rocvirtual.cpp           :877 : 1257968415261 us: [pid:1860587 tid: 0x7f5dddf62000] Arg1:   = 0x04 00 00 00 04 00 00 00 01 00 00 00 02 00 00 00 02 00 00 00 01 00 00 00 01 00 00 00 00 1c 00 00 25 49 92 24 0d 00 00 00 00 02 00 00 01 00 00 00 09 00 00 00 5d 7f 00 00 01 00 01 00 00 00 00 00 ... (size:0x160)
:3:rocvirtual.cpp           :3501: 1257968415262 us: [pid:1860587 tid: 0x7f5dddf62000] ShaderName : void at::native::elementwise_kernel_manual_unroll<128, 8, at::native::gpu_kernel_impl_nocast<at::native::direct_copy_kernel_cuda(at::TensorIteratorBase&)::{lambda()#3}::operator()() const::{lambda()#1}::operator()() const::{lambda(unsigned char)#1}>(at::TensorIteratorBase&, at::native::direct_copy_kernel_cuda(at::TensorIteratorBase&)::{lambda()#3}::operator()() const::{lambda()#1}::operator()() const::{lambda(unsigned char)#1} const&)::{lambda(int, bool)#1}>(int, at::native::gpu_kernel_impl_nocast<at::native::direct_copy_kernel_cuda(at::TensorIteratorBase&)::{lambda()#3}::operator()() const::{lambda()#1}::operator()() const::{lambda(unsigned char)#1}>(at::TensorIteratorBase&, at::native::direct_copy_kernel_cuda(at::TensorIteratorBase&)::{lambda()#3}::operator()() const::{lambda()#1}::operator()() const::{lambda(unsigned char)#1} const&)::{lambda(int, bool)#1})
:4:rocvirtual.cpp           :1079: 1257968415265 us: [pid:1860587 tid: 0x7f5dddf62000] SWq=0x7f5c9ca4c000, HWq=0x7f53f2600000, id=1, Dispatch Header = 0xb02 (type=2, barrier=1, acquire=1, release=1), setup=3, grid=[3670016, 1, 1], workgroup=[128, 1, 1], private_seg_size=0, group_seg_size=0, kernel_obj=0x7f53f0672f80, kernarg_address=0x7f53f2400000, completion_signal=0x0, correlation_id=0, rptr=46, wptr=46
:4:rocvirtual.cpp           :1457: 1257968415268 us: [pid:1860587 tid: 0x7f5dddf62000] SWq=0x7f5c9ca4c000, HWq=0x7f53f2600000, id=1, BarrierAND Header = 0x1503 (type=3, barrier=1, acquire=2, release=2), dep_signal=[0x0, 0x0, 0x0, 0x0, 0x0], completion_signal=0x7f5bf4bfe980, rptr=47, wptr=47
:4:rocvirtual.cpp           :634 : 1257968415270 us: [pid:1860587 tid: 0x7f5dddf62000] Host wait on completion_signal=0x7f5bf4bfe980
:4:commandqueue.cpp         :227 : 1257968415313 us: [pid:1860587 tid: 0x7f5dddf62000] All commands finished for host queue : 0x563d07675b80
:3:hip_module.cpp           :826 : 1257968416475 us: [pid:1860587 tid: 0x7f5dddf62000] hipLaunchKernel: Returned hipSuccess : : duration: 1221 us
:3:hip_error.cpp            :34  : 1257968416477 us: [pid:1860587 tid: 0x7f5dddf62000] [32m hipGetLastError (  ) [0m
:3:hip_error.cpp            :34  : 1257968416478 us: [pid:1860587 tid: 0x7f5dddf62000] [32m hipGetLastError (  ) [0m
:3:hip_device_runtime.cpp   :773 : 1257968416479 us: [pid:1860587 tid: 0x7f5dddf62000] [32m hipSetDevice ( 0 ) [0m
:3:hip_device_runtime.cpp   :778 : 1257968416481 us: [pid:1860587 tid: 0x7f5dddf62000] hipSetDevice: Returned hipSuccess : 
:3:hip_device_runtime.cpp   :773 : 1257968416482 us: [pid:1860587 tid: 0x7f5dddf62000] [32m hipSetDevice ( 0 ) [0m
:3:hip_device_runtime.cpp   :778 : 1257968416483 us: [pid:1860587 tid: 0x7f5dddf62000] hipSetDevice: Returned hipSuccess : 
:3:hip_device_runtime.cpp   :687 : 1257968416539 us: [pid:1860587 tid: 0x7f5dddf62000] [32m hipGetDevice ( 0x7fffb5924aa4 ) [0m
:3:hip_device_runtime.cpp   :699 : 1257968417568 us: [pid:1860587 tid: 0x7f5dddf62000] hipGetDevice: Returned hipSuccess : 0
:3:hip_device_runtime.cpp   :687 : 1257968417570 us: [pid:1860587 tid: 0x7f5dddf62000] [32m hipGetDevice ( 0x7fffb59249a4 ) [0m
:3:hip_device_runtime.cpp   :699 : 1257968417572 us: [pid:1860587 tid: 0x7f5dddf62000] hipGetDevice: Returned hipSuccess : 0
:3:hip_device_runtime.cpp   :687 : 1257968417573 us: [pid:1860587 tid: 0x7f5dddf62000] [32m hipGetDevice ( 0x7fffb592468c ) [0m
:3:hip_device_runtime.cpp   :699 : 1257968417575 us: [pid:1860587 tid: 0x7f5dddf62000] hipGetDevice: Returned hipSuccess : 0
:3:hip_device_runtime.cpp   :773 : 1257968417577 us: [pid:1860587 tid: 0x7f5dddf62000] [32m hipSetDevice ( 0 ) [0m
:3:hip_device_runtime.cpp   :778 : 1257968417578 us: [pid:1860587 tid: 0x7f5dddf62000] hipSetDevice: Returned hipSuccess : 
:3:hip_device_runtime.cpp   :773 : 1257968417580 us: [pid:1860587 tid: 0x7f5dddf62000] [32m hipSetDevice ( 0 ) [0m
:3:hip_device_runtime.cpp   :778 : 1257968417581 us: [pid:1860587 tid: 0x7f5dddf62000] hipSetDevice: Returned hipSuccess : 
:3:hip_device_runtime.cpp   :687 : 1257968417593 us: [pid:1860587 tid: 0x7f5dddf62000] [32m hipGetDevice ( 0x7fffb5924cb4 ) [0m
:3:hip_device_runtime.cpp   :699 : 1257968418575 us: [pid:1860587 tid: 0x7f5dddf62000] hipGetDevice: Returned hipSuccess : 0
:3:hip_device_runtime.cpp   :687 : 1257968418578 us: [pid:1860587 tid: 0x7f5dddf62000] [32m hipGetDevice ( 0x7fffb5924b44 ) [0m
:3:hip_device_runtime.cpp   :699 : 1257968418580 us: [pid:1860587 tid: 0x7f5dddf62000] hipGetDevice: Returned hipSuccess : 0
:3:hip_device_runtime.cpp   :687 : 1257968418589 us: [pid:1860587 tid: 0x7f5dddf62000] [32m hipGetDevice ( 0x7fffb592425c ) [0m
:3:hip_device_runtime.cpp   :699 : 1257968418590 us: [pid:1860587 tid: 0x7f5dddf62000] hipGetDevice: Returned hipSuccess : 0
:3:hip_device_runtime.cpp   :687 : 1257968418591 us: [pid:1860587 tid: 0x7f5dddf62000] [32m hipGetDevice ( 0x7fffb592429c ) [0m
:3:hip_device_runtime.cpp   :699 : 1257968418592 us: [pid:1860587 tid: 0x7f5dddf62000] hipGetDevice: Returned hipSuccess : 0
:3:hip_platform.cpp         :255 : 1257968418595 us: [pid:1860587 tid: 0x7f5dddf62000] [32m __hipPushCallConfiguration ( {65536,1,1}, {256,1,1}, 0, char array:<null> ) [0m
:3:hip_platform.cpp         :259 : 1257968418596 us: [pid:1860587 tid: 0x7f5dddf62000] __hipPushCallConfiguration: Returned hipSuccess : 
:3:hip_platform.cpp         :264 : 1257968418598 us: [pid:1860587 tid: 0x7f5dddf62000] [32m __hipPopCallConfiguration ( {270241856,22077,270241888}, {3046261936,32767,0}, 0x7fffb59244c8, 0x7fffb59244b8 ) [0m
:3:hip_platform.cpp         :273 : 1257968418605 us: [pid:1860587 tid: 0x7f5dddf62000] __hipPopCallConfiguration: Returned hipSuccess : 
:3:hip_module.cpp           :825 : 1257968418608 us: [pid:1860587 tid: 0x7f5dddf62000] [32m hipLaunchKernel ( 0x7f5dc0c81a80, {65536,1,1}, {256,1,1}, 0x7fffb59244f0, 0, char array:<null> ) [0m
:4:rocvirtual.cpp           :880 : 1257968418615 us: [pid:1860587 tid: 0x7f5dddf62000] Arg0:   = val:0x8000000 (size:0x4)
:4:rocvirtual.cpp           :880 : 1257968418616 us: [pid:1860587 tid: 0x7f5dddf62000] Arg1:   = val:0x0 (size:0x2)
:4:rocvirtual.cpp           :790 : 1257968418618 us: [pid:1860587 tid: 0x7f5dddf62000] Arg2:   = ptr:0x7f1b8f600000 obj:[0x7f1b8da00000-0x7f1ba9a00000]
:3:rocvirtual.cpp           :3501: 1257968418634 us: [pid:1860587 tid: 0x7f5dddf62000] ShaderName : void at::native::vectorized_elementwise_kernel<8, at::native::FillFunctor<c10::BFloat16>, std::array<char*, 1ul> >(int, at::native::FillFunctor<c10::BFloat16>, std::array<char*, 1ul>)
:4:rocvirtual.cpp           :1079: 1257968418638 us: [pid:1860587 tid: 0x7f5dddf62000] SWq=0x7f5c9ca4c000, HWq=0x7f53f2600000, id=1, Dispatch Header = 0xb02 (type=2, barrier=1, acquire=1, release=1), setup=3, grid=[16777216, 1, 1], workgroup=[256, 1, 1], private_seg_size=0, group_seg_size=0, kernel_obj=0x7f53f0c2f6c0, kernarg_address=0x7f53f2400000, completion_signal=0x0, correlation_id=0, rptr=48, wptr=48
:4:rocvirtual.cpp           :1457: 1257968418641 us: [pid:1860587 tid: 0x7f5dddf62000] SWq=0x7f5c9ca4c000, HWq=0x7f53f2600000, id=1, BarrierAND Header = 0x1503 (type=3, barrier=1, acquire=2, release=2), dep_signal=[0x0, 0x0, 0x0, 0x0, 0x0], completion_signal=0x7f5bf4bfe900, rptr=49, wptr=49
:4:rocvirtual.cpp           :634 : 1257968418642 us: [pid:1860587 tid: 0x7f5dddf62000] Host wait on completion_signal=0x7f5bf4bfe900
:4:commandqueue.cpp         :227 : 1257968418687 us: [pid:1860587 tid: 0x7f5dddf62000] All commands finished for host queue : 0x563d07675b80
:3:hip_module.cpp           :826 : 1257968418688 us: [pid:1860587 tid: 0x7f5dddf62000] hipLaunchKernel: Returned hipSuccess : : duration: 80 us
:3:hip_error.cpp            :34  : 1257968418689 us: [pid:1860587 tid: 0x7f5dddf62000] [32m hipGetLastError (  ) [0m
:3:hip_device_runtime.cpp   :773 : 1257968418690 us: [pid:1860587 tid: 0x7f5dddf62000] [32m hipSetDevice ( 0 ) [0m
:3:hip_device_runtime.cpp   :778 : 1257968418691 us: [pid:1860587 tid: 0x7f5dddf62000] hipSetDevice: Returned hipSuccess : 
:3:hip_device_runtime.cpp   :773 : 1257968418693 us: [pid:1860587 tid: 0x7f5dddf62000] [32m hipSetDevice ( 0 ) [0m
:3:hip_device_runtime.cpp   :778 : 1257968418694 us: [pid:1860587 tid: 0x7f5dddf62000] hipSetDevice: Returned hipSuccess : 
R44_OPT_C_repro: tensors built; calling gemm_rcr...
:3:hip_platform.cpp         :255 : 1257968418770 us: [pid:1860587 tid: 0x7f5dddf62000] [32m __hipPushCallConfiguration ( {2048,1,1}, {256,1,1}, 0, char array:<null> ) [0m
:3:hip_platform.cpp         :259 : 1257968418771 us: [pid:1860587 tid: 0x7f5dddf62000] __hipPushCallConfiguration: Returned hipSuccess : 
:3:hip_platform.cpp         :264 : 1257968418773 us: [pid:1860587 tid: 0x7f5dddf62000] [32m __hipPopCallConfiguration ( {3046264664,32767,3046264632}, {4107222318,32603,3046264672}, 0x7fffb5924ee0, 0x7fffb5924ed8 ) [0m
:3:hip_platform.cpp         :273 : 1257968418774 us: [pid:1860587 tid: 0x7f5dddf62000] __hipPopCallConfiguration: Returned hipSuccess : 
:3:hip_module.cpp           :825 : 1257968418777 us: [pid:1860587 tid: 0x7f5dddf62000] [32m hipLaunchKernel ( 0x7f5bf4d0c780, {2048,1,1}, {256,1,1}, 0x7fffb5924ed0, 0, char array:<null> ) [0m
:3:hip_fatbin.cpp           :511 : 1257968418890 us: [pid:1860587 tid: 0x7f5dddf62000] Looking up generic name of : amdgcn-amd-amdhsa--gfx950:sramecc+:xnack- - amdgcn-amd-amdhsa--gfx9-4-generic:sramecc+:xnack-
:3:hip_fatbin.cpp           :537 : 1257968418911 us: [pid:1860587 tid: 0x7f5dddf62000] Device name: amdgcn-amd-amdhsa--gfx950:sramecc+:xnack- Generic name: amdgcn-amd-amdhsa--gfx9-4-generic:sramecc+:xnack-
:3:hip_fatbin.cpp           :542 : 1257968418918 us: [pid:1860587 tid: 0x7f5dddf62000] Using Native code object: gfx950:sramecc+:xnack-
:4:rocvirtual.cpp           :877 : 1257968419743 us: [pid:1860587 tid: 0x7f5dddf62000] Arg0:   = 0x00 00 e0 c5 1b 7f 00 00 01 00 00 00 00 00 00 00 01 00 00 00 00 00 00 00 00 10 00 00 00 00 00 00 00 38 00 00 00 00 00 00 f0 4f 92 b5 ff 7f 00 00 00 00 80 71 1b 7f 00 00 01 00 00 00 00 00 00 00 ... (size:0xf8)
:3:rocvirtual.cpp           :3501: 1257968420581 us: [pid:1860587 tid: 0x7f5dddf62000] ShaderName : mxfp4_gluon_cpp_kernel(gluon_globals)
:4:rocvirtual.cpp           :1079: 1257968420587 us: [pid:1860587 tid: 0x7f5dddf62000] SWq=0x7f5c9ca4c000, HWq=0x7f53f2600000, id=1, Dispatch Header = 0xb02 (type=2, barrier=1, acquire=1, release=1), setup=3, grid=[524288, 1, 1], workgroup=[256, 1, 1], private_seg_size=0, group_seg_size=131072, kernel_obj=0x7f5bf4c80840, kernarg_address=0x7f53f2400000, completion_signal=0x0, correlation_id=0, rptr=50, wptr=50
:4:rocvirtual.cpp           :1457: 1257968420591 us: [pid:1860587 tid: 0x7f5dddf62000] SWq=0x7f5c9ca4c000, HWq=0x7f53f2600000, id=1, BarrierAND Header = 0x1503 (type=3, barrier=1, acquire=2, release=2), dep_signal=[0x0, 0x0, 0x0, 0x0, 0x0], completion_signal=0x7f5bf4bfe880, rptr=51, wptr=51
:4:rocvirtual.cpp           :634 : 1257968420593 us: [pid:1860587 tid: 0x7f5dddf62000] Host wait on completion_signal=0x7f5bf4bfe880
GPU core dump created: gpucore.1860587
VGPU(0x563d0764f1b0) Queue(0x7f5c9ca4c000) is idle
:0:rocdevice.cpp            :3580: 1258005684290 us: [pid:1860587 tid: 0x7f53f31ff640] Callback: Queue 0x7f53f2600000 aborting with error : HSA_STATUS_ERROR_MEMORY_APERTURE_VIOLATION: The agent attempted to access memory beyond the largest legal address. code: 0x29
timeout: the monitored command dumped core
