R44_OPT_C_repro: SO=/shared_nfs/kyle/test/HipKittens/analysis/fp8_gemm/mi350x/build_R43A/tk_mxfp4_gluon_cpp_n32768_k28672_ts_lgk2_gm7_pfoff104_kx28672_btw_all_R43A_p2b_ctrl.cpython-310-x86_64-linux-gnu.so
R44_OPT_C_repro: M=4096 N=32768 K=28672
R44_OPT_C_repro: MOD_NAME=tk_mxfp4_gluon_cpp_n32768_k28672_ts_lgk2_gm7_pfoff104_kx28672_btw_all_R43A_p2b_ctrl
R44_OPT_C_repro: module loaded
:3:rocdevice.cpp            :420 : 1258127454806 us:  Initalizing runtime stack, Enumerated GPU agents = 1
:3:rocdevice.cpp            :187 : 1258127454844 us:  Numa selects cpu agent[1]=0x5566b651f7e0(fine=0x5566b651f9f0,coarse=0x5566b6520530) for gpu agent=0x5566b6d18570 CPU<->GPU XGMI=0
:3:rocsettings.cpp          :277 : 1258127454856 us:  Using dev kernel arg wa = 2
:3:comgrctx.cpp             :127 : 1258127454917 us:  Loaded COMGR library version 3.0.
:3:rocdevice.cpp            :1590: 1258127455098 us:  addressableNumVGPRs=512, totalNumVGPRs=512, vGPRAllocGranule=8, availableRegistersPerCU_=131072
:3:rocdevice.cpp            :1604: 1258127455104 us:  imageSupport=0
:3:rocdevice.cpp            :1635: 1258127455106 us:  Gfx Major/Minor/Stepping: 9/5/0
:3:rocdevice.cpp            :1637: 1258127455108 us:  HMM support: 1, XNACK: 0, Direct host access: 0
:3:rocdevice.cpp            :1639: 1258127455109 us:  Max SDMA Read Mask: 0xffff, Max SDMA Write Mask: 0xffff
:3:hip_context.cpp          :60  : 1258127455784 us:  HIP Version: 7.1.25424.4179531dcd, Direct Dispatch: 1
:3:os_posix.cpp             :961 : 1258127456494 us:  HIP Library Path: /opt/venv/lib/python3.10/site-packages/torch/lib/libamdhip64.so
:3:hip_device_runtime.cpp   :703 : 1258127484270 us:  [32m hipGetDeviceCount ( 0x7ffe3d563080 ) [0m
:3:hip_device_runtime.cpp   :705 : 1258127484277 us:  hipGetDeviceCount: Returned hipSuccess : 
:3:hip_device.cpp           :659 : 1258127484310 us:  [32m hipGetDevicePropertiesR0600 ( 0x5566b7241360, 0 ) [0m
:3:hip_device.cpp           :661 : 1258127485404 us:  hipGetDevicePropertiesR0600: Returned hipSuccess : 
:3:hip_device_runtime.cpp   :703 : 1258127485423 us:  [32m hipGetDeviceCount ( 0x7ffe3d562f2c ) [0m
:3:hip_device_runtime.cpp   :705 : 1258127485424 us:  hipGetDeviceCount: Returned hipSuccess : 
:3:hip_device_runtime.cpp   :703 : 1258127486437 us:  [32m hipGetDeviceCount ( 0x7f600e710ee4 ) [0m
:3:hip_device_runtime.cpp   :705 : 1258127487403 us:  hipGetDeviceCount: Returned hipSuccess : 
:3:hip_device.cpp           :659 : 1258127487407 us:  [32m hipGetDevicePropertiesR0600 ( 0x7ffe3d562b68, 0 ) [0m
:3:hip_device.cpp           :661 : 1258127487408 us:  hipGetDevicePropertiesR0600: Returned hipSuccess : 
:3:hip_device_runtime.cpp   :703 : 1258127487427 us:  [32m hipGetDeviceCount ( 0x7ffe3d56307c ) [0m
:3:hip_device_runtime.cpp   :705 : 1258127488493 us:  hipGetDeviceCount: Returned hipSuccess : 
:3:hip_device_runtime.cpp   :687 : 1258127488514 us:  [32m hipGetDevice ( 0x7ffe3d562c3c ) [0m
:3:hip_device_runtime.cpp   :699 : 1258127488515 us:  hipGetDevice: Returned hipSuccess : 0
:3:hip_context.cpp          :365 : 1258127489753 us:  [32m hipDevicePrimaryCtxGetState ( 0, 0x7ffe3d562c54, 0x7ffe3d562c58 ) [0m
:3:hip_context.cpp          :379 : 1258127490470 us:  hipDevicePrimaryCtxGetState: Returned hipSuccess : 
:3:hip_device_runtime.cpp   :687 : 1258127490478 us:  [32m hipGetDevice ( 0x7ffe3d562c7c ) [0m
:3:hip_device_runtime.cpp   :699 : 1258127490479 us:  hipGetDevice: Returned hipSuccess : 0
:3:hip_context.cpp          :365 : 1258127490481 us:  [32m hipDevicePrimaryCtxGetState ( 0, 0x7ffe3d562c94, 0x7ffe3d562c98 ) [0m
:3:hip_context.cpp          :379 : 1258127490482 us:  hipDevicePrimaryCtxGetState: Returned hipSuccess : 
:3:hip_device_runtime.cpp   :687 : 1258127490488 us:  [32m hipGetDevice ( 0x7ffe3d562e6c ) [0m
:3:hip_device_runtime.cpp   :699 : 1258127490489 us:  hipGetDevice: Returned hipSuccess : 0
:3:hip_context.cpp          :365 : 1258127490490 us:  [32m hipDevicePrimaryCtxGetState ( 0, 0x7ffe3d562e84, 0x7ffe3d562e88 ) [0m
:3:hip_context.cpp          :379 : 1258127490491 us:  hipDevicePrimaryCtxGetState: Returned hipSuccess : 
:3:hip_device_runtime.cpp   :687 : 1258127623385 us:  [32m hipGetDevice ( 0x7ffe3d562bcc ) [0m
:3:hip_device_runtime.cpp   :699 : 1258127623415 us:  hipGetDevice: Returned hipSuccess : 0
:3:hip_context.cpp          :365 : 1258127623435 us:  [32m hipDevicePrimaryCtxGetState ( 0, 0x7ffe3d562be4, 0x7ffe3d562be8 ) [0m
:3:hip_context.cpp          :379 : 1258127623440 us:  hipDevicePrimaryCtxGetState: Returned hipSuccess : 
:3:hip_device_runtime.cpp   :687 : 1258127623576 us:  [32m hipGetDevice ( 0x7ffe3d562a94 ) [0m
:3:hip_device_runtime.cpp   :699 : 1258127624666 us:  hipGetDevice: Returned hipSuccess : 0
:3:hip_device_runtime.cpp   :687 : 1258127624673 us:  [32m hipGetDevice ( 0x7ffe3d562994 ) [0m
:3:hip_device_runtime.cpp   :699 : 1258127624674 us:  hipGetDevice: Returned hipSuccess : 0
:3:hip_device_runtime.cpp   :687 : 1258127624690 us:  [32m hipGetDevice ( 0x7ffe3d56267c ) [0m
:3:hip_device_runtime.cpp   :699 : 1258127625695 us:  hipGetDevice: Returned hipSuccess : 0
:3:hip_stream.cpp           :316 : 1258127625717 us:  [32m hipDeviceGetStreamPriorityRange ( 0x7ffe3d562630, 0x7ffe3d562650 ) [0m
:3:hip_stream.cpp           :324 : 1258127626721 us:  hipDeviceGetStreamPriorityRange: Returned hipSuccess : 
:3:hip_error.cpp            :34  : 1258127626748 us:  [32m hipGetLastError (  ) [0m
:3:hip_device_runtime.cpp   :687 : 1258127627666 us:  [32m hipGetDevice ( 0x7ffe3d561e8c ) [0m
:3:hip_device_runtime.cpp   :699 : 1258127627667 us:  hipGetDevice: Returned hipSuccess : 0
:3:hip_graph.cpp            :1075: 1258127627693 us:  [32m hipStreamIsCapturing ( char array:<null>, 0x7ffe3d5620f0 ) [0m
:3:hip_graph.cpp            :1076: 1258127628673 us:  hipStreamIsCapturing: Returned hipSuccess : 
:3:hip_memory.cpp           :759 : 1258127628691 us:  [32m hipMalloc ( 0x7ffe3d5621d0, 58720256 ) [0m
:3:rocdevice.cpp            :2219: 1258127629809 us:  Device=0x5566b6ee1500, freeMem_ = 0x47fb800000
:3:hip_memory.cpp           :761 : 1258127630709 us:  hipMalloc: Returned hipSuccess : 0x7f1edb800000: duration: 2018 us
:3:hip_device_runtime.cpp   :773 : 1258127630737 us:  [32m hipSetDevice ( 0 ) [0m
:3:hip_device_runtime.cpp   :778 : 1258127631668 us:  hipSetDevice: Returned hipSuccess : 
:3:hip_device_runtime.cpp   :773 : 1258127631671 us:  [32m hipSetDevice ( 0 ) [0m
:3:hip_device_runtime.cpp   :778 : 1258127631673 us:  hipSetDevice: Returned hipSuccess : 
:3:hip_device_runtime.cpp   :687 : 1258127631697 us:  [32m hipGetDevice ( 0x7ffe3d562bd4 ) [0m
:3:hip_device_runtime.cpp   :699 : 1258127632729 us:  hipGetDevice: Returned hipSuccess : 0
:3:hip_device_runtime.cpp   :687 : 1258127632773 us:  [32m hipGetDevice ( 0x7ffe3d5626fc ) [0m
:3:hip_device_runtime.cpp   :699 : 1258127633805 us:  hipGetDevice: Returned hipSuccess : 0
:3:hip_device_runtime.cpp   :687 : 1258127633811 us:  [32m hipGetDevice ( 0x7ffe3d56241c ) [0m
:3:hip_device_runtime.cpp   :699 : 1258127633813 us:  hipGetDevice: Returned hipSuccess : 0
:3:hip_device.cpp           :659 : 1258127633821 us:  [32m hipGetDevicePropertiesR0600 ( 0x7ffe3d561e40, 0 ) [0m
:3:hip_device.cpp           :661 : 1258127633824 us:  hipGetDevicePropertiesR0600: Returned hipSuccess : 
:3:hip_device_runtime.cpp   :687 : 1258127633826 us:  [32m hipGetDevice ( 0x7ffe3d56241c ) [0m
:3:hip_device_runtime.cpp   :699 : 1258127633828 us:  hipGetDevice: Returned hipSuccess : 0
:3:hip_device_runtime.cpp   :687 : 1258127634793 us:  [32m hipGetDevice ( 0x7ffe3d5623cc ) [0m
:3:hip_device_runtime.cpp   :699 : 1258127634795 us:  hipGetDevice: Returned hipSuccess : 0
:3:hip_context.cpp          :365 : 1258127634798 us:  [32m hipDevicePrimaryCtxGetState ( 0, 0x7ffe3d5623e4, 0x7ffe3d5623e8 ) [0m
:3:hip_context.cpp          :379 : 1258127634799 us:  hipDevicePrimaryCtxGetState: Returned hipSuccess : 
:3:hip_device_runtime.cpp   :687 : 1258127634801 us:  [32m hipGetDevice ( 0x7ffe3d5623ac ) [0m
:3:hip_device_runtime.cpp   :699 : 1258127634802 us:  hipGetDevice: Returned hipSuccess : 0
:3:hip_graph.cpp            :1075: 1258127634805 us:  [32m hipStreamIsCapturing ( char array:<null>, 0x7ffe3d5625ec ) [0m
:3:hip_graph.cpp            :1076: 1258127634810 us:  hipStreamIsCapturing: Returned hipSuccess : 
:3:hip_device_runtime.cpp   :687 : 1258127634811 us:  [32m hipGetDevice ( 0x7ffe3d56238c ) [0m
:3:hip_device_runtime.cpp   :699 : 1258127634812 us:  hipGetDevice: Returned hipSuccess : 0
:3:hip_context.cpp          :365 : 1258127634814 us:  [32m hipDevicePrimaryCtxGetState ( 0, 0x7ffe3d5623a4, 0x7ffe3d5623a8 ) [0m
:3:hip_context.cpp          :379 : 1258127634814 us:  hipDevicePrimaryCtxGetState: Returned hipSuccess : 
:3:hip_device_runtime.cpp   :687 : 1258127634816 us:  [32m hipGetDevice ( 0x7ffe3d56236c ) [0m
:3:hip_device_runtime.cpp   :699 : 1258127634819 us:  hipGetDevice: Returned hipSuccess : 0
:3:hip_graph.cpp            :1075: 1258127635765 us:  [32m hipStreamIsCapturing ( char array:<null>, 0x7ffe3d56259c ) [0m
:3:hip_graph.cpp            :1076: 1258127635766 us:  hipStreamIsCapturing: Returned hipSuccess : 
:3:hip_device_runtime.cpp   :687 : 1258127635769 us:  [32m hipGetDevice ( 0x7ffe3d56240c ) [0m
:3:hip_device_runtime.cpp   :699 : 1258127635770 us:  hipGetDevice: Returned hipSuccess : 0
:3:hip_platform.cpp         :255 : 1258127635787 us:  [32m __hipPushCallConfiguration ( {2048,1,1}, {256,1,1}, 0, char array:<null> ) [0m
:3:hip_platform.cpp         :259 : 1258127636967 us:  __hipPushCallConfiguration: Returned hipSuccess : 
:3:hip_platform.cpp         :264 : 1258127636974 us:  [32m __hipPopCallConfiguration ( {1029056632,32766,3508717264}, {2659146408,32608,3072684192}, 0x7ffe3d562640, 0x7ffe3d562638 ) [0m
:3:hip_platform.cpp         :273 : 1258127636976 us:  __hipPopCallConfiguration: Returned hipSuccess : 
:3:hip_module.cpp           :825 : 1258127636995 us:  [32m hipLaunchKernel ( 0x7f60b3e7f998, {2048,1,1}, {256,1,1}, 0x7ffe3d562820, 0, char array:<null> ) [0m
:3:hip_fatbin.cpp           :511 : 1258127638423 us:  Looking up generic name of : amdgcn-amd-amdhsa--gfx950:sramecc+:xnack- - amdgcn-amd-amdhsa--gfx9-4-generic:sramecc+:xnack-
:3:hip_fatbin.cpp           :386 : 1258127640655 us:  Inserting bundle entry of amdgcn-amd-amdhsa--gfx950:sramecc+:xnack- : size: 1203296, data: 0x5566b7427050
:3:hip_fatbin.cpp           :537 : 1258127640673 us:  Device name: amdgcn-amd-amdhsa--gfx950:sramecc+:xnack- Generic name: amdgcn-amd-amdhsa--gfx9-4-generic:sramecc+:xnack-
:3:hip_fatbin.cpp           :542 : 1258127640676 us:  Using Native code object: gfx950:sramecc+:xnack-
:3:rocdevice.cpp            :2864: 1258127650465 us:  Number of allocated hardware queues with low priority: 0, with normal priority: 0, with high priority: 0, maximum per priority is: 4
:3:rocdevice.cpp            :2945: 1258127655353 us:  Created SWq=0x7f5f8a248000 to map on HWq=0x7f56e5a00000 with size 16384 with priority 1, cooperative: 0
:3:rocdevice.cpp            :3039: 1258127655364 us:  acquireQueue refCount: 0x7f56e5a00000 (1)
:3:rocvirtual.cpp           :3501: 1258127727767 us:  ShaderName : void at::native::(anonymous namespace)::distribution_elementwise_grid_stride_kernel<unsigned int, 4, at::native::templates::cuda::random_from_to_kernel<at::CUDAGeneratorImpl*>(at::TensorIteratorBase&, unsigned long, long, at::CUDAGeneratorImpl*)::{lambda()#1}::operator()() const::{lambda()#1}::operator()() const::{lambda(hiprandStatePhilox4_32_10*)#2}, at::native::(anonymous namespace)::distribution_nullary_kernel<unsigned char, unsigned int, HIP_vector_type<unsigned int, 4u>, at::CUDAGeneratorImpl*, at::native::templates::cuda::random_from_to_kernel<at::CUDAGeneratorImpl*>(at::TensorIteratorBase&, unsigned long, long, at::CUDAGeneratorImpl*)::{lambda()#1}::operator()() const::{lambda()#1}::operator()() const::{lambda(hiprandStatePhilox4_32_10*)#2}, at::native::templates::cuda::random_from_to_kernel<at::CUDAGeneratorImpl*>(at::TensorIteratorBase&, unsigned long, long, at::CUDAGeneratorImpl*)::{lambda()#1}::operator()() const::{lambda()#1}::operator()() const::{lambda(unsigned int)#1}>(at::TensorIteratorBase&, at::CUDAGeneratorImpl*, at::native::templates::cuda::random_from_to_kernel<at::CUDAGeneratorImpl*>(at::TensorIteratorBase&, unsigned long, long, at::CUDAGeneratorImpl*)::{lambda()#1}::operator()() const::{lambda()#1}::operator()() const::{lambda(hiprandStatePhilox4_32_10*)#2} const&, at::native::templates::cuda::random_from_to_kernel<at::CUDAGeneratorImpl*>(at::TensorIteratorBase&, unsigned long, long, at::CUDAGeneratorImpl*)::{lambda()#1}::operator()() const::{lambda()#1}::operator()() const::{lambda(unsigned int)#1})::{lambda(int, unsigned int)#1}>(long, at::PhiloxCudaState, at::native::templates::cuda::random_from_to_kernel<at::CUDAGeneratorImpl*>(at::TensorIteratorBase&, unsigned long, long, at::CUDAGeneratorImpl*)::{lambda()#1}::operator()() const::{lambda()#1}::operator()() const::{lambda(hiprandStatePhilox4_32_10*)#2}, at::native::(anonymous namespace)::distribution_nullary_kernel<unsigned char, unsigned int, HIP_vector_type<unsigned int, 4u>, at::CUDAGeneratorImpl*, at::native::templates::cuda::random_from_to_kernel<at::CUDAGeneratorImpl*>(at::TensorIteratorBase&, unsigned long, long, at::CUDAGeneratorImpl*)::{lambda()#1}::operator()() const::{lambda()#1}::operator()() const::{lambda(hiprandStatePhilox4_32_10*)#2}, at::native::templates::cuda::random_from_to_kernel<at::CUDAGeneratorImpl*>(at::TensorIteratorBase&, unsigned long, long, at::CUDAGeneratorImpl*)::{lambda()#1}::operator()() const::{lambda()#1}::operator()() const::{lambda(unsigned int)#1}>(at::TensorIteratorBase&, at::CUDAGeneratorImpl*, at::native::templates::cuda::random_from_to_kernel<at::CUDAGeneratorImpl*>(at::TensorIteratorBase&, unsigned long, long, at::CUDAGeneratorImpl*)::{lambda()#1}::operator()() const::{lambda()#1}::operator()() const::{lambda(hiprandStatePhilox4_32_10*)#2} const&, at::native::templates::cuda::random_from_to_kernel<at::CUDAGeneratorImpl*>(at::TensorIteratorBase&, unsigned long, long, at::CUDAGeneratorImpl*)::{lambda()#1}::operator()() const::{lambda()#1}::operator()() const::{lambda(unsigned int)#1})::{lambda(int, unsigned int)#1})
:3:hip_module.cpp           :826 : 1258127727902 us:  hipLaunchKernel: Returned hipSuccess : : duration: 90907 us
:3:hip_error.cpp            :34  : 1258127729047 us:  [32m hipGetLastError (  ) [0m
:3:hip_device_runtime.cpp   :773 : 1258127729061 us:  [32m hipSetDevice ( 0 ) [0m
:3:hip_device_runtime.cpp   :778 : 1258127729064 us:  hipSetDevice: Returned hipSuccess : 
:3:hip_device_runtime.cpp   :687 : 1258127729216 us:  [32m hipGetDevice ( 0x7ffe3d5630a4 ) [0m
:3:hip_device_runtime.cpp   :699 : 1258127730058 us:  hipGetDevice: Returned hipSuccess : 0
:3:hip_device_runtime.cpp   :687 : 1258127730125 us:  [32m hipGetDevice ( 0x7ffe3d562674 ) [0m
:3:hip_device_runtime.cpp   :699 : 1258127731096 us:  hipGetDevice: Returned hipSuccess : 0
:3:hip_device_runtime.cpp   :687 : 1258127731101 us:  [32m hipGetDevice ( 0x7ffe3d562574 ) [0m
:3:hip_device_runtime.cpp   :699 : 1258127731102 us:  hipGetDevice: Returned hipSuccess : 0
:3:hip_device_runtime.cpp   :687 : 1258127731108 us:  [32m hipGetDevice ( 0x7ffe3d56226c ) [0m
:3:hip_device_runtime.cpp   :699 : 1258127731109 us:  hipGetDevice: Returned hipSuccess : 0
:3:hip_error.cpp            :34  : 1258127731125 us:  [32m hipGetLastError (  ) [0m
:3:hip_device_runtime.cpp   :687 : 1258127732168 us:  [32m hipGetDevice ( 0x7ffe3d561a7c ) [0m
:3:hip_device_runtime.cpp   :699 : 1258127732169 us:  hipGetDevice: Returned hipSuccess : 0
:3:hip_graph.cpp            :1075: 1258127732179 us:  [32m hipStreamIsCapturing ( char array:<null>, 0x7ffe3d561ce0 ) [0m
:3:hip_graph.cpp            :1076: 1258127732182 us:  hipStreamIsCapturing: Returned hipSuccess : 
:3:hip_memory.cpp           :759 : 1258127732188 us:  [32m hipMalloc ( 0x7ffe3d561dc0, 58720256 ) [0m
:3:rocdevice.cpp            :2219: 1258127733201 us:  Device=0x5566b6ee1500, freeMem_ = 0x47f8000000
:3:hip_memory.cpp           :761 : 1258127734139 us:  hipMalloc: Returned hipSuccess : 0x7f1ebd800000: duration: 1951 us
:3:hip_device_runtime.cpp   :773 : 1258127734150 us:  [32m hipSetDevice ( 0 ) [0m
:3:hip_device_runtime.cpp   :778 : 1258127734151 us:  hipSetDevice: Returned hipSuccess : 
:3:hip_device_runtime.cpp   :773 : 1258127734155 us:  [32m hipSetDevice ( 0 ) [0m
:3:hip_device_runtime.cpp   :778 : 1258127734158 us:  hipSetDevice: Returned hipSuccess : 
:3:hip_device_runtime.cpp   :687 : 1258127735233 us:  [32m hipGetDevice ( 0x7ffe3d5627dc ) [0m
:3:hip_device_runtime.cpp   :699 : 1258127735234 us:  hipGetDevice: Returned hipSuccess : 0
:3:hip_device_runtime.cpp   :687 : 1258127735235 us:  [32m hipGetDevice ( 0x7ffe3d56281c ) [0m
:3:hip_device_runtime.cpp   :699 : 1258127735236 us:  hipGetDevice: Returned hipSuccess : 0
:3:hip_platform.cpp         :255 : 1258127735250 us:  [32m __hipPushCallConfiguration ( {14336,1,1}, {256,1,1}, 0, char array:<null> ) [0m
:3:hip_platform.cpp         :259 : 1258127735252 us:  __hipPushCallConfiguration: Returned hipSuccess : 
:3:hip_platform.cpp         :264 : 1258127735257 us:  [32m __hipPopCallConfiguration ( {1029057304,16777726,65538}, {1029057440,32766,67108864}, 0x7ffe3d562a20, 0x7ffe3d562a58 ) [0m
:3:hip_platform.cpp         :273 : 1258127735258 us:  __hipPopCallConfiguration: Returned hipSuccess : 
:3:hip_module.cpp           :825 : 1258127735268 us:  [32m hipLaunchKernel ( 0x7f60b3e79ef0, {14336,1,1}, {256,1,1}, 0x7ffe3d562a80, 0, char array:<null> ) [0m
:3:hip_fatbin.cpp           :511 : 1258127736673 us:  Looking up generic name of : amdgcn-amd-amdhsa--gfx950:sramecc+:xnack- - amdgcn-amd-amdhsa--gfx9-4-generic:sramecc+:xnack-
:3:hip_fatbin.cpp           :386 : 1258127740311 us:  Inserting bundle entry of amdgcn-amd-amdhsa--gfx950:sramecc+:xnack- : size: 3842456, data: 0x5566b87182b0
:3:hip_fatbin.cpp           :537 : 1258127740324 us:  Device name: amdgcn-amd-amdhsa--gfx950:sramecc+:xnack- Generic name: amdgcn-amd-amdhsa--gfx9-4-generic:sramecc+:xnack-
:3:hip_fatbin.cpp           :542 : 1258127740325 us:  Using Native code object: gfx950:sramecc+:xnack-
:3:rocvirtual.cpp           :3501: 1258127748340 us:  ShaderName : void at::native::vectorized_elementwise_kernel<16, at::native::BUnaryFunctor<unsigned char, unsigned char, unsigned char, at::native::lshift_kernel_cuda(at::TensorIteratorBase&)::{lambda()#1}::operator()() const::{lambda()#1}::operator()() const::{lambda(unsigned char, unsigned char)#1}>, std::array<char*, 2ul> >(int, at::native::BUnaryFunctor<unsigned char, unsigned char, unsigned char, at::native::lshift_kernel_cuda(at::TensorIteratorBase&)::{lambda()#1}::operator()() const::{lambda()#1}::operator()() const::{lambda(unsigned char, unsigned char)#1}>, std::array<char*, 2ul>)
:3:hip_module.cpp           :826 : 1258127748390 us:  hipLaunchKernel: Returned hipSuccess : : duration: 13122 us
:3:hip_error.cpp            :34  : 1258127749381 us:  [32m hipGetLastError (  ) [0m
:3:hip_device_runtime.cpp   :773 : 1258127749395 us:  [32m hipSetDevice ( 0 ) [0m
:3:hip_device_runtime.cpp   :778 : 1258127749397 us:  hipSetDevice: Returned hipSuccess : 
:3:hip_device_runtime.cpp   :687 : 1258127749501 us:  [32m hipGetDevice ( 0x7ffe3d562a94 ) [0m
:3:hip_device_runtime.cpp   :699 : 1258127750345 us:  hipGetDevice: Returned hipSuccess : 0
:3:hip_device_runtime.cpp   :687 : 1258127750349 us:  [32m hipGetDevice ( 0x7ffe3d562994 ) [0m
:3:hip_device_runtime.cpp   :699 : 1258127750350 us:  hipGetDevice: Returned hipSuccess : 0
:3:hip_device_runtime.cpp   :687 : 1258127750355 us:  [32m hipGetDevice ( 0x7ffe3d56267c ) [0m
:3:hip_device_runtime.cpp   :699 : 1258127750356 us:  hipGetDevice: Returned hipSuccess : 0
:3:hip_device_runtime.cpp   :773 : 1258127750365 us:  [32m hipSetDevice ( 0 ) [0m
:3:hip_device_runtime.cpp   :778 : 1258127751319 us:  hipSetDevice: Returned hipSuccess : 
:3:hip_device_runtime.cpp   :773 : 1258127751321 us:  [32m hipSetDevice ( 0 ) [0m
:3:hip_device_runtime.cpp   :778 : 1258127751323 us:  hipSetDevice: Returned hipSuccess : 
:3:hip_device_runtime.cpp   :687 : 1258127751326 us:  [32m hipGetDevice ( 0x7ffe3d562bd4 ) [0m
:3:hip_device_runtime.cpp   :699 : 1258127751327 us:  hipGetDevice: Returned hipSuccess : 0
:3:hip_device_runtime.cpp   :687 : 1258127751348 us:  [32m hipGetDevice ( 0x7ffe3d5626fc ) [0m
:3:hip_device_runtime.cpp   :699 : 1258127752252 us:  hipGetDevice: Returned hipSuccess : 0
:3:hip_device_runtime.cpp   :687 : 1258127752258 us:  [32m hipGetDevice ( 0x7ffe3d56241c ) [0m
:3:hip_device_runtime.cpp   :699 : 1258127752259 us:  hipGetDevice: Returned hipSuccess : 0
:3:hip_device_runtime.cpp   :687 : 1258127752260 us:  [32m hipGetDevice ( 0x7ffe3d56241c ) [0m
:3:hip_device_runtime.cpp   :699 : 1258127752261 us:  hipGetDevice: Returned hipSuccess : 0
:3:hip_device_runtime.cpp   :687 : 1258127752263 us:  [32m hipGetDevice ( 0x7ffe3d5623cc ) [0m
:3:hip_device_runtime.cpp   :699 : 1258127752264 us:  hipGetDevice: Returned hipSuccess : 0
:3:hip_context.cpp          :365 : 1258127752272 us:  [32m hipDevicePrimaryCtxGetState ( 0, 0x7ffe3d5623e4, 0x7ffe3d5623e8 ) [0m
:3:hip_context.cpp          :379 : 1258127753216 us:  hipDevicePrimaryCtxGetState: Returned hipSuccess : 
:3:hip_device_runtime.cpp   :687 : 1258127753218 us:  [32m hipGetDevice ( 0x7ffe3d5623ac ) [0m
:3:hip_device_runtime.cpp   :699 : 1258127753219 us:  hipGetDevice: Returned hipSuccess : 0
:3:hip_graph.cpp            :1075: 1258127753225 us:  [32m hipStreamIsCapturing ( char array:<null>, 0x7ffe3d5625ec ) [0m
:3:hip_graph.cpp            :1076: 1258127753227 us:  hipStreamIsCapturing: Returned hipSuccess : 
:3:hip_device_runtime.cpp   :687 : 1258127753229 us:  [32m hipGetDevice ( 0x7ffe3d56238c ) [0m
:3:hip_device_runtime.cpp   :699 : 1258127753230 us:  hipGetDevice: Returned hipSuccess : 0
:3:hip_context.cpp          :365 : 1258127753232 us:  [32m hipDevicePrimaryCtxGetState ( 0, 0x7ffe3d5623a4, 0x7ffe3d5623a8 ) [0m
:3:hip_context.cpp          :379 : 1258127753234 us:  hipDevicePrimaryCtxGetState: Returned hipSuccess : 
:3:hip_device_runtime.cpp   :687 : 1258127754153 us:  [32m hipGetDevice ( 0x7ffe3d56236c ) [0m
:3:hip_device_runtime.cpp   :699 : 1258127754155 us:  hipGetDevice: Returned hipSuccess : 0
:3:hip_graph.cpp            :1075: 1258127754157 us:  [32m hipStreamIsCapturing ( char array:<null>, 0x7ffe3d56259c ) [0m
:3:hip_graph.cpp            :1076: 1258127754158 us:  hipStreamIsCapturing: Returned hipSuccess : 
:3:hip_device_runtime.cpp   :687 : 1258127754160 us:  [32m hipGetDevice ( 0x7ffe3d56240c ) [0m
:3:hip_device_runtime.cpp   :699 : 1258127754161 us:  hipGetDevice: Returned hipSuccess : 0
:3:hip_platform.cpp         :255 : 1258127754168 us:  [32m __hipPushCallConfiguration ( {2048,1,1}, {256,1,1}, 0, char array:<null> ) [0m
:3:hip_platform.cpp         :259 : 1258127754170 us:  __hipPushCallConfiguration: Returned hipSuccess : 
:3:hip_platform.cpp         :264 : 1258127754173 us:  [32m __hipPopCallConfiguration ( {1029056632,32766,3508717264}, {2659146408,32608,3072684192}, 0x7ffe3d562640, 0x7ffe3d562638 ) [0m
:3:hip_platform.cpp         :273 : 1258127754174 us:  __hipPopCallConfiguration: Returned hipSuccess : 
:3:hip_module.cpp           :825 : 1258127754183 us:  [32m hipLaunchKernel ( 0x7f60b3e7f998, {2048,1,1}, {256,1,1}, 0x7ffe3d562820, 0, char array:<null> ) [0m
:3:rocvirtual.cpp           :3501: 1258127755099 us:  ShaderName : void at::native::(anonymous namespace)::distribution_elementwise_grid_stride_kernel<unsigned int, 4, at::native::templates::cuda::random_from_to_kernel<at::CUDAGeneratorImpl*>(at::TensorIteratorBase&, unsigned long, long, at::CUDAGeneratorImpl*)::{lambda()#1}::operator()() const::{lambda()#1}::operator()() const::{lambda(hiprandStatePhilox4_32_10*)#2}, at::native::(anonymous namespace)::distribution_nullary_kernel<unsigned char, unsigned int, HIP_vector_type<unsigned int, 4u>, at::CUDAGeneratorImpl*, at::native::templates::cuda::random_from_to_kernel<at::CUDAGeneratorImpl*>(at::TensorIteratorBase&, unsigned long, long, at::CUDAGeneratorImpl*)::{lambda()#1}::operator()() const::{lambda()#1}::operator()() const::{lambda(hiprandStatePhilox4_32_10*)#2}, at::native::templates::cuda::random_from_to_kernel<at::CUDAGeneratorImpl*>(at::TensorIteratorBase&, unsigned long, long, at::CUDAGeneratorImpl*)::{lambda()#1}::operator()() const::{lambda()#1}::operator()() const::{lambda(unsigned int)#1}>(at::TensorIteratorBase&, at::CUDAGeneratorImpl*, at::native::templates::cuda::random_from_to_kernel<at::CUDAGeneratorImpl*>(at::TensorIteratorBase&, unsigned long, long, at::CUDAGeneratorImpl*)::{lambda()#1}::operator()() const::{lambda()#1}::operator()() const::{lambda(hiprandStatePhilox4_32_10*)#2} const&, at::native::templates::cuda::random_from_to_kernel<at::CUDAGeneratorImpl*>(at::TensorIteratorBase&, unsigned long, long, at::CUDAGeneratorImpl*)::{lambda()#1}::operator()() const::{lambda()#1}::operator()() const::{lambda(unsigned int)#1})::{lambda(int, unsigned int)#1}>(long, at::PhiloxCudaState, at::native::templates::cuda::random_from_to_kernel<at::CUDAGeneratorImpl*>(at::TensorIteratorBase&, unsigned long, long, at::CUDAGeneratorImpl*)::{lambda()#1}::operator()() const::{lambda()#1}::operator()() const::{lambda(hiprandStatePhilox4_32_10*)#2}, at::native::(anonymous namespace)::distribution_nullary_kernel<unsigned char, unsigned int, HIP_vector_type<unsigned int, 4u>, at::CUDAGeneratorImpl*, at::native::templates::cuda::random_from_to_kernel<at::CUDAGeneratorImpl*>(at::TensorIteratorBase&, unsigned long, long, at::CUDAGeneratorImpl*)::{lambda()#1}::operator()() const::{lambda()#1}::operator()() const::{lambda(hiprandStatePhilox4_32_10*)#2}, at::native::templates::cuda::random_from_to_kernel<at::CUDAGeneratorImpl*>(at::TensorIteratorBase&, unsigned long, long, at::CUDAGeneratorImpl*)::{lambda()#1}::operator()() const::{lambda()#1}::operator()() const::{lambda(unsigned int)#1}>(at::TensorIteratorBase&, at::CUDAGeneratorImpl*, at::native::templates::cuda::random_from_to_kernel<at::CUDAGeneratorImpl*>(at::TensorIteratorBase&, unsigned long, long, at::CUDAGeneratorImpl*)::{lambda()#1}::operator()() const::{lambda()#1}::operator()() const::{lambda(hiprandStatePhilox4_32_10*)#2} const&, at::native::templates::cuda::random_from_to_kernel<at::CUDAGeneratorImpl*>(at::TensorIteratorBase&, unsigned long, long, at::CUDAGeneratorImpl*)::{lambda()#1}::operator()() const::{lambda()#1}::operator()() const::{lambda(unsigned int)#1})::{lambda(int, unsigned int)#1})
:3:hip_module.cpp           :826 : 1258127755200 us:  hipLaunchKernel: Returned hipSuccess : : duration: 1017 us
:3:hip_error.cpp            :34  : 1258127756080 us:  [32m hipGetLastError (  ) [0m
:3:hip_device_runtime.cpp   :773 : 1258127756081 us:  [32m hipSetDevice ( 0 ) [0m
:3:hip_device_runtime.cpp   :778 : 1258127756083 us:  hipSetDevice: Returned hipSuccess : 
:3:hip_device_runtime.cpp   :687 : 1258127756161 us:  [32m hipGetDevice ( 0x7ffe3d562a1c ) [0m
:3:hip_device_runtime.cpp   :699 : 1258127757068 us:  hipGetDevice: Returned hipSuccess : 0
:3:hip_device_runtime.cpp   :687 : 1258127757071 us:  [32m hipGetDevice ( 0x7ffe3d5626e4 ) [0m
:3:hip_device_runtime.cpp   :699 : 1258127757072 us:  hipGetDevice: Returned hipSuccess : 0
:3:hip_device_runtime.cpp   :687 : 1258127757073 us:  [32m hipGetDevice ( 0x7ffe3d5623dc ) [0m
:3:hip_device_runtime.cpp   :699 : 1258127757074 us:  hipGetDevice: Returned hipSuccess : 0
:3:hip_error.cpp            :34  : 1258127757081 us:  [32m hipGetLastError (  ) [0m
:3:hip_device_runtime.cpp   :687 : 1258127757082 us:  [32m hipGetDevice ( 0x7ffe3d561bec ) [0m
:3:hip_device_runtime.cpp   :699 : 1258127757084 us:  hipGetDevice: Returned hipSuccess : 0
:3:hip_graph.cpp            :1075: 1258127757085 us:  [32m hipStreamIsCapturing ( char array:<null>, 0x7ffe3d561e50 ) [0m
:3:hip_graph.cpp            :1076: 1258127757088 us:  hipStreamIsCapturing: Returned hipSuccess : 
:3:hip_memory.cpp           :759 : 1258127758059 us:  [32m hipMalloc ( 0x7ffe3d561f30, 58720256 ) [0m
:3:rocdevice.cpp            :2219: 1258127758090 us:  Device=0x5566b6ee1500, freeMem_ = 0x47f4800000
:3:hip_memory.cpp           :761 : 1258127759038 us:  hipMalloc: Returned hipSuccess : 0x7f1eb9e00000: duration: 979 us
:3:hip_device_runtime.cpp   :773 : 1258127759042 us:  [32m hipSetDevice ( 0 ) [0m
:3:hip_device_runtime.cpp   :778 : 1258127759044 us:  hipSetDevice: Returned hipSuccess : 
:3:hip_device_runtime.cpp   :687 : 1258127759056 us:  [32m hipGetDevice ( 0x7ffe3d56260c ) [0m
:3:hip_device_runtime.cpp   :699 : 1258127759993 us:  hipGetDevice: Returned hipSuccess : 0
:3:hip_device_runtime.cpp   :687 : 1258127759995 us:  [32m hipGetDevice ( 0x7ffe3d56264c ) [0m
:3:hip_device_runtime.cpp   :699 : 1258127759996 us:  hipGetDevice: Returned hipSuccess : 0
:3:hip_platform.cpp         :255 : 1258127760002 us:  [32m __hipPushCallConfiguration ( {14336,1,1}, {256,1,1}, 0, char array:<null> ) [0m
:3:hip_platform.cpp         :259 : 1258127760003 us:  __hipPushCallConfiguration: Returned hipSuccess : 
:3:hip_platform.cpp         :264 : 1258127760005 us:  [32m __hipPopCallConfiguration ( {1029057080,32766,2}, {256,0,1029056896}, 0x7ffe3d562878, 0x7ffe3d562868 ) [0m
:3:hip_platform.cpp         :273 : 1258127760006 us:  __hipPopCallConfiguration: Returned hipSuccess : 
:3:hip_module.cpp           :825 : 1258127760008 us:  [32m hipLaunchKernel ( 0x7f60b3e73c30, {14336,1,1}, {256,1,1}, 0x7ffe3d5628b0, 0, char array:<null> ) [0m
:3:hip_fatbin.cpp           :511 : 1258127760441 us:  Looking up generic name of : amdgcn-amd-amdhsa--gfx950:sramecc+:xnack- - amdgcn-amd-amdhsa--gfx9-4-generic:sramecc+:xnack-
:3:hip_fatbin.cpp           :386 : 1258127764378 us:  Inserting bundle entry of amdgcn-amd-amdhsa--gfx950:sramecc+:xnack- : size: 4492016, data: 0x5566bda2ce60
:3:hip_fatbin.cpp           :537 : 1258127764389 us:  Device name: amdgcn-amd-amdhsa--gfx950:sramecc+:xnack- Generic name: amdgcn-amd-amdhsa--gfx9-4-generic:sramecc+:xnack-
:3:hip_fatbin.cpp           :542 : 1258127764391 us:  Using Native code object: gfx950:sramecc+:xnack-
:3:rocvirtual.cpp           :3501: 1258127773634 us:  ShaderName : void at::native::vectorized_elementwise_kernel<16, at::native::BinaryFunctor<unsigned char, unsigned char, unsigned char, at::native::BitwiseOrFunctor<unsigned char> >, std::array<char*, 3ul> >(int, at::native::BinaryFunctor<unsigned char, unsigned char, unsigned char, at::native::BitwiseOrFunctor<unsigned char> >, std::array<char*, 3ul>)
:3:hip_module.cpp           :826 : 1258127773693 us:  hipLaunchKernel: Returned hipSuccess : : duration: 13685 us
:3:hip_error.cpp            :34  : 1258127774659 us:  [32m hipGetLastError (  ) [0m
:3:hip_device_runtime.cpp   :773 : 1258127774665 us:  [32m hipSetDevice ( 0 ) [0m
:3:hip_device_runtime.cpp   :778 : 1258127774667 us:  hipSetDevice: Returned hipSuccess : 
:3:hip_device_runtime.cpp   :687 : 1258127774759 us:  [32m hipGetDevice ( 0x7ffe3d562a94 ) [0m
:3:hip_device_runtime.cpp   :699 : 1258127775667 us:  hipGetDevice: Returned hipSuccess : 0
:3:hip_device_runtime.cpp   :687 : 1258127775670 us:  [32m hipGetDevice ( 0x7ffe3d562994 ) [0m
:3:hip_device_runtime.cpp   :699 : 1258127775671 us:  hipGetDevice: Returned hipSuccess : 0
:3:hip_device_runtime.cpp   :687 : 1258127775676 us:  [32m hipGetDevice ( 0x7ffe3d56267c ) [0m
:3:hip_device_runtime.cpp   :699 : 1258127775677 us:  hipGetDevice: Returned hipSuccess : 0
:3:hip_error.cpp            :34  : 1258127775685 us:  [32m hipGetLastError (  ) [0m
:3:hip_device_runtime.cpp   :687 : 1258127775688 us:  [32m hipGetDevice ( 0x7ffe3d561e8c ) [0m
:3:hip_device_runtime.cpp   :699 : 1258127776654 us:  hipGetDevice: Returned hipSuccess : 0
:3:hip_graph.cpp            :1075: 1258127776660 us:  [32m hipStreamIsCapturing ( char array:<null>, 0x7ffe3d5620f0 ) [0m
:3:hip_graph.cpp            :1076: 1258127776662 us:  hipStreamIsCapturing: Returned hipSuccess : 
:3:hip_memory.cpp           :759 : 1258127776667 us:  [32m hipMalloc ( 0x7ffe3d5621d0, 469762048 ) [0m
:3:rocdevice.cpp            :2219: 1258127776699 us:  Device=0x5566b6ee1500, freeMem_ = 0x47d8800000
:3:hip_memory.cpp           :761 : 1258127777625 us:  hipMalloc: Returned hipSuccess : 0x7f1e9dc00000: duration: 958 us
:3:hip_device_runtime.cpp   :773 : 1258127777633 us:  [32m hipSetDevice ( 0 ) [0m
:3:hip_device_runtime.cpp   :778 : 1258127777634 us:  hipSetDevice: Returned hipSuccess : 
:3:hip_device_runtime.cpp   :773 : 1258127777635 us:  [32m hipSetDevice ( 0 ) [0m
:3:hip_device_runtime.cpp   :778 : 1258127777636 us:  hipSetDevice: Returned hipSuccess : 
:3:hip_device_runtime.cpp   :687 : 1258127777642 us:  [32m hipGetDevice ( 0x7ffe3d562bd4 ) [0m
:3:hip_device_runtime.cpp   :699 : 1258127777644 us:  hipGetDevice: Returned hipSuccess : 0
:3:hip_device_runtime.cpp   :687 : 1258127778616 us:  [32m hipGetDevice ( 0x7ffe3d5626fc ) [0m
:3:hip_device_runtime.cpp   :699 : 1258127778617 us:  hipGetDevice: Returned hipSuccess : 0
:3:hip_device_runtime.cpp   :687 : 1258127778624 us:  [32m hipGetDevice ( 0x7ffe3d56241c ) [0m
:3:hip_device_runtime.cpp   :699 : 1258127779621 us:  hipGetDevice: Returned hipSuccess : 0
:3:hip_device_runtime.cpp   :687 : 1258127779622 us:  [32m hipGetDevice ( 0x7ffe3d56241c ) [0m
:3:hip_device_runtime.cpp   :699 : 1258127779624 us:  hipGetDevice: Returned hipSuccess : 0
:3:hip_device_runtime.cpp   :687 : 1258127779625 us:  [32m hipGetDevice ( 0x7ffe3d5623cc ) [0m
:3:hip_device_runtime.cpp   :699 : 1258127779626 us:  hipGetDevice: Returned hipSuccess : 0
:3:hip_context.cpp          :365 : 1258127779633 us:  [32m hipDevicePrimaryCtxGetState ( 0, 0x7ffe3d5623e4, 0x7ffe3d5623e8 ) [0m
:3:hip_context.cpp          :379 : 1258127779634 us:  hipDevicePrimaryCtxGetState: Returned hipSuccess : 
:3:hip_device_runtime.cpp   :687 : 1258127779636 us:  [32m hipGetDevice ( 0x7ffe3d5623ac ) [0m
:3:hip_device_runtime.cpp   :699 : 1258127779637 us:  hipGetDevice: Returned hipSuccess : 0
:3:hip_graph.cpp            :1075: 1258127779639 us:  [32m hipStreamIsCapturing ( char array:<null>, 0x7ffe3d5625ec ) [0m
:3:hip_graph.cpp            :1076: 1258127779642 us:  hipStreamIsCapturing: Returned hipSuccess : 
:3:hip_device_runtime.cpp   :687 : 1258127780546 us:  [32m hipGetDevice ( 0x7ffe3d56238c ) [0m
:3:hip_device_runtime.cpp   :699 : 1258127780548 us:  hipGetDevice: Returned hipSuccess : 0
:3:hip_context.cpp          :365 : 1258127780549 us:  [32m hipDevicePrimaryCtxGetState ( 0, 0x7ffe3d5623a4, 0x7ffe3d5623a8 ) [0m
:3:hip_context.cpp          :379 : 1258127780550 us:  hipDevicePrimaryCtxGetState: Returned hipSuccess : 
:3:hip_device_runtime.cpp   :687 : 1258127780551 us:  [32m hipGetDevice ( 0x7ffe3d56236c ) [0m
:3:hip_device_runtime.cpp   :699 : 1258127780552 us:  hipGetDevice: Returned hipSuccess : 0
:3:hip_graph.cpp            :1075: 1258127780554 us:  [32m hipStreamIsCapturing ( char array:<null>, 0x7ffe3d56259c ) [0m
:3:hip_graph.cpp            :1076: 1258127780555 us:  hipStreamIsCapturing: Returned hipSuccess : 
:3:hip_device_runtime.cpp   :687 : 1258127780556 us:  [32m hipGetDevice ( 0x7ffe3d56240c ) [0m
:3:hip_device_runtime.cpp   :699 : 1258127780557 us:  hipGetDevice: Returned hipSuccess : 0
:3:hip_platform.cpp         :255 : 1258127780563 us:  [32m __hipPushCallConfiguration ( {2048,1,1}, {256,1,1}, 0, char array:<null> ) [0m
:3:hip_platform.cpp         :259 : 1258127780565 us:  __hipPushCallConfiguration: Returned hipSuccess : 
:3:hip_platform.cpp         :264 : 1258127780568 us:  [32m __hipPopCallConfiguration ( {1029056632,32766,3508717264}, {2659146408,32608,3093809680}, 0x7ffe3d562640, 0x7ffe3d562638 ) [0m
:3:hip_platform.cpp         :273 : 1258127781463 us:  __hipPopCallConfiguration: Returned hipSuccess : 
:3:hip_module.cpp           :825 : 1258127781469 us:  [32m hipLaunchKernel ( 0x7f60b3e7f998, {2048,1,1}, {256,1,1}, 0x7ffe3d562820, 0, char array:<null> ) [0m
:3:rocvirtual.cpp           :3501: 1258127781480 us:  ShaderName : void at::native::(anonymous namespace)::distribution_elementwise_grid_stride_kernel<unsigned int, 4, at::native::templates::cuda::random_from_to_kernel<at::CUDAGeneratorImpl*>(at::TensorIteratorBase&, unsigned long, long, at::CUDAGeneratorImpl*)::{lambda()#1}::operator()() const::{lambda()#1}::operator()() const::{lambda(hiprandStatePhilox4_32_10*)#2}, at::native::(anonymous namespace)::distribution_nullary_kernel<unsigned char, unsigned int, HIP_vector_type<unsigned int, 4u>, at::CUDAGeneratorImpl*, at::native::templates::cuda::random_from_to_kernel<at::CUDAGeneratorImpl*>(at::TensorIteratorBase&, unsigned long, long, at::CUDAGeneratorImpl*)::{lambda()#1}::operator()() const::{lambda()#1}::operator()() const::{lambda(hiprandStatePhilox4_32_10*)#2}, at::native::templates::cuda::random_from_to_kernel<at::CUDAGeneratorImpl*>(at::TensorIteratorBase&, unsigned long, long, at::CUDAGeneratorImpl*)::{lambda()#1}::operator()() const::{lambda()#1}::operator()() const::{lambda(unsigned int)#1}>(at::TensorIteratorBase&, at::CUDAGeneratorImpl*, at::native::templates::cuda::random_from_to_kernel<at::CUDAGeneratorImpl*>(at::TensorIteratorBase&, unsigned long, long, at::CUDAGeneratorImpl*)::{lambda()#1}::operator()() const::{lambda()#1}::operator()() const::{lambda(hiprandStatePhilox4_32_10*)#2} const&, at::native::templates::cuda::random_from_to_kernel<at::CUDAGeneratorImpl*>(at::TensorIteratorBase&, unsigned long, long, at::CUDAGeneratorImpl*)::{lambda()#1}::operator()() const::{lambda()#1}::operator()() const::{lambda(unsigned int)#1})::{lambda(int, unsigned int)#1}>(long, at::PhiloxCudaState, at::native::templates::cuda::random_from_to_kernel<at::CUDAGeneratorImpl*>(at::TensorIteratorBase&, unsigned long, long, at::CUDAGeneratorImpl*)::{lambda()#1}::operator()() const::{lambda()#1}::operator()() const::{lambda(hiprandStatePhilox4_32_10*)#2}, at::native::(anonymous namespace)::distribution_nullary_kernel<unsigned char, unsigned int, HIP_vector_type<unsigned int, 4u>, at::CUDAGeneratorImpl*, at::native::templates::cuda::random_from_to_kernel<at::CUDAGeneratorImpl*>(at::TensorIteratorBase&, unsigned long, long, at::CUDAGeneratorImpl*)::{lambda()#1}::operator()() const::{lambda()#1}::operator()() const::{lambda(hiprandStatePhilox4_32_10*)#2}, at::native::templates::cuda::random_from_to_kernel<at::CUDAGeneratorImpl*>(at::TensorIteratorBase&, unsigned long, long, at::CUDAGeneratorImpl*)::{lambda()#1}::operator()() const::{lambda()#1}::operator()() const::{lambda(unsigned int)#1}>(at::TensorIteratorBase&, at::CUDAGeneratorImpl*, at::native::templates::cuda::random_from_to_kernel<at::CUDAGeneratorImpl*>(at::TensorIteratorBase&, unsigned long, long, at::CUDAGeneratorImpl*)::{lambda()#1}::operator()() const::{lambda()#1}::operator()() const::{lambda(hiprandStatePhilox4_32_10*)#2} const&, at::native::templates::cuda::random_from_to_kernel<at::CUDAGeneratorImpl*>(at::TensorIteratorBase&, unsigned long, long, at::CUDAGeneratorImpl*)::{lambda()#1}::operator()() const::{lambda()#1}::operator()() const::{lambda(unsigned int)#1})::{lambda(int, unsigned int)#1})
:3:hip_module.cpp           :826 : 1258127782102 us:  hipLaunchKernel: Returned hipSuccess : : duration: 633 us
:3:hip_error.cpp            :34  : 1258127782417 us:  [32m hipGetLastError (  ) [0m
:3:hip_device_runtime.cpp   :773 : 1258127782419 us:  [32m hipSetDevice ( 0 ) [0m
:3:hip_device_runtime.cpp   :778 : 1258127782420 us:  hipSetDevice: Returned hipSuccess : 
:3:hip_device_runtime.cpp   :687 : 1258127782441 us:  [32m hipGetDevice ( 0x7ffe3d5630a4 ) [0m
:3:hip_device_runtime.cpp   :699 : 1258127783348 us:  hipGetDevice: Returned hipSuccess : 0
:3:hip_device_runtime.cpp   :687 : 1258127783370 us:  [32m hipGetDevice ( 0x7ffe3d562674 ) [0m
:3:hip_device_runtime.cpp   :699 : 1258127784278 us:  hipGetDevice: Returned hipSuccess : 0
:3:hip_device_runtime.cpp   :687 : 1258127784280 us:  [32m hipGetDevice ( 0x7ffe3d562574 ) [0m
:3:hip_device_runtime.cpp   :699 : 1258127784281 us:  hipGetDevice: Returned hipSuccess : 0
:3:hip_device_runtime.cpp   :687 : 1258127784282 us:  [32m hipGetDevice ( 0x7ffe3d56226c ) [0m
:3:hip_device_runtime.cpp   :699 : 1258127784283 us:  hipGetDevice: Returned hipSuccess : 0
:3:hip_error.cpp            :34  : 1258127784285 us:  [32m hipGetLastError (  ) [0m
:3:hip_device_runtime.cpp   :687 : 1258127784286 us:  [32m hipGetDevice ( 0x7ffe3d561a7c ) [0m
:3:hip_device_runtime.cpp   :699 : 1258127784287 us:  hipGetDevice: Returned hipSuccess : 0
:3:hip_graph.cpp            :1075: 1258127784289 us:  [32m hipStreamIsCapturing ( char array:<null>, 0x7ffe3d561ce0 ) [0m
:3:hip_graph.cpp            :1076: 1258127784290 us:  hipStreamIsCapturing: Returned hipSuccess : 
:3:hip_memory.cpp           :759 : 1258127784291 us:  [32m hipMalloc ( 0x7ffe3d561dc0, 469762048 ) [0m
:3:rocdevice.cpp            :2219: 1258127784310 us:  Device=0x5566b6ee1500, freeMem_ = 0x47bc800000
:3:hip_memory.cpp           :761 : 1258127785283 us:  hipMalloc: Returned hipSuccess : 0x7f1e81a00000: duration: 992 us
:3:hip_device_runtime.cpp   :773 : 1258127785286 us:  [32m hipSetDevice ( 0 ) [0m
:3:hip_device_runtime.cpp   :778 : 1258127785287 us:  hipSetDevice: Returned hipSuccess : 
:3:hip_device_runtime.cpp   :773 : 1258127785288 us:  [32m hipSetDevice ( 0 ) [0m
:3:hip_device_runtime.cpp   :778 : 1258127785289 us:  hipSetDevice: Returned hipSuccess : 
:3:hip_device_runtime.cpp   :687 : 1258127785296 us:  [32m hipGetDevice ( 0x7ffe3d5627dc ) [0m
:3:hip_device_runtime.cpp   :699 : 1258127785297 us:  hipGetDevice: Returned hipSuccess : 0
:3:hip_device_runtime.cpp   :687 : 1258127785298 us:  [32m hipGetDevice ( 0x7ffe3d56281c ) [0m
:3:hip_device_runtime.cpp   :699 : 1258127785300 us:  hipGetDevice: Returned hipSuccess : 0
:3:hip_platform.cpp         :255 : 1258127785306 us:  [32m __hipPushCallConfiguration ( {114688,1,1}, {256,1,1}, 0, char array:<null> ) [0m
:3:hip_platform.cpp         :259 : 1258127786331 us:  __hipPushCallConfiguration: Returned hipSuccess : 
:3:hip_platform.cpp         :264 : 1258127786333 us:  [32m __hipPopCallConfiguration ( {1029057304,16777726,65538}, {1029057440,32766,67108864}, 0x7ffe3d562a20, 0x7ffe3d562a58 ) [0m
:3:hip_platform.cpp         :273 : 1258127786334 us:  __hipPopCallConfiguration: Returned hipSuccess : 
:3:hip_module.cpp           :825 : 1258127786337 us:  [32m hipLaunchKernel ( 0x7f60b3e79ef0, {114688,1,1}, {256,1,1}, 0x7ffe3d562a80, 0, char array:<null> ) [0m
:3:rocvirtual.cpp           :3501: 1258127786341 us:  ShaderName : void at::native::vectorized_elementwise_kernel<16, at::native::BUnaryFunctor<unsigned char, unsigned char, unsigned char, at::native::lshift_kernel_cuda(at::TensorIteratorBase&)::{lambda()#1}::operator()() const::{lambda()#1}::operator()() const::{lambda(unsigned char, unsigned char)#1}>, std::array<char*, 2ul> >(int, at::native::BUnaryFunctor<unsigned char, unsigned char, unsigned char, at::native::lshift_kernel_cuda(at::TensorIteratorBase&)::{lambda()#1}::operator()() const::{lambda()#1}::operator()() const::{lambda(unsigned char, unsigned char)#1}>, std::array<char*, 2ul>)
:3:hip_module.cpp           :826 : 1258127786512 us:  hipLaunchKernel: Returned hipSuccess : : duration: 175 us
:3:hip_error.cpp            :34  : 1258127787327 us:  [32m hipGetLastError (  ) [0m
:3:hip_device_runtime.cpp   :773 : 1258127787330 us:  [32m hipSetDevice ( 0 ) [0m
:3:hip_device_runtime.cpp   :778 : 1258127787331 us:  hipSetDevice: Returned hipSuccess : 
:3:hip_device_runtime.cpp   :687 : 1258127787337 us:  [32m hipGetDevice ( 0x7ffe3d562a94 ) [0m
:3:hip_device_runtime.cpp   :699 : 1258127787338 us:  hipGetDevice: Returned hipSuccess : 0
:3:hip_device_runtime.cpp   :687 : 1258127787340 us:  [32m hipGetDevice ( 0x7ffe3d562994 ) [0m
:3:hip_device_runtime.cpp   :699 : 1258127787341 us:  hipGetDevice: Returned hipSuccess : 0
:3:hip_device_runtime.cpp   :687 : 1258127787342 us:  [32m hipGetDevice ( 0x7ffe3d56267c ) [0m
:3:hip_device_runtime.cpp   :699 : 1258127787343 us:  hipGetDevice: Returned hipSuccess : 0
:3:hip_device_runtime.cpp   :773 : 1258127787345 us:  [32m hipSetDevice ( 0 ) [0m
:3:hip_device_runtime.cpp   :778 : 1258127787346 us:  hipSetDevice: Returned hipSuccess : 
:3:hip_device_runtime.cpp   :773 : 1258127787347 us:  [32m hipSetDevice ( 0 ) [0m
:3:hip_device_runtime.cpp   :778 : 1258127787349 us:  hipSetDevice: Returned hipSuccess : 
:3:hip_device_runtime.cpp   :687 : 1258127788327 us:  [32m hipGetDevice ( 0x7ffe3d562bd4 ) [0m
:3:hip_device_runtime.cpp   :699 : 1258127788328 us:  hipGetDevice: Returned hipSuccess : 0
:3:hip_device_runtime.cpp   :687 : 1258127788330 us:  [32m hipGetDevice ( 0x7ffe3d5626fc ) [0m
:3:hip_device_runtime.cpp   :699 : 1258127788331 us:  hipGetDevice: Returned hipSuccess : 0
:3:hip_device_runtime.cpp   :687 : 1258127788332 us:  [32m hipGetDevice ( 0x7ffe3d56241c ) [0m
:3:hip_device_runtime.cpp   :699 : 1258127788335 us:  hipGetDevice: Returned hipSuccess : 0
:3:hip_device_runtime.cpp   :687 : 1258127788336 us:  [32m hipGetDevice ( 0x7ffe3d56241c ) [0m
:3:hip_device_runtime.cpp   :699 : 1258127788337 us:  hipGetDevice: Returned hipSuccess : 0
:3:hip_device_runtime.cpp   :687 : 1258127788338 us:  [32m hipGetDevice ( 0x7ffe3d5623cc ) [0m
:3:hip_device_runtime.cpp   :699 : 1258127788339 us:  hipGetDevice: Returned hipSuccess : 0
:3:hip_context.cpp          :365 : 1258127788341 us:  [32m hipDevicePrimaryCtxGetState ( 0, 0x7ffe3d5623e4, 0x7ffe3d5623e8 ) [0m
:3:hip_context.cpp          :379 : 1258127788342 us:  hipDevicePrimaryCtxGetState: Returned hipSuccess : 
:3:hip_device_runtime.cpp   :687 : 1258127788343 us:  [32m hipGetDevice ( 0x7ffe3d5623ac ) [0m
:3:hip_device_runtime.cpp   :699 : 1258127788344 us:  hipGetDevice: Returned hipSuccess : 0
:3:hip_graph.cpp            :1075: 1258127788345 us:  [32m hipStreamIsCapturing ( char array:<null>, 0x7ffe3d5625ec ) [0m
:3:hip_graph.cpp            :1076: 1258127788346 us:  hipStreamIsCapturing: Returned hipSuccess : 
:3:hip_device_runtime.cpp   :687 : 1258127788347 us:  [32m hipGetDevice ( 0x7ffe3d56238c ) [0m
:3:hip_device_runtime.cpp   :699 : 1258127788349 us:  hipGetDevice: Returned hipSuccess : 0
:3:hip_context.cpp          :365 : 1258127789301 us:  [32m hipDevicePrimaryCtxGetState ( 0, 0x7ffe3d5623a4, 0x7ffe3d5623a8 ) [0m
:3:hip_context.cpp          :379 : 1258127789302 us:  hipDevicePrimaryCtxGetState: Returned hipSuccess : 
:3:hip_device_runtime.cpp   :687 : 1258127789303 us:  [32m hipGetDevice ( 0x7ffe3d56236c ) [0m
:3:hip_device_runtime.cpp   :699 : 1258127789304 us:  hipGetDevice: Returned hipSuccess : 0
:3:hip_graph.cpp            :1075: 1258127789306 us:  [32m hipStreamIsCapturing ( char array:<null>, 0x7ffe3d56259c ) [0m
:3:hip_graph.cpp            :1076: 1258127789307 us:  hipStreamIsCapturing: Returned hipSuccess : 
:3:hip_device_runtime.cpp   :687 : 1258127789308 us:  [32m hipGetDevice ( 0x7ffe3d56240c ) [0m
:3:hip_device_runtime.cpp   :699 : 1258127789309 us:  hipGetDevice: Returned hipSuccess : 0
:3:hip_platform.cpp         :255 : 1258127789310 us:  [32m __hipPushCallConfiguration ( {2048,1,1}, {256,1,1}, 0, char array:<null> ) [0m
:3:hip_platform.cpp         :259 : 1258127789311 us:  __hipPushCallConfiguration: Returned hipSuccess : 
:3:hip_platform.cpp         :264 : 1258127789313 us:  [32m __hipPopCallConfiguration ( {1029056632,32766,3508717264}, {2659146408,32608,3093809680}, 0x7ffe3d562640, 0x7ffe3d562638 ) [0m
:3:hip_platform.cpp         :273 : 1258127789314 us:  __hipPopCallConfiguration: Returned hipSuccess : 
:3:hip_module.cpp           :825 : 1258127789316 us:  [32m hipLaunchKernel ( 0x7f60b3e7f998, {2048,1,1}, {256,1,1}, 0x7ffe3d562820, 0, char array:<null> ) [0m
:3:rocvirtual.cpp           :3501: 1258127789321 us:  ShaderName : void at::native::(anonymous namespace)::distribution_elementwise_grid_stride_kernel<unsigned int, 4, at::native::templates::cuda::random_from_to_kernel<at::CUDAGeneratorImpl*>(at::TensorIteratorBase&, unsigned long, long, at::CUDAGeneratorImpl*)::{lambda()#1}::operator()() const::{lambda()#1}::operator()() const::{lambda(hiprandStatePhilox4_32_10*)#2}, at::native::(anonymous namespace)::distribution_nullary_kernel<unsigned char, unsigned int, HIP_vector_type<unsigned int, 4u>, at::CUDAGeneratorImpl*, at::native::templates::cuda::random_from_to_kernel<at::CUDAGeneratorImpl*>(at::TensorIteratorBase&, unsigned long, long, at::CUDAGeneratorImpl*)::{lambda()#1}::operator()() const::{lambda()#1}::operator()() const::{lambda(hiprandStatePhilox4_32_10*)#2}, at::native::templates::cuda::random_from_to_kernel<at::CUDAGeneratorImpl*>(at::TensorIteratorBase&, unsigned long, long, at::CUDAGeneratorImpl*)::{lambda()#1}::operator()() const::{lambda()#1}::operator()() const::{lambda(unsigned int)#1}>(at::TensorIteratorBase&, at::CUDAGeneratorImpl*, at::native::templates::cuda::random_from_to_kernel<at::CUDAGeneratorImpl*>(at::TensorIteratorBase&, unsigned long, long, at::CUDAGeneratorImpl*)::{lambda()#1}::operator()() const::{lambda()#1}::operator()() const::{lambda(hiprandStatePhilox4_32_10*)#2} const&, at::native::templates::cuda::random_from_to_kernel<at::CUDAGeneratorImpl*>(at::TensorIteratorBase&, unsigned long, long, at::CUDAGeneratorImpl*)::{lambda()#1}::operator()() const::{lambda()#1}::operator()() const::{lambda(unsigned int)#1})::{lambda(int, unsigned int)#1}>(long, at::PhiloxCudaState, at::native::templates::cuda::random_from_to_kernel<at::CUDAGeneratorImpl*>(at::TensorIteratorBase&, unsigned long, long, at::CUDAGeneratorImpl*)::{lambda()#1}::operator()() const::{lambda()#1}::operator()() const::{lambda(hiprandStatePhilox4_32_10*)#2}, at::native::(anonymous namespace)::distribution_nullary_kernel<unsigned char, unsigned int, HIP_vector_type<unsigned int, 4u>, at::CUDAGeneratorImpl*, at::native::templates::cuda::random_from_to_kernel<at::CUDAGeneratorImpl*>(at::TensorIteratorBase&, unsigned long, long, at::CUDAGeneratorImpl*)::{lambda()#1}::operator()() const::{lambda()#1}::operator()() const::{lambda(hiprandStatePhilox4_32_10*)#2}, at::native::templates::cuda::random_from_to_kernel<at::CUDAGeneratorImpl*>(at::TensorIteratorBase&, unsigned long, long, at::CUDAGeneratorImpl*)::{lambda()#1}::operator()() const::{lambda()#1}::operator()() const::{lambda(unsigned int)#1}>(at::TensorIteratorBase&, at::CUDAGeneratorImpl*, at::native::templates::cuda::random_from_to_kernel<at::CUDAGeneratorImpl*>(at::TensorIteratorBase&, unsigned long, long, at::CUDAGeneratorImpl*)::{lambda()#1}::operator()() const::{lambda()#1}::operator()() const::{lambda(hiprandStatePhilox4_32_10*)#2} const&, at::native::templates::cuda::random_from_to_kernel<at::CUDAGeneratorImpl*>(at::TensorIteratorBase&, unsigned long, long, at::CUDAGeneratorImpl*)::{lambda()#1}::operator()() const::{lambda()#1}::operator()() const::{lambda(unsigned int)#1})::{lambda(int, unsigned int)#1})
:3:hip_module.cpp           :826 : 1258127791106 us:  hipLaunchKernel: Returned hipSuccess : : duration: 1790 us
:3:hip_error.cpp            :34  : 1258127791505 us:  [32m hipGetLastError (  ) [0m
:3:hip_device_runtime.cpp   :773 : 1258127791507 us:  [32m hipSetDevice ( 0 ) [0m
:3:hip_device_runtime.cpp   :778 : 1258127791508 us:  hipSetDevice: Returned hipSuccess : 
:3:hip_device_runtime.cpp   :687 : 1258127791520 us:  [32m hipGetDevice ( 0x7ffe3d562a1c ) [0m
:3:hip_device_runtime.cpp   :699 : 1258127791521 us:  hipGetDevice: Returned hipSuccess : 0
:3:hip_device_runtime.cpp   :687 : 1258127791523 us:  [32m hipGetDevice ( 0x7ffe3d5626e4 ) [0m
:3:hip_device_runtime.cpp   :699 : 1258127791525 us:  hipGetDevice: Returned hipSuccess : 0
:3:hip_device_runtime.cpp   :687 : 1258127792503 us:  [32m hipGetDevice ( 0x7ffe3d5623dc ) [0m
:3:hip_device_runtime.cpp   :699 : 1258127792505 us:  hipGetDevice: Returned hipSuccess : 0
:3:hip_error.cpp            :34  : 1258127792506 us:  [32m hipGetLastError (  ) [0m
:3:hip_device_runtime.cpp   :687 : 1258127792507 us:  [32m hipGetDevice ( 0x7ffe3d561bec ) [0m
:3:hip_device_runtime.cpp   :699 : 1258127792508 us:  hipGetDevice: Returned hipSuccess : 0
:3:hip_graph.cpp            :1075: 1258127792510 us:  [32m hipStreamIsCapturing ( char array:<null>, 0x7ffe3d561e50 ) [0m
:3:hip_graph.cpp            :1076: 1258127792511 us:  hipStreamIsCapturing: Returned hipSuccess : 
:3:hip_memory.cpp           :759 : 1258127792512 us:  [32m hipMalloc ( 0x7ffe3d561f30, 469762048 ) [0m
:3:rocdevice.cpp            :2219: 1258127792535 us:  Device=0x5566b6ee1500, freeMem_ = 0x47a0800000
:3:hip_memory.cpp           :761 : 1258127793864 us:  hipMalloc: Returned hipSuccess : 0x7f1e65800000: duration: 1352 us
:3:hip_device_runtime.cpp   :773 : 1258127793867 us:  [32m hipSetDevice ( 0 ) [0m
:3:hip_device_runtime.cpp   :778 : 1258127793868 us:  hipSetDevice: Returned hipSuccess : 
:3:hip_device_runtime.cpp   :687 : 1258127793874 us:  [32m hipGetDevice ( 0x7ffe3d56260c ) [0m
:3:hip_device_runtime.cpp   :699 : 1258127793875 us:  hipGetDevice: Returned hipSuccess : 0
:3:hip_device_runtime.cpp   :687 : 1258127793877 us:  [32m hipGetDevice ( 0x7ffe3d56264c ) [0m
:3:hip_device_runtime.cpp   :699 : 1258127793879 us:  hipGetDevice: Returned hipSuccess : 0
:3:hip_platform.cpp         :255 : 1258127793882 us:  [32m __hipPushCallConfiguration ( {114688,1,1}, {256,1,1}, 0, char array:<null> ) [0m
:3:hip_platform.cpp         :259 : 1258127793883 us:  __hipPushCallConfiguration: Returned hipSuccess : 
:3:hip_platform.cpp         :264 : 1258127793886 us:  [32m __hipPopCallConfiguration ( {1029057080,32766,2}, {256,0,1029056896}, 0x7ffe3d562878, 0x7ffe3d562868 ) [0m
:3:hip_platform.cpp         :273 : 1258127794849 us:  __hipPopCallConfiguration: Returned hipSuccess : 
:3:hip_module.cpp           :825 : 1258127794852 us:  [32m hipLaunchKernel ( 0x7f60b3e73c30, {114688,1,1}, {256,1,1}, 0x7ffe3d5628b0, 0, char array:<null> ) [0m
:3:rocvirtual.cpp           :3501: 1258127794855 us:  ShaderName : void at::native::vectorized_elementwise_kernel<16, at::native::BinaryFunctor<unsigned char, unsigned char, unsigned char, at::native::BitwiseOrFunctor<unsigned char> >, std::array<char*, 3ul> >(int, at::native::BinaryFunctor<unsigned char, unsigned char, unsigned char, at::native::BitwiseOrFunctor<unsigned char> >, std::array<char*, 3ul>)
:3:hip_module.cpp           :826 : 1258127795128 us:  hipLaunchKernel: Returned hipSuccess : : duration: 276 us
:3:hip_error.cpp            :34  : 1258127795991 us:  [32m hipGetLastError (  ) [0m
:3:hip_device_runtime.cpp   :773 : 1258127795992 us:  [32m hipSetDevice ( 0 ) [0m
:3:hip_device_runtime.cpp   :778 : 1258127795994 us:  hipSetDevice: Returned hipSuccess : 
:3:hip_device_runtime.cpp   :687 : 1258127796002 us:  [32m hipGetDevice ( 0x7ffe3d562c74 ) [0m
:3:hip_device_runtime.cpp   :699 : 1258127796004 us:  hipGetDevice: Returned hipSuccess : 0
:3:hip_device_runtime.cpp   :687 : 1258127796005 us:  [32m hipGetDevice ( 0x7ffe3d562b74 ) [0m
:3:hip_device_runtime.cpp   :699 : 1258127796006 us:  hipGetDevice: Returned hipSuccess : 0
:3:hip_device_runtime.cpp   :687 : 1258127796007 us:  [32m hipGetDevice ( 0x7ffe3d56285c ) [0m
:3:hip_device_runtime.cpp   :699 : 1258127796008 us:  hipGetDevice: Returned hipSuccess : 0
:3:hip_device_runtime.cpp   :773 : 1258127796010 us:  [32m hipSetDevice ( 0 ) [0m
:3:hip_device_runtime.cpp   :778 : 1258127796012 us:  hipSetDevice: Returned hipSuccess : 
:3:hip_device_runtime.cpp   :773 : 1258127797092 us:  [32m hipSetDevice ( 0 ) [0m
:3:hip_device_runtime.cpp   :778 : 1258127797094 us:  hipSetDevice: Returned hipSuccess : 
:3:hip_device_runtime.cpp   :687 : 1258127797095 us:  [32m hipGetDevice ( 0x7ffe3d562db4 ) [0m
:3:hip_device_runtime.cpp   :699 : 1258127797096 us:  hipGetDevice: Returned hipSuccess : 0
:3:hip_device_runtime.cpp   :687 : 1258127797098 us:  [32m hipGetDevice ( 0x7ffe3d5628dc ) [0m
:3:hip_device_runtime.cpp   :699 : 1258127797099 us:  hipGetDevice: Returned hipSuccess : 0
:3:hip_device_runtime.cpp   :687 : 1258127797101 us:  [32m hipGetDevice ( 0x7ffe3d5625fc ) [0m
:3:hip_device_runtime.cpp   :699 : 1258127797102 us:  hipGetDevice: Returned hipSuccess : 0
:3:hip_device_runtime.cpp   :687 : 1258127797103 us:  [32m hipGetDevice ( 0x7ffe3d5625fc ) [0m
:3:hip_device_runtime.cpp   :699 : 1258127797104 us:  hipGetDevice: Returned hipSuccess : 0
:3:hip_device_runtime.cpp   :687 : 1258127797105 us:  [32m hipGetDevice ( 0x7ffe3d5625ac ) [0m
:3:hip_device_runtime.cpp   :699 : 1258127797106 us:  hipGetDevice: Returned hipSuccess : 0
:3:hip_context.cpp          :365 : 1258127797108 us:  [32m hipDevicePrimaryCtxGetState ( 0, 0x7ffe3d5625c4, 0x7ffe3d5625c8 ) [0m
:3:hip_context.cpp          :379 : 1258127797109 us:  hipDevicePrimaryCtxGetState: Returned hipSuccess : 
:3:hip_device_runtime.cpp   :687 : 1258127797110 us:  [32m hipGetDevice ( 0x7ffe3d56258c ) [0m
:3:hip_device_runtime.cpp   :699 : 1258127797111 us:  hipGetDevice: Returned hipSuccess : 0
:3:hip_graph.cpp            :1075: 1258127797112 us:  [32m hipStreamIsCapturing ( char array:<null>, 0x7ffe3d5627cc ) [0m
:3:hip_graph.cpp            :1076: 1258127797113 us:  hipStreamIsCapturing: Returned hipSuccess : 
:3:hip_device_runtime.cpp   :687 : 1258127797118 us:  [32m hipGetDevice ( 0x7ffe3d56256c ) [0m
:3:hip_device_runtime.cpp   :699 : 1258127797120 us:  hipGetDevice: Returned hipSuccess : 0
:3:hip_context.cpp          :365 : 1258127797121 us:  [32m hipDevicePrimaryCtxGetState ( 0, 0x7ffe3d562584, 0x7ffe3d562588 ) [0m
:3:hip_context.cpp          :379 : 1258127797122 us:  hipDevicePrimaryCtxGetState: Returned hipSuccess : 
:3:hip_device_runtime.cpp   :687 : 1258127797123 us:  [32m hipGetDevice ( 0x7ffe3d56254c ) [0m
:3:hip_device_runtime.cpp   :699 : 1258127797124 us:  hipGetDevice: Returned hipSuccess : 0
:3:hip_graph.cpp            :1075: 1258127797126 us:  [32m hipStreamIsCapturing ( char array:<null>, 0x7ffe3d56277c ) [0m
:3:hip_graph.cpp            :1076: 1258127797127 us:  hipStreamIsCapturing: Returned hipSuccess : 
:3:hip_device_runtime.cpp   :687 : 1258127797128 us:  [32m hipGetDevice ( 0x7ffe3d5625ec ) [0m
:3:hip_device_runtime.cpp   :699 : 1258127797129 us:  hipGetDevice: Returned hipSuccess : 0
:3:hip_platform.cpp         :255 : 1258127797131 us:  [32m __hipPushCallConfiguration ( {2048,1,1}, {256,1,1}, 0, char array:<null> ) [0m
:3:hip_platform.cpp         :259 : 1258127797132 us:  __hipPushCallConfiguration: Returned hipSuccess : 
:3:hip_platform.cpp         :264 : 1258127797134 us:  [32m __hipPopCallConfiguration ( {1029057112,32766,3508717264}, {2659146408,32608,3093813344}, 0x7ffe3d562820, 0x7ffe3d562818 ) [0m
:3:hip_platform.cpp         :273 : 1258127797135 us:  __hipPopCallConfiguration: Returned hipSuccess : 
:3:hip_module.cpp           :825 : 1258127797137 us:  [32m hipLaunchKernel ( 0x7f60b3e7f9b8, {2048,1,1}, {256,1,1}, 0x7ffe3d562a00, 0, char array:<null> ) [0m
:3:rocvirtual.cpp           :3501: 1258127797168 us:  ShaderName : void at::native::(anonymous namespace)::distribution_elementwise_grid_stride_kernel<unsigned int, 4, at::native::templates::cuda::random_from_to_kernel<at::CUDAGeneratorImpl*>(at::TensorIteratorBase&, unsigned long, long, at::CUDAGeneratorImpl*)::{lambda()#1}::operator()() const::{lambda()#2}::operator()() const::{lambda(hiprandStatePhilox4_32_10*)#2}, at::native::(anonymous namespace)::distribution_nullary_kernel<signed char, unsigned int, HIP_vector_type<unsigned int, 4u>, at::CUDAGeneratorImpl*, at::native::templates::cuda::random_from_to_kernel<at::CUDAGeneratorImpl*>(at::TensorIteratorBase&, unsigned long, long, at::CUDAGeneratorImpl*)::{lambda()#1}::operator()() const::{lambda()#2}::operator()() const::{lambda(hiprandStatePhilox4_32_10*)#2}, at::native::templates::cuda::random_from_to_kernel<at::CUDAGeneratorImpl*>(at::TensorIteratorBase&, unsigned long, long, at::CUDAGeneratorImpl*)::{lambda()#1}::operator()() const::{lambda()#2}::operator()() const::{lambda(unsigned int)#1}>(at::TensorIteratorBase&, at::CUDAGeneratorImpl*, at::native::templates::cuda::random_from_to_kernel<at::CUDAGeneratorImpl*>(at::TensorIteratorBase&, unsigned long, long, at::CUDAGeneratorImpl*)::{lambda()#1}::operator()() const::{lambda()#2}::operator()() const::{lambda(hiprandStatePhilox4_32_10*)#2} const&, at::native::templates::cuda::random_from_to_kernel<at::CUDAGeneratorImpl*>(at::TensorIteratorBase&, unsigned long, long, at::CUDAGeneratorImpl*)::{lambda()#1}::operator()() const::{lambda()#2}::operator()() const::{lambda(unsigned int)#1})::{lambda(int, unsigned int)#1}>(long, at::PhiloxCudaState, at::native::templates::cuda::random_from_to_kernel<at::CUDAGeneratorImpl*>(at::TensorIteratorBase&, unsigned long, long, at::CUDAGeneratorImpl*)::{lambda()#1}::operator()() const::{lambda()#2}::operator()() const::{lambda(hiprandStatePhilox4_32_10*)#2}, at::native::(anonymous namespace)::distribution_nullary_kernel<signed char, unsigned int, HIP_vector_type<unsigned int, 4u>, at::CUDAGeneratorImpl*, at::native::templates::cuda::random_from_to_kernel<at::CUDAGeneratorImpl*>(at::TensorIteratorBase&, unsigned long, long, at::CUDAGeneratorImpl*)::{lambda()#1}::operator()() const::{lambda()#2}::operator()() const::{lambda(hiprandStatePhilox4_32_10*)#2}, at::native::templates::cuda::random_from_to_kernel<at::CUDAGeneratorImpl*>(at::TensorIteratorBase&, unsigned long, long, at::CUDAGeneratorImpl*)::{lambda()#1}::operator()() const::{lambda()#2}::operator()() const::{lambda(unsigned int)#1}>(at::TensorIteratorBase&, at::CUDAGeneratorImpl*, at::native::templates::cuda::random_from_to_kernel<at::CUDAGeneratorImpl*>(at::TensorIteratorBase&, unsigned long, long, at::CUDAGeneratorImpl*)::{lambda()#1}::operator()() const::{lambda()#2}::operator()() const::{lambda(hiprandStatePhilox4_32_10*)#2} const&, at::native::templates::cuda::random_from_to_kernel<at::CUDAGeneratorImpl*>(at::TensorIteratorBase&, unsigned long, long, at::CUDAGeneratorImpl*)::{lambda()#1}::operator()() const::{lambda()#2}::operator()() const::{lambda(unsigned int)#1})::{lambda(int, unsigned int)#1})
:3:hip_module.cpp           :826 : 1258127797195 us:  hipLaunchKernel: Returned hipSuccess : : duration: 58 us
:3:hip_error.cpp            :34  : 1258127797196 us:  [32m hipGetLastError (  ) [0m
:3:hip_device_runtime.cpp   :773 : 1258127797198 us:  [32m hipSetDevice ( 0 ) [0m
:3:hip_device_runtime.cpp   :778 : 1258127797199 us:  hipSetDevice: Returned hipSuccess : 
:3:hip_device_runtime.cpp   :687 : 1258127797202 us:  [32m hipGetDevice ( 0x7ffe3d562c74 ) [0m
:3:hip_device_runtime.cpp   :699 : 1258127797203 us:  hipGetDevice: Returned hipSuccess : 0
:3:hip_device_runtime.cpp   :687 : 1258127797204 us:  [32m hipGetDevice ( 0x7ffe3d562b74 ) [0m
:3:hip_device_runtime.cpp   :699 : 1258127797205 us:  hipGetDevice: Returned hipSuccess : 0
:3:hip_device_runtime.cpp   :687 : 1258127797206 us:  [32m hipGetDevice ( 0x7ffe3d56285c ) [0m
:3:hip_device_runtime.cpp   :699 : 1258127797207 us:  hipGetDevice: Returned hipSuccess : 0
:3:hip_device_runtime.cpp   :773 : 1258127797209 us:  [32m hipSetDevice ( 0 ) [0m
:3:hip_device_runtime.cpp   :778 : 1258127797210 us:  hipSetDevice: Returned hipSuccess : 
:3:hip_device_runtime.cpp   :773 : 1258127797211 us:  [32m hipSetDevice ( 0 ) [0m
:3:hip_device_runtime.cpp   :778 : 1258127797211 us:  hipSetDevice: Returned hipSuccess : 
:3:hip_device_runtime.cpp   :687 : 1258127797212 us:  [32m hipGetDevice ( 0x7ffe3d562db4 ) [0m
:3:hip_device_runtime.cpp   :699 : 1258127797213 us:  hipGetDevice: Returned hipSuccess : 0
:3:hip_device_runtime.cpp   :687 : 1258127797215 us:  [32m hipGetDevice ( 0x7ffe3d5628dc ) [0m
:3:hip_device_runtime.cpp   :699 : 1258127797216 us:  hipGetDevice: Returned hipSuccess : 0
:3:hip_device_runtime.cpp   :687 : 1258127797217 us:  [32m hipGetDevice ( 0x7ffe3d5625fc ) [0m
:3:hip_device_runtime.cpp   :699 : 1258127797218 us:  hipGetDevice: Returned hipSuccess : 0
:3:hip_device_runtime.cpp   :687 : 1258127797219 us:  [32m hipGetDevice ( 0x7ffe3d5625fc ) [0m
:3:hip_device_runtime.cpp   :699 : 1258127797219 us:  hipGetDevice: Returned hipSuccess : 0
:3:hip_device_runtime.cpp   :687 : 1258127797221 us:  [32m hipGetDevice ( 0x7ffe3d5625ac ) [0m
:3:hip_device_runtime.cpp   :699 : 1258127797221 us:  hipGetDevice: Returned hipSuccess : 0
:3:hip_context.cpp          :365 : 1258127797223 us:  [32m hipDevicePrimaryCtxGetState ( 0, 0x7ffe3d5625c4, 0x7ffe3d5625c8 ) [0m
:3:hip_context.cpp          :379 : 1258127797224 us:  hipDevicePrimaryCtxGetState: Returned hipSuccess : 
:3:hip_device_runtime.cpp   :687 : 1258127797225 us:  [32m hipGetDevice ( 0x7ffe3d56258c ) [0m
:3:hip_device_runtime.cpp   :699 : 1258127797226 us:  hipGetDevice: Returned hipSuccess : 0
:3:hip_graph.cpp            :1075: 1258127797227 us:  [32m hipStreamIsCapturing ( char array:<null>, 0x7ffe3d5627cc ) [0m
:3:hip_graph.cpp            :1076: 1258127797228 us:  hipStreamIsCapturing: Returned hipSuccess : 
:3:hip_device_runtime.cpp   :687 : 1258127797229 us:  [32m hipGetDevice ( 0x7ffe3d56256c ) [0m
:3:hip_device_runtime.cpp   :699 : 1258127797230 us:  hipGetDevice: Returned hipSuccess : 0
:3:hip_context.cpp          :365 : 1258127797231 us:  [32m hipDevicePrimaryCtxGetState ( 0, 0x7ffe3d562584, 0x7ffe3d562588 ) [0m
:3:hip_context.cpp          :379 : 1258127797232 us:  hipDevicePrimaryCtxGetState: Returned hipSuccess : 
:3:hip_device_runtime.cpp   :687 : 1258127797235 us:  [32m hipGetDevice ( 0x7ffe3d56254c ) [0m
:3:hip_device_runtime.cpp   :699 : 1258127797236 us:  hipGetDevice: Returned hipSuccess : 0
:3:hip_graph.cpp            :1075: 1258127797237 us:  [32m hipStreamIsCapturing ( char array:<null>, 0x7ffe3d56277c ) [0m
:3:hip_graph.cpp            :1076: 1258127797238 us:  hipStreamIsCapturing: Returned hipSuccess : 
:3:hip_device_runtime.cpp   :687 : 1258127797239 us:  [32m hipGetDevice ( 0x7ffe3d5625ec ) [0m
:3:hip_device_runtime.cpp   :699 : 1258127797240 us:  hipGetDevice: Returned hipSuccess : 0
:3:hip_platform.cpp         :255 : 1258127797241 us:  [32m __hipPushCallConfiguration ( {2048,1,1}, {256,1,1}, 0, char array:<null> ) [0m
:3:hip_platform.cpp         :259 : 1258127797242 us:  __hipPushCallConfiguration: Returned hipSuccess : 
:3:hip_platform.cpp         :264 : 1258127797244 us:  [32m __hipPopCallConfiguration ( {1029057112,32766,3508717264}, {2659146408,32608,3093815280}, 0x7ffe3d562820, 0x7ffe3d562818 ) [0m
:3:hip_platform.cpp         :273 : 1258127797245 us:  __hipPopCallConfiguration: Returned hipSuccess : 
:3:hip_module.cpp           :825 : 1258127797247 us:  [32m hipLaunchKernel ( 0x7f60b3e7f9b8, {2048,1,1}, {256,1,1}, 0x7ffe3d562a00, 0, char array:<null> ) [0m
:3:rocvirtual.cpp           :3501: 1258127797251 us:  ShaderName : void at::native::(anonymous namespace)::distribution_elementwise_grid_stride_kernel<unsigned int, 4, at::native::templates::cuda::random_from_to_kernel<at::CUDAGeneratorImpl*>(at::TensorIteratorBase&, unsigned long, long, at::CUDAGeneratorImpl*)::{lambda()#1}::operator()() const::{lambda()#2}::operator()() const::{lambda(hiprandStatePhilox4_32_10*)#2}, at::native::(anonymous namespace)::distribution_nullary_kernel<signed char, unsigned int, HIP_vector_type<unsigned int, 4u>, at::CUDAGeneratorImpl*, at::native::templates::cuda::random_from_to_kernel<at::CUDAGeneratorImpl*>(at::TensorIteratorBase&, unsigned long, long, at::CUDAGeneratorImpl*)::{lambda()#1}::operator()() const::{lambda()#2}::operator()() const::{lambda(hiprandStatePhilox4_32_10*)#2}, at::native::templates::cuda::random_from_to_kernel<at::CUDAGeneratorImpl*>(at::TensorIteratorBase&, unsigned long, long, at::CUDAGeneratorImpl*)::{lambda()#1}::operator()() const::{lambda()#2}::operator()() const::{lambda(unsigned int)#1}>(at::TensorIteratorBase&, at::CUDAGeneratorImpl*, at::native::templates::cuda::random_from_to_kernel<at::CUDAGeneratorImpl*>(at::TensorIteratorBase&, unsigned long, long, at::CUDAGeneratorImpl*)::{lambda()#1}::operator()() const::{lambda()#2}::operator()() const::{lambda(hiprandStatePhilox4_32_10*)#2} const&, at::native::templates::cuda::random_from_to_kernel<at::CUDAGeneratorImpl*>(at::TensorIteratorBase&, unsigned long, long, at::CUDAGeneratorImpl*)::{lambda()#1}::operator()() const::{lambda()#2}::operator()() const::{lambda(unsigned int)#1})::{lambda(int, unsigned int)#1}>(long, at::PhiloxCudaState, at::native::templates::cuda::random_from_to_kernel<at::CUDAGeneratorImpl*>(at::TensorIteratorBase&, unsigned long, long, at::CUDAGeneratorImpl*)::{lambda()#1}::operator()() const::{lambda()#2}::operator()() const::{lambda(hiprandStatePhilox4_32_10*)#2}, at::native::(anonymous namespace)::distribution_nullary_kernel<signed char, unsigned int, HIP_vector_type<unsigned int, 4u>, at::CUDAGeneratorImpl*, at::native::templates::cuda::random_from_to_kernel<at::CUDAGeneratorImpl*>(at::TensorIteratorBase&, unsigned long, long, at::CUDAGeneratorImpl*)::{lambda()#1}::operator()() const::{lambda()#2}::operator()() const::{lambda(hiprandStatePhilox4_32_10*)#2}, at::native::templates::cuda::random_from_to_kernel<at::CUDAGeneratorImpl*>(at::TensorIteratorBase&, unsigned long, long, at::CUDAGeneratorImpl*)::{lambda()#1}::operator()() const::{lambda()#2}::operator()() const::{lambda(unsigned int)#1}>(at::TensorIteratorBase&, at::CUDAGeneratorImpl*, at::native::templates::cuda::random_from_to_kernel<at::CUDAGeneratorImpl*>(at::TensorIteratorBase&, unsigned long, long, at::CUDAGeneratorImpl*)::{lambda()#1}::operator()() const::{lambda()#2}::operator()() const::{lambda(hiprandStatePhilox4_32_10*)#2} const&, at::native::templates::cuda::random_from_to_kernel<at::CUDAGeneratorImpl*>(at::TensorIteratorBase&, unsigned long, long, at::CUDAGeneratorImpl*)::{lambda()#1}::operator()() const::{lambda()#2}::operator()() const::{lambda(unsigned int)#1})::{lambda(int, unsigned int)#1})
:3:hip_module.cpp           :826 : 1258127797307 us:  hipLaunchKernel: Returned hipSuccess : : duration: 60 us
:3:hip_error.cpp            :34  : 1258127797308 us:  [32m hipGetLastError (  ) [0m
:3:hip_device_runtime.cpp   :773 : 1258127797309 us:  [32m hipSetDevice ( 0 ) [0m
:3:hip_device_runtime.cpp   :778 : 1258127797310 us:  hipSetDevice: Returned hipSuccess : 
:3:hip_device_runtime.cpp   :687 : 1258127797395 us:  [32m hipGetDevice ( 0x7ffe3d562db4 ) [0m
:3:hip_device_runtime.cpp   :699 : 1258127797397 us:  hipGetDevice: Returned hipSuccess : 0
:3:hip_device_runtime.cpp   :687 : 1258127797398 us:  [32m hipGetDevice ( 0x7ffe3d562cb4 ) [0m
:3:hip_device_runtime.cpp   :699 : 1258127797399 us:  hipGetDevice: Returned hipSuccess : 0
:3:hip_device_runtime.cpp   :687 : 1258127797400 us:  [32m hipGetDevice ( 0x7ffe3d5629ac ) [0m
:3:hip_device_runtime.cpp   :699 : 1258127797401 us:  hipGetDevice: Returned hipSuccess : 0
:3:hip_device_runtime.cpp   :773 : 1258127797403 us:  [32m hipSetDevice ( 0 ) [0m
:3:hip_device_runtime.cpp   :778 : 1258127797404 us:  hipSetDevice: Returned hipSuccess : 
:3:hip_device_runtime.cpp   :773 : 1258127797405 us:  [32m hipSetDevice ( 0 ) [0m
:3:hip_device_runtime.cpp   :778 : 1258127797406 us:  hipSetDevice: Returned hipSuccess : 
:3:hip_device_runtime.cpp   :687 : 1258127797416 us:  [32m hipGetDevice ( 0x7ffe3d563014 ) [0m
:3:hip_device_runtime.cpp   :699 : 1258127797417 us:  hipGetDevice: Returned hipSuccess : 0
:3:hip_device_runtime.cpp   :687 : 1258127797426 us:  [32m hipGetDevice ( 0x7ffe3d56272c ) [0m
:3:hip_device_runtime.cpp   :699 : 1258127797427 us:  hipGetDevice: Returned hipSuccess : 0
:3:hip_device_runtime.cpp   :687 : 1258127797428 us:  [32m hipGetDevice ( 0x7ffe3d56276c ) [0m
:3:hip_device_runtime.cpp   :699 : 1258127797429 us:  hipGetDevice: Returned hipSuccess : 0
:3:hip_platform.cpp         :255 : 1258127797431 us:  [32m __hipPushCallConfiguration ( {896,1,1}, {256,1,1}, 0, char array:<null> ) [0m
:3:hip_platform.cpp         :259 : 1258127797432 us:  __hipPushCallConfiguration: Returned hipSuccess : 
:3:hip_platform.cpp         :264 : 1258127797434 us:  [32m __hipPopCallConfiguration ( {3093810672,21862,3093810704}, {1029057808,32766,2659146408}, 0x7ffe3d562990, 0x7ffe3d562980 ) [0m
:3:hip_platform.cpp         :273 : 1258127797435 us:  __hipPopCallConfiguration: Returned hipSuccess : 
:3:hip_module.cpp           :825 : 1258127797437 us:  [32m hipLaunchKernel ( 0x7f60b3e81778, {896,1,1}, {256,1,1}, 0x7ffe3d5629c0, 0, char array:<null> ) [0m
:3:hip_fatbin.cpp           :511 : 1258127797865 us:  Looking up generic name of : amdgcn-amd-amdhsa--gfx950:sramecc+:xnack- - amdgcn-amd-amdhsa--gfx9-4-generic:sramecc+:xnack-
:3:hip_fatbin.cpp           :386 : 1258127799293 us:  Inserting bundle entry of amdgcn-amd-amdhsa--gfx950:sramecc+:xnack- : size: 1477288, data: 0x5566b79f5a00
:3:hip_fatbin.cpp           :537 : 1258127799395 us:  Device name: amdgcn-amd-amdhsa--gfx950:sramecc+:xnack- Generic name: amdgcn-amd-amdhsa--gfx9-4-generic:sramecc+:xnack-
:3:hip_fatbin.cpp           :542 : 1258127799397 us:  Using Native code object: gfx950:sramecc+:xnack-
:3:rocvirtual.cpp           :3501: 1258127802913 us:  ShaderName : void at::native::vectorized_elementwise_kernel<16, at::native::FillFunctor<unsigned char>, std::array<char*, 1ul> >(int, at::native::FillFunctor<unsigned char>, std::array<char*, 1ul>)
:3:hip_module.cpp           :826 : 1258127802943 us:  hipLaunchKernel: Returned hipSuccess : : duration: 5506 us
:3:hip_error.cpp            :34  : 1258127802947 us:  [32m hipGetLastError (  ) [0m
:3:hip_device_runtime.cpp   :773 : 1258127804029 us:  [32m hipSetDevice ( 0 ) [0m
:3:hip_device_runtime.cpp   :778 : 1258127804031 us:  hipSetDevice: Returned hipSuccess : 
:3:hip_device_runtime.cpp   :687 : 1258127804135 us:  [32m hipGetDevice ( 0x7ffe3d562764 ) [0m
:3:hip_device_runtime.cpp   :699 : 1258127804981 us:  hipGetDevice: Returned hipSuccess : 0
:3:hip_device_runtime.cpp   :687 : 1258127804984 us:  [32m hipGetDevice ( 0x7ffe3d562624 ) [0m
:3:hip_device_runtime.cpp   :699 : 1258127804985 us:  hipGetDevice: Returned hipSuccess : 0
:3:hip_device_runtime.cpp   :687 : 1258127804989 us:  [32m hipGetDevice ( 0x7ffe3d56248c ) [0m
:3:hip_device_runtime.cpp   :699 : 1258127804990 us:  hipGetDevice: Returned hipSuccess : 0
:3:hip_device_runtime.cpp   :773 : 1258127804998 us:  [32m hipSetDevice ( 0 ) [0m
:3:hip_device_runtime.cpp   :778 : 1258127806124 us:  hipSetDevice: Returned hipSuccess : 
:3:hip_device_runtime.cpp   :773 : 1258127806126 us:  [32m hipSetDevice ( 0 ) [0m
:3:hip_device_runtime.cpp   :778 : 1258127806127 us:  hipSetDevice: Returned hipSuccess : 
:3:hip_device_runtime.cpp   :687 : 1258127806166 us:  [32m hipGetDevice ( 0x7ffe3d5624e4 ) [0m
:3:hip_device_runtime.cpp   :699 : 1258127807141 us:  hipGetDevice: Returned hipSuccess : 0
:3:hip_device_runtime.cpp   :687 : 1258127807146 us:  [32m hipGetDevice ( 0x7ffe3d561d9c ) [0m
:3:hip_device_runtime.cpp   :699 : 1258127807147 us:  hipGetDevice: Returned hipSuccess : 0
:3:hip_platform.cpp         :255 : 1258127807152 us:  [32m __hipPushCallConfiguration ( {7168,1,1}, {128,1,1}, 0, char array:<null> ) [0m
:3:hip_platform.cpp         :259 : 1258127807153 us:  __hipPushCallConfiguration: Returned hipSuccess : 
:3:hip_platform.cpp         :264 : 1258127807156 us:  [32m __hipPopCallConfiguration ( {1029054608,32766,1029054928}, {0,0,873228112}, 0x7ffe3d561fe0, 0x7ffe3d561fc8 ) [0m
:3:hip_platform.cpp         :273 : 1258127807158 us:  __hipPopCallConfiguration: Returned hipSuccess : 
:3:hip_module.cpp           :825 : 1258127807164 us:  [32m hipLaunchKernel ( 0x7f60b3e7bdb8, {7168,1,1}, {128,1,1}, 0x7ffe3d5622f0, 0, char array:<null> ) [0m
:3:hip_fatbin.cpp           :511 : 1258127808524 us:  Looking up generic name of : amdgcn-amd-amdhsa--gfx950:sramecc+:xnack- - amdgcn-amd-amdhsa--gfx9-4-generic:sramecc+:xnack-
:3:hip_fatbin.cpp           :386 : 1258127812481 us:  Inserting bundle entry of amdgcn-amd-amdhsa--gfx950:sramecc+:xnack- : size: 4568624, data: 0x5566be719aa0
:3:hip_fatbin.cpp           :537 : 1258127812492 us:  Device name: amdgcn-amd-amdhsa--gfx950:sramecc+:xnack- Generic name: amdgcn-amd-amdhsa--gfx9-4-generic:sramecc+:xnack-
:3:hip_fatbin.cpp           :542 : 1258127812494 us:  Using Native code object: gfx950:sramecc+:xnack-
:3:rocvirtual.cpp           :3501: 1258127823295 us:  ShaderName : void at::native::elementwise_kernel_manual_unroll<128, 4, at::native::gpu_kernel_impl<at::native::direct_copy_kernel_cuda(at::TensorIteratorBase&)::{lambda()#3}::operator()() const::{lambda()#5}::operator()() const::{lambda(short)#1}>(at::TensorIteratorBase&, at::native::direct_copy_kernel_cuda(at::TensorIteratorBase&)::{lambda()#3}::operator()() const::{lambda()#5}::operator()() const::{lambda(short)#1} const&)::{lambda(int, bool)#1}>(int, at::native::gpu_kernel_impl<at::native::direct_copy_kernel_cuda(at::TensorIteratorBase&)::{lambda()#3}::operator()() const::{lambda()#5}::operator()() const::{lambda(short)#1}>(at::TensorIteratorBase&, at::native::direct_copy_kernel_cuda(at::TensorIteratorBase&)::{lambda()#3}::operator()() const::{lambda()#5}::operator()() const::{lambda(short)#1} const&)::{lambda(int, bool)#1})
:3:hip_module.cpp           :826 : 1258127823339 us:  hipLaunchKernel: Returned hipSuccess : : duration: 16175 us
:3:hip_error.cpp            :34  : 1258127824293 us:  [32m hipGetLastError (  ) [0m
:3:hip_error.cpp            :34  : 1258127824298 us:  [32m hipGetLastError (  ) [0m
:3:hip_device_runtime.cpp   :773 : 1258127824301 us:  [32m hipSetDevice ( 0 ) [0m
:3:hip_device_runtime.cpp   :778 : 1258127824303 us:  hipSetDevice: Returned hipSuccess : 
:3:hip_device_runtime.cpp   :687 : 1258127824443 us:  [32m hipGetDevice ( 0x7ffe3d562cac ) [0m
:3:hip_device_runtime.cpp   :699 : 1258127825351 us:  hipGetDevice: Returned hipSuccess : 0
:3:hip_device_runtime.cpp   :687 : 1258127825356 us:  [32m hipGetDevice ( 0x7ffe3d562974 ) [0m
:3:hip_device_runtime.cpp   :699 : 1258127825357 us:  hipGetDevice: Returned hipSuccess : 0
:3:hip_device_runtime.cpp   :687 : 1258127825362 us:  [32m hipGetDevice ( 0x7ffe3d56266c ) [0m
:3:hip_device_runtime.cpp   :699 : 1258127825363 us:  hipGetDevice: Returned hipSuccess : 0
:3:hip_device_runtime.cpp   :773 : 1258127825371 us:  [32m hipSetDevice ( 0 ) [0m
:3:hip_device_runtime.cpp   :778 : 1258127826377 us:  hipSetDevice: Returned hipSuccess : 
:3:hip_device_runtime.cpp   :687 : 1258127826394 us:  [32m hipGetDevice ( 0x7ffe3d5628ac ) [0m
:3:hip_device_runtime.cpp   :699 : 1258127826395 us:  hipGetDevice: Returned hipSuccess : 0
:3:hip_device_runtime.cpp   :687 : 1258127827539 us:  [32m hipGetDevice ( 0x7ffe3d5628ec ) [0m
:3:hip_device_runtime.cpp   :699 : 1258127827540 us:  hipGetDevice: Returned hipSuccess : 0
:3:hip_platform.cpp         :255 : 1258127827553 us:  [32m __hipPushCallConfiguration ( {1792,1,1}, {256,1,1}, 0, char array:<null> ) [0m
:3:hip_platform.cpp         :259 : 1258127827554 us:  __hipPushCallConfiguration: Returned hipSuccess : 
:3:hip_platform.cpp         :264 : 1258127827559 us:  [32m __hipPopCallConfiguration ( {1029057552,32766,2675072068}, {0,0,0}, 0x7ffe3d562b28, 0x7ffe3d562b18 ) [0m
:3:hip_platform.cpp         :273 : 1258127827561 us:  __hipPopCallConfiguration: Returned hipSuccess : 
:3:hip_module.cpp           :825 : 1258127828712 us:  [32m hipLaunchKernel ( 0x7f60b3e5f968, {1792,1,1}, {256,1,1}, 0x7ffe3d562b50, 0, char array:<null> ) [0m
:3:hip_fatbin.cpp           :511 : 1258127829117 us:  Looking up generic name of : amdgcn-amd-amdhsa--gfx950:sramecc+:xnack- - amdgcn-amd-amdhsa--gfx9-4-generic:sramecc+:xnack-
:3:hip_fatbin.cpp           :386 : 1258127833962 us:  Inserting bundle entry of amdgcn-amd-amdhsa--gfx950:sramecc+:xnack- : size: 5085848, data: 0x5566bf4aa1d0
:3:hip_fatbin.cpp           :537 : 1258127833974 us:  Device name: amdgcn-amd-amdhsa--gfx950:sramecc+:xnack- Generic name: amdgcn-amd-amdhsa--gfx9-4-generic:sramecc+:xnack-
:3:hip_fatbin.cpp           :542 : 1258127833975 us:  Using Native code object: gfx950:sramecc+:xnack-
:3:rocvirtual.cpp           :3501: 1258127844644 us:  ShaderName : void at::native::vectorized_elementwise_kernel<8, at::native::CUDAFunctorOnSelf_add<short>, std::array<char*, 2ul> >(int, at::native::CUDAFunctorOnSelf_add<short>, std::array<char*, 2ul>)
:3:hip_module.cpp           :826 : 1258127844694 us:  hipLaunchKernel: Returned hipSuccess : : duration: 15982 us
:3:hip_error.cpp            :34  : 1258127845675 us:  [32m hipGetLastError (  ) [0m
:3:hip_device_runtime.cpp   :773 : 1258127845684 us:  [32m hipSetDevice ( 0 ) [0m
:3:hip_device_runtime.cpp   :778 : 1258127845686 us:  hipSetDevice: Returned hipSuccess : 
:3:hip_device_runtime.cpp   :687 : 1258127845780 us:  [32m hipGetDevice ( 0x7ffe3d562764 ) [0m
:3:hip_device_runtime.cpp   :699 : 1258127846642 us:  hipGetDevice: Returned hipSuccess : 0
:3:hip_device_runtime.cpp   :687 : 1258127846648 us:  [32m hipGetDevice ( 0x7ffe3d562624 ) [0m
:3:hip_device_runtime.cpp   :699 : 1258127846649 us:  hipGetDevice: Returned hipSuccess : 0
:3:hip_device_runtime.cpp   :687 : 1258127846655 us:  [32m hipGetDevice ( 0x7ffe3d56248c ) [0m
:3:hip_device_runtime.cpp   :699 : 1258127846656 us:  hipGetDevice: Returned hipSuccess : 0
:3:hip_device_runtime.cpp   :773 : 1258127846667 us:  [32m hipSetDevice ( 0 ) [0m
:3:hip_device_runtime.cpp   :778 : 1258127847553 us:  hipSetDevice: Returned hipSuccess : 
:3:hip_device_runtime.cpp   :773 : 1258127847555 us:  [32m hipSetDevice ( 0 ) [0m
:3:hip_device_runtime.cpp   :778 : 1258127847556 us:  hipSetDevice: Returned hipSuccess : 
:3:hip_device_runtime.cpp   :687 : 1258127847583 us:  [32m hipGetDevice ( 0x7ffe3d5624e4 ) [0m
:3:hip_device_runtime.cpp   :699 : 1258127848648 us:  hipGetDevice: Returned hipSuccess : 0
:3:hip_device_runtime.cpp   :687 : 1258127848653 us:  [32m hipGetDevice ( 0x7ffe3d561dac ) [0m
:3:hip_device_runtime.cpp   :699 : 1258127848656 us:  hipGetDevice: Returned hipSuccess : 0
:3:hip_platform.cpp         :255 : 1258127848663 us:  [32m __hipPushCallConfiguration ( {7168,1,1}, {128,1,1}, 0, char array:<null> ) [0m
:3:hip_platform.cpp         :259 : 1258127848666 us:  __hipPushCallConfiguration: Returned hipSuccess : 
:3:hip_platform.cpp         :264 : 1258127848670 us:  [32m __hipPopCallConfiguration ( {1029054721,32766,1029054608}, {1029054464,32766,873228224}, 0x7ffe3d562010, 0x7ffe3d561fd8 ) [0m
:3:hip_platform.cpp         :273 : 1258127849670 us:  __hipPopCallConfiguration: Returned hipSuccess : 
:3:hip_module.cpp           :825 : 1258127849681 us:  [32m hipLaunchKernel ( 0x7f60b3e7bcb8, {7168,1,1}, {128,1,1}, 0x7ffe3d5622f0, 0, char array:<null> ) [0m
:3:rocvirtual.cpp           :3501: 1258127849697 us:  ShaderName : void at::native::elementwise_kernel_manual_unroll<128, 4, at::native::gpu_kernel_impl<at::native::direct_copy_kernel_cuda(at::TensorIteratorBase&)::{lambda()#3}::operator()() const::{lambda()#1}::operator()() const::{lambda(unsigned char)#1}>(at::TensorIteratorBase&, at::native::direct_copy_kernel_cuda(at::TensorIteratorBase&)::{lambda()#3}::operator()() const::{lambda()#1}::operator()() const::{lambda(unsigned char)#1} const&)::{lambda(int, bool)#1}>(int, at::native::gpu_kernel_impl<at::native::direct_copy_kernel_cuda(at::TensorIteratorBase&)::{lambda()#3}::operator()() const::{lambda()#1}::operator()() const::{lambda(unsigned char)#1}>(at::TensorIteratorBase&, at::native::direct_copy_kernel_cuda(at::TensorIteratorBase&)::{lambda()#3}::operator()() const::{lambda()#1}::operator()() const::{lambda(unsigned char)#1} const&)::{lambda(int, bool)#1})
:3:hip_module.cpp           :826 : 1258127850703 us:  hipLaunchKernel: Returned hipSuccess : : duration: 1022 us
:3:hip_error.cpp            :34  : 1258127851745 us:  [32m hipGetLastError (  ) [0m
:3:hip_error.cpp            :34  : 1258127851746 us:  [32m hipGetLastError (  ) [0m
:3:hip_device_runtime.cpp   :773 : 1258127851748 us:  [32m hipSetDevice ( 0 ) [0m
:3:hip_device_runtime.cpp   :778 : 1258127851749 us:  hipSetDevice: Returned hipSuccess : 
:3:hip_device_runtime.cpp   :687 : 1258127851765 us:  [32m hipGetDevice ( 0x7ffe3d5635d4 ) [0m
:3:hip_device_runtime.cpp   :699 : 1258127852703 us:  hipGetDevice: Returned hipSuccess : 0
:3:hip_device_runtime.cpp   :687 : 1258127852734 us:  [32m hipGetDevice ( 0x7ffe3d562a84 ) [0m
:3:hip_device_runtime.cpp   :699 : 1258127853698 us:  hipGetDevice: Returned hipSuccess : 0
:3:hip_memory.cpp           :1595: 1258127853730 us:  [32m hipMemcpyAsync ( 0x7f1ebf780000, 0x7f1ebfb00000, 3670016, hipMemcpyDeviceToDevice, char array:<null> ) [0m
:3:rocvirtual.cpp           :3501: 1258127854854 us:  ShaderName : __amd_rocclr_copyBuffer
:3:hip_memory.cpp           :1596: 1258127854860 us:  hipMemcpyAsync: Returned hipSuccess : : duration: 1130 us
:3:hip_error.cpp            :34  : 1258127855830 us:  [32m hipGetLastError (  ) [0m
:3:hip_device_runtime.cpp   :773 : 1258127855832 us:  [32m hipSetDevice ( 0 ) [0m
:3:hip_device_runtime.cpp   :778 : 1258127855833 us:  hipSetDevice: Returned hipSuccess : 
:3:hip_device_runtime.cpp   :773 : 1258127855837 us:  [32m hipSetDevice ( 0 ) [0m
:3:hip_device_runtime.cpp   :778 : 1258127855838 us:  hipSetDevice: Returned hipSuccess : 
:3:hip_device_runtime.cpp   :687 : 1258127855982 us:  [32m hipGetDevice ( 0x7ffe3d563584 ) [0m
:3:hip_device_runtime.cpp   :699 : 1258127856853 us:  hipGetDevice: Returned hipSuccess : 0
:3:hip_device_runtime.cpp   :687 : 1258127856886 us:  [32m hipGetDevice ( 0x7ffe3d5627f4 ) [0m
:3:hip_device_runtime.cpp   :699 : 1258127857880 us:  hipGetDevice: Returned hipSuccess : 0
:3:hip_device_runtime.cpp   :687 : 1258127857883 us:  [32m hipGetDevice ( 0x7ffe3d5626f4 ) [0m
:3:hip_device_runtime.cpp   :699 : 1258127857884 us:  hipGetDevice: Returned hipSuccess : 0
:3:hip_device_runtime.cpp   :687 : 1258127857887 us:  [32m hipGetDevice ( 0x7ffe3d5623ec ) [0m
:3:hip_device_runtime.cpp   :699 : 1258127857890 us:  hipGetDevice: Returned hipSuccess : 0
:3:hip_device_runtime.cpp   :773 : 1258127857894 us:  [32m hipSetDevice ( 0 ) [0m
:3:hip_device_runtime.cpp   :778 : 1258127857894 us:  hipSetDevice: Returned hipSuccess : 
:3:hip_device_runtime.cpp   :773 : 1258127857896 us:  [32m hipSetDevice ( 0 ) [0m
:3:hip_device_runtime.cpp   :778 : 1258127857897 us:  hipSetDevice: Returned hipSuccess : 
:3:hip_device_runtime.cpp   :687 : 1258127857904 us:  [32m hipGetDevice ( 0x7ffe3d562774 ) [0m
:3:hip_device_runtime.cpp   :699 : 1258127858830 us:  hipGetDevice: Returned hipSuccess : 0
:3:hip_device_runtime.cpp   :687 : 1258127858833 us:  [32m hipGetDevice ( 0x7ffe3d56203c ) [0m
:3:hip_device_runtime.cpp   :699 : 1258127858834 us:  hipGetDevice: Returned hipSuccess : 0
:3:hip_platform.cpp         :255 : 1258127858836 us:  [32m __hipPushCallConfiguration ( {3584,1,1}, {128,1,1}, 0, char array:<null> ) [0m
:3:hip_platform.cpp         :259 : 1258127858837 us:  __hipPushCallConfiguration: Returned hipSuccess : 
:3:hip_platform.cpp         :264 : 1258127858839 us:  [32m __hipPopCallConfiguration ( {288,0,1029054760}, {1029055264,32766,873556481}, 0x7ffe3d562268, 0x7ffe3d5622b0 ) [0m
:3:hip_platform.cpp         :273 : 1258127858840 us:  __hipPopCallConfiguration: Returned hipSuccess : 
:3:hip_module.cpp           :825 : 1258127858843 us:  [32m hipLaunchKernel ( 0x7f60b3e7bcb0, {3584,1,1}, {128,1,1}, 0x7ffe3d562280, 0, char array:<null> ) [0m
:3:rocvirtual.cpp           :3501: 1258127858856 us:  ShaderName : void at::native::elementwise_kernel_manual_unroll<128, 8, at::native::gpu_kernel_impl_nocast<at::native::direct_copy_kernel_cuda(at::TensorIteratorBase&)::{lambda()#3}::operator()() const::{lambda()#1}::operator()() const::{lambda(unsigned char)#1}>(at::TensorIteratorBase&, at::native::direct_copy_kernel_cuda(at::TensorIteratorBase&)::{lambda()#3}::operator()() const::{lambda()#1}::operator()() const::{lambda(unsigned char)#1} const&)::{lambda(int, bool)#1}>(int, at::native::gpu_kernel_impl_nocast<at::native::direct_copy_kernel_cuda(at::TensorIteratorBase&)::{lambda()#3}::operator()() const::{lambda()#1}::operator()() const::{lambda(unsigned char)#1}>(at::TensorIteratorBase&, at::native::direct_copy_kernel_cuda(at::TensorIteratorBase&)::{lambda()#3}::operator()() const::{lambda()#1}::operator()() const::{lambda(unsigned char)#1} const&)::{lambda(int, bool)#1})
:3:hip_module.cpp           :826 : 1258127859881 us:  hipLaunchKernel: Returned hipSuccess : : duration: 1038 us
:3:hip_error.cpp            :34  : 1258127861045 us:  [32m hipGetLastError (  ) [0m
:3:hip_error.cpp            :34  : 1258127861046 us:  [32m hipGetLastError (  ) [0m
:3:hip_device_runtime.cpp   :773 : 1258127861048 us:  [32m hipSetDevice ( 0 ) [0m
:3:hip_device_runtime.cpp   :778 : 1258127861049 us:  hipSetDevice: Returned hipSuccess : 
:3:hip_device_runtime.cpp   :773 : 1258127861051 us:  [32m hipSetDevice ( 0 ) [0m
:3:hip_device_runtime.cpp   :778 : 1258127861052 us:  hipSetDevice: Returned hipSuccess : 
:3:hip_device_runtime.cpp   :687 : 1258127861063 us:  [32m hipGetDevice ( 0x7ffe3d563584 ) [0m
:3:hip_device_runtime.cpp   :699 : 1258127861065 us:  hipGetDevice: Returned hipSuccess : 0
:3:hip_device_runtime.cpp   :687 : 1258127862061 us:  [32m hipGetDevice ( 0x7ffe3d5627f4 ) [0m
:3:hip_device_runtime.cpp   :699 : 1258127862062 us:  hipGetDevice: Returned hipSuccess : 0
:3:hip_device_runtime.cpp   :687 : 1258127862063 us:  [32m hipGetDevice ( 0x7ffe3d5626f4 ) [0m
:3:hip_device_runtime.cpp   :699 : 1258127862064 us:  hipGetDevice: Returned hipSuccess : 0
:3:hip_device_runtime.cpp   :687 : 1258127862066 us:  [32m hipGetDevice ( 0x7ffe3d5623ec ) [0m
:3:hip_device_runtime.cpp   :699 : 1258127862067 us:  hipGetDevice: Returned hipSuccess : 0
:3:hip_device_runtime.cpp   :773 : 1258127862070 us:  [32m hipSetDevice ( 0 ) [0m
:3:hip_device_runtime.cpp   :778 : 1258127862071 us:  hipSetDevice: Returned hipSuccess : 
:3:hip_device_runtime.cpp   :773 : 1258127862072 us:  [32m hipSetDevice ( 0 ) [0m
:3:hip_device_runtime.cpp   :778 : 1258127862074 us:  hipSetDevice: Returned hipSuccess : 
:3:hip_device_runtime.cpp   :687 : 1258127862076 us:  [32m hipGetDevice ( 0x7ffe3d562774 ) [0m
:3:hip_device_runtime.cpp   :699 : 1258127862077 us:  hipGetDevice: Returned hipSuccess : 0
:3:hip_device_runtime.cpp   :687 : 1258127862078 us:  [32m hipGetDevice ( 0x7ffe3d56203c ) [0m
:3:hip_device_runtime.cpp   :699 : 1258127862079 us:  hipGetDevice: Returned hipSuccess : 0
:3:hip_platform.cpp         :255 : 1258127862081 us:  [32m __hipPushCallConfiguration ( {3584,1,1}, {128,1,1}, 0, char array:<null> ) [0m
:3:hip_platform.cpp         :259 : 1258127862086 us:  __hipPushCallConfiguration: Returned hipSuccess : 
:3:hip_platform.cpp         :264 : 1258127862088 us:  [32m __hipPopCallConfiguration ( {288,1,1029054760}, {1029055264,32766,873556481}, 0x7ffe3d562268, 0x7ffe3d5622b0 ) [0m
:3:hip_platform.cpp         :273 : 1258127863071 us:  __hipPopCallConfiguration: Returned hipSuccess : 
:3:hip_module.cpp           :825 : 1258127863073 us:  [32m hipLaunchKernel ( 0x7f60b3e7bcb0, {3584,1,1}, {128,1,1}, 0x7ffe3d562280, 0, char array:<null> ) [0m
:3:rocvirtual.cpp           :3501: 1258127863078 us:  ShaderName : void at::native::elementwise_kernel_manual_unroll<128, 8, at::native::gpu_kernel_impl_nocast<at::native::direct_copy_kernel_cuda(at::TensorIteratorBase&)::{lambda()#3}::operator()() const::{lambda()#1}::operator()() const::{lambda(unsigned char)#1}>(at::TensorIteratorBase&, at::native::direct_copy_kernel_cuda(at::TensorIteratorBase&)::{lambda()#3}::operator()() const::{lambda()#1}::operator()() const::{lambda(unsigned char)#1} const&)::{lambda(int, bool)#1}>(int, at::native::gpu_kernel_impl_nocast<at::native::direct_copy_kernel_cuda(at::TensorIteratorBase&)::{lambda()#3}::operator()() const::{lambda()#1}::operator()() const::{lambda(unsigned char)#1}>(at::TensorIteratorBase&, at::native::direct_copy_kernel_cuda(at::TensorIteratorBase&)::{lambda()#3}::operator()() const::{lambda()#1}::operator()() const::{lambda(unsigned char)#1} const&)::{lambda(int, bool)#1})
:3:hip_module.cpp           :826 : 1258127863101 us:  hipLaunchKernel: Returned hipSuccess : : duration: 28 us
:3:hip_error.cpp            :34  : 1258127863984 us:  [32m hipGetLastError (  ) [0m
:3:hip_error.cpp            :34  : 1258127863985 us:  [32m hipGetLastError (  ) [0m
:3:hip_device_runtime.cpp   :773 : 1258127863986 us:  [32m hipSetDevice ( 0 ) [0m
:3:hip_device_runtime.cpp   :778 : 1258127863987 us:  hipSetDevice: Returned hipSuccess : 
:3:hip_device_runtime.cpp   :773 : 1258127863988 us:  [32m hipSetDevice ( 0 ) [0m
:3:hip_device_runtime.cpp   :778 : 1258127863989 us:  hipSetDevice: Returned hipSuccess : 
:3:hip_device_runtime.cpp   :687 : 1258127864031 us:  [32m hipGetDevice ( 0x7ffe3d562db4 ) [0m
:3:hip_device_runtime.cpp   :699 : 1258127864886 us:  hipGetDevice: Returned hipSuccess : 0
:3:hip_device_runtime.cpp   :687 : 1258127864887 us:  [32m hipGetDevice ( 0x7ffe3d562cb4 ) [0m
:3:hip_device_runtime.cpp   :699 : 1258127864889 us:  hipGetDevice: Returned hipSuccess : 0
:3:hip_device_runtime.cpp   :687 : 1258127864890 us:  [32m hipGetDevice ( 0x7ffe3d5629ac ) [0m
:3:hip_device_runtime.cpp   :699 : 1258127864891 us:  hipGetDevice: Returned hipSuccess : 0
:3:hip_device_runtime.cpp   :773 : 1258127864893 us:  [32m hipSetDevice ( 0 ) [0m
:3:hip_device_runtime.cpp   :778 : 1258127864894 us:  hipSetDevice: Returned hipSuccess : 
:3:hip_device_runtime.cpp   :773 : 1258127864895 us:  [32m hipSetDevice ( 0 ) [0m
:3:hip_device_runtime.cpp   :778 : 1258127864896 us:  hipSetDevice: Returned hipSuccess : 
:3:hip_device_runtime.cpp   :687 : 1258127864900 us:  [32m hipGetDevice ( 0x7ffe3d563014 ) [0m
:3:hip_device_runtime.cpp   :699 : 1258127864901 us:  hipGetDevice: Returned hipSuccess : 0
:3:hip_device_runtime.cpp   :687 : 1258127864908 us:  [32m hipGetDevice ( 0x7ffe3d56272c ) [0m
:3:hip_device_runtime.cpp   :699 : 1258127865985 us:  hipGetDevice: Returned hipSuccess : 0
:3:hip_device_runtime.cpp   :687 : 1258127865987 us:  [32m hipGetDevice ( 0x7ffe3d56276c ) [0m
:3:hip_device_runtime.cpp   :699 : 1258127865990 us:  hipGetDevice: Returned hipSuccess : 0
:3:hip_platform.cpp         :255 : 1258127865996 us:  [32m __hipPushCallConfiguration ( {7168,1,1}, {256,1,1}, 0, char array:<null> ) [0m
:3:hip_platform.cpp         :259 : 1258127865997 us:  __hipPushCallConfiguration: Returned hipSuccess : 
:3:hip_platform.cpp         :264 : 1258127865999 us:  [32m __hipPopCallConfiguration ( {3182185472,21862,3182185504}, {1029057808,32766,2659146408}, 0x7ffe3d562990, 0x7ffe3d562980 ) [0m
:3:hip_platform.cpp         :273 : 1258127866000 us:  __hipPopCallConfiguration: Returned hipSuccess : 
:3:hip_module.cpp           :825 : 1258127866002 us:  [32m hipLaunchKernel ( 0x7f60b3e81778, {7168,1,1}, {256,1,1}, 0x7ffe3d5629c0, 0, char array:<null> ) [0m
:3:rocvirtual.cpp           :3501: 1258127866008 us:  ShaderName : void at::native::vectorized_elementwise_kernel<16, at::native::FillFunctor<unsigned char>, std::array<char*, 1ul> >(int, at::native::FillFunctor<unsigned char>, std::array<char*, 1ul>)
:3:hip_module.cpp           :826 : 1258127867045 us:  hipLaunchKernel: Returned hipSuccess : : duration: 1043 us
:3:hip_error.cpp            :34  : 1258127867992 us:  [32m hipGetLastError (  ) [0m
:3:hip_device_runtime.cpp   :773 : 1258127867995 us:  [32m hipSetDevice ( 0 ) [0m
:3:hip_device_runtime.cpp   :778 : 1258127867996 us:  hipSetDevice: Returned hipSuccess : 
:3:hip_device_runtime.cpp   :687 : 1258127868004 us:  [32m hipGetDevice ( 0x7ffe3d562764 ) [0m
:3:hip_device_runtime.cpp   :699 : 1258127868005 us:  hipGetDevice: Returned hipSuccess : 0
:3:hip_device_runtime.cpp   :687 : 1258127868006 us:  [32m hipGetDevice ( 0x7ffe3d562624 ) [0m
:3:hip_device_runtime.cpp   :699 : 1258127868007 us:  hipGetDevice: Returned hipSuccess : 0
:3:hip_device_runtime.cpp   :687 : 1258127868009 us:  [32m hipGetDevice ( 0x7ffe3d56248c ) [0m
:3:hip_device_runtime.cpp   :699 : 1258127868010 us:  hipGetDevice: Returned hipSuccess : 0
:3:hip_device_runtime.cpp   :773 : 1258127868012 us:  [32m hipSetDevice ( 0 ) [0m
:3:hip_device_runtime.cpp   :778 : 1258127868013 us:  hipSetDevice: Returned hipSuccess : 
:3:hip_device_runtime.cpp   :773 : 1258127868014 us:  [32m hipSetDevice ( 0 ) [0m
:3:hip_device_runtime.cpp   :778 : 1258127868018 us:  hipSetDevice: Returned hipSuccess : 
:3:hip_device_runtime.cpp   :687 : 1258127868987 us:  [32m hipGetDevice ( 0x7ffe3d5624e4 ) [0m
:3:hip_device_runtime.cpp   :699 : 1258127868988 us:  hipGetDevice: Returned hipSuccess : 0
:3:hip_device_runtime.cpp   :687 : 1258127868990 us:  [32m hipGetDevice ( 0x7ffe3d561d9c ) [0m
:3:hip_device_runtime.cpp   :699 : 1258127868991 us:  hipGetDevice: Returned hipSuccess : 0
:3:hip_platform.cpp         :255 : 1258127868993 us:  [32m __hipPushCallConfiguration ( {57344,1,1}, {128,1,1}, 0, char array:<null> ) [0m
:3:hip_platform.cpp         :259 : 1258127868994 us:  __hipPushCallConfiguration: Returned hipSuccess : 
:3:hip_platform.cpp         :264 : 1258127868996 us:  [32m __hipPopCallConfiguration ( {1029054608,32766,1029054928}, {0,0,873228112}, 0x7ffe3d561fe0, 0x7ffe3d561fc8 ) [0m
:3:hip_platform.cpp         :273 : 1258127868997 us:  __hipPopCallConfiguration: Returned hipSuccess : 
:3:hip_module.cpp           :825 : 1258127868999 us:  [32m hipLaunchKernel ( 0x7f60b3e7bdb8, {57344,1,1}, {128,1,1}, 0x7ffe3d5622f0, 0, char array:<null> ) [0m
:3:rocvirtual.cpp           :3501: 1258127869005 us:  ShaderName : void at::native::elementwise_kernel_manual_unroll<128, 4, at::native::gpu_kernel_impl<at::native::direct_copy_kernel_cuda(at::TensorIteratorBase&)::{lambda()#3}::operator()() const::{lambda()#5}::operator()() const::{lambda(short)#1}>(at::TensorIteratorBase&, at::native::direct_copy_kernel_cuda(at::TensorIteratorBase&)::{lambda()#3}::operator()() const::{lambda()#5}::operator()() const::{lambda(short)#1} const&)::{lambda(int, bool)#1}>(int, at::native::gpu_kernel_impl<at::native::direct_copy_kernel_cuda(at::TensorIteratorBase&)::{lambda()#3}::operator()() const::{lambda()#5}::operator()() const::{lambda(short)#1}>(at::TensorIteratorBase&, at::native::direct_copy_kernel_cuda(at::TensorIteratorBase&)::{lambda()#3}::operator()() const::{lambda()#5}::operator()() const::{lambda(short)#1} const&)::{lambda(int, bool)#1})
:3:hip_module.cpp           :826 : 1258127869061 us:  hipLaunchKernel: Returned hipSuccess : : duration: 62 us
:3:hip_error.cpp            :34  : 1258127870085 us:  [32m hipGetLastError (  ) [0m
:3:hip_error.cpp            :34  : 1258127870086 us:  [32m hipGetLastError (  ) [0m
:3:hip_device_runtime.cpp   :773 : 1258127870087 us:  [32m hipSetDevice ( 0 ) [0m
:3:hip_device_runtime.cpp   :778 : 1258127870088 us:  hipSetDevice: Returned hipSuccess : 
:3:hip_device_runtime.cpp   :687 : 1258127870116 us:  [32m hipGetDevice ( 0x7ffe3d562cac ) [0m
:3:hip_device_runtime.cpp   :699 : 1258127871194 us:  hipGetDevice: Returned hipSuccess : 0
:3:hip_device_runtime.cpp   :687 : 1258127871196 us:  [32m hipGetDevice ( 0x7ffe3d562974 ) [0m
:3:hip_device_runtime.cpp   :699 : 1258127871197 us:  hipGetDevice: Returned hipSuccess : 0
:3:hip_device_runtime.cpp   :687 : 1258127871199 us:  [32m hipGetDevice ( 0x7ffe3d56266c ) [0m
:3:hip_device_runtime.cpp   :699 : 1258127871200 us:  hipGetDevice: Returned hipSuccess : 0
:3:hip_device_runtime.cpp   :773 : 1258127871202 us:  [32m hipSetDevice ( 0 ) [0m
:3:hip_device_runtime.cpp   :778 : 1258127871203 us:  hipSetDevice: Returned hipSuccess : 
:3:hip_device_runtime.cpp   :687 : 1258127871212 us:  [32m hipGetDevice ( 0x7ffe3d5628ac ) [0m
:3:hip_device_runtime.cpp   :699 : 1258127871213 us:  hipGetDevice: Returned hipSuccess : 0
:3:hip_device_runtime.cpp   :687 : 1258127871214 us:  [32m hipGetDevice ( 0x7ffe3d5628ec ) [0m
:3:hip_device_runtime.cpp   :699 : 1258127871216 us:  hipGetDevice: Returned hipSuccess : 0
:3:hip_platform.cpp         :255 : 1258127872227 us:  [32m __hipPushCallConfiguration ( {14336,1,1}, {256,1,1}, 0, char array:<null> ) [0m
:3:hip_platform.cpp         :259 : 1258127872228 us:  __hipPushCallConfiguration: Returned hipSuccess : 
:3:hip_platform.cpp         :264 : 1258127872230 us:  [32m __hipPopCallConfiguration ( {1029057552,32766,2675072068}, {0,0,0}, 0x7ffe3d562b28, 0x7ffe3d562b18 ) [0m
:3:hip_platform.cpp         :273 : 1258127872231 us:  __hipPopCallConfiguration: Returned hipSuccess : 
:3:hip_module.cpp           :825 : 1258127872233 us:  [32m hipLaunchKernel ( 0x7f60b3e5f968, {14336,1,1}, {256,1,1}, 0x7ffe3d562b50, 0, char array:<null> ) [0m
:3:rocvirtual.cpp           :3501: 1258127872237 us:  ShaderName : void at::native::vectorized_elementwise_kernel<8, at::native::CUDAFunctorOnSelf_add<short>, std::array<char*, 2ul> >(int, at::native::CUDAFunctorOnSelf_add<short>, std::array<char*, 2ul>)
:3:hip_module.cpp           :826 : 1258127872271 us:  hipLaunchKernel: Returned hipSuccess : : duration: 38 us
:3:hip_error.cpp            :34  : 1258127873280 us:  [32m hipGetLastError (  ) [0m
:3:hip_device_runtime.cpp   :773 : 1258127873282 us:  [32m hipSetDevice ( 0 ) [0m
:3:hip_device_runtime.cpp   :778 : 1258127873284 us:  hipSetDevice: Returned hipSuccess : 
:3:hip_device_runtime.cpp   :687 : 1258127873289 us:  [32m hipGetDevice ( 0x7ffe3d562764 ) [0m
:3:hip_device_runtime.cpp   :699 : 1258127873290 us:  hipGetDevice: Returned hipSuccess : 0
:3:hip_device_runtime.cpp   :687 : 1258127873291 us:  [32m hipGetDevice ( 0x7ffe3d562624 ) [0m
:3:hip_device_runtime.cpp   :699 : 1258127873292 us:  hipGetDevice: Returned hipSuccess : 0
:3:hip_device_runtime.cpp   :687 : 1258127873293 us:  [32m hipGetDevice ( 0x7ffe3d56248c ) [0m
:3:hip_device_runtime.cpp   :699 : 1258127873294 us:  hipGetDevice: Returned hipSuccess : 0
:3:hip_device_runtime.cpp   :773 : 1258127873297 us:  [32m hipSetDevice ( 0 ) [0m
:3:hip_device_runtime.cpp   :778 : 1258127873298 us:  hipSetDevice: Returned hipSuccess : 
:3:hip_device_runtime.cpp   :773 : 1258127873299 us:  [32m hipSetDevice ( 0 ) [0m
:3:hip_device_runtime.cpp   :778 : 1258127873300 us:  hipSetDevice: Returned hipSuccess : 
:3:hip_device_runtime.cpp   :687 : 1258127873302 us:  [32m hipGetDevice ( 0x7ffe3d5624e4 ) [0m
:3:hip_device_runtime.cpp   :699 : 1258127873307 us:  hipGetDevice: Returned hipSuccess : 0
:3:hip_device_runtime.cpp   :687 : 1258127873308 us:  [32m hipGetDevice ( 0x7ffe3d561dac ) [0m
:3:hip_device_runtime.cpp   :699 : 1258127873310 us:  hipGetDevice: Returned hipSuccess : 0
:3:hip_platform.cpp         :255 : 1258127873312 us:  [32m __hipPushCallConfiguration ( {57344,1,1}, {128,1,1}, 0, char array:<null> ) [0m
:3:hip_platform.cpp         :259 : 1258127873312 us:  __hipPushCallConfiguration: Returned hipSuccess : 
:3:hip_platform.cpp         :264 : 1258127873314 us:  [32m __hipPopCallConfiguration ( {1029054721,32766,1029054608}, {1029054464,32766,873228224}, 0x7ffe3d562010, 0x7ffe3d561fd8 ) [0m
:3:hip_platform.cpp         :273 : 1258127873315 us:  __hipPopCallConfiguration: Returned hipSuccess : 
:3:hip_module.cpp           :825 : 1258127873318 us:  [32m hipLaunchKernel ( 0x7f60b3e7bcb8, {57344,1,1}, {128,1,1}, 0x7ffe3d5622f0, 0, char array:<null> ) [0m
:3:rocvirtual.cpp           :3501: 1258127873321 us:  ShaderName : void at::native::elementwise_kernel_manual_unroll<128, 4, at::native::gpu_kernel_impl<at::native::direct_copy_kernel_cuda(at::TensorIteratorBase&)::{lambda()#3}::operator()() const::{lambda()#1}::operator()() const::{lambda(unsigned char)#1}>(at::TensorIteratorBase&, at::native::direct_copy_kernel_cuda(at::TensorIteratorBase&)::{lambda()#3}::operator()() const::{lambda()#1}::operator()() const::{lambda(unsigned char)#1} const&)::{lambda(int, bool)#1}>(int, at::native::gpu_kernel_impl<at::native::direct_copy_kernel_cuda(at::TensorIteratorBase&)::{lambda()#3}::operator()() const::{lambda()#1}::operator()() const::{lambda(unsigned char)#1}>(at::TensorIteratorBase&, at::native::direct_copy_kernel_cuda(at::TensorIteratorBase&)::{lambda()#3}::operator()() const::{lambda()#1}::operator()() const::{lambda(unsigned char)#1} const&)::{lambda(int, bool)#1})
:3:hip_module.cpp           :826 : 1258127873373 us:  hipLaunchKernel: Returned hipSuccess : : duration: 55 us
:3:hip_error.cpp            :34  : 1258127873374 us:  [32m hipGetLastError (  ) [0m
:3:hip_error.cpp            :34  : 1258127873375 us:  [32m hipGetLastError (  ) [0m
:3:hip_device_runtime.cpp   :773 : 1258127873376 us:  [32m hipSetDevice ( 0 ) [0m
:3:hip_device_runtime.cpp   :778 : 1258127873377 us:  hipSetDevice: Returned hipSuccess : 
:3:hip_device_runtime.cpp   :687 : 1258127873380 us:  [32m hipGetDevice ( 0x7ffe3d5635d4 ) [0m
:3:hip_device_runtime.cpp   :699 : 1258127873381 us:  hipGetDevice: Returned hipSuccess : 0
:3:hip_device_runtime.cpp   :687 : 1258127873384 us:  [32m hipGetDevice ( 0x7ffe3d562a84 ) [0m
:3:hip_device_runtime.cpp   :699 : 1258127873385 us:  hipGetDevice: Returned hipSuccess : 0
:3:hip_memory.cpp           :1595: 1258127873387 us:  [32m hipMemcpyAsync ( 0x7f1edb800000, 0x7f1edd400000, 29360128, hipMemcpyDeviceToDevice, char array:<null> ) [0m
:3:rocvirtual.cpp           :3501: 1258127873390 us:  ShaderName : __amd_rocclr_copyBuffer
:3:hip_memory.cpp           :1596: 1258127873393 us:  hipMemcpyAsync: Returned hipSuccess : : duration: 6 us
:3:hip_error.cpp            :34  : 1258127873394 us:  [32m hipGetLastError (  ) [0m
:3:hip_device_runtime.cpp   :773 : 1258127873395 us:  [32m hipSetDevice ( 0 ) [0m
:3:hip_device_runtime.cpp   :778 : 1258127873396 us:  hipSetDevice: Returned hipSuccess : 
:3:hip_device_runtime.cpp   :773 : 1258127873397 us:  [32m hipSetDevice ( 0 ) [0m
:3:hip_device_runtime.cpp   :778 : 1258127873398 us:  hipSetDevice: Returned hipSuccess : 
:3:hip_device_runtime.cpp   :687 : 1258127873405 us:  [32m hipGetDevice ( 0x7ffe3d563584 ) [0m
:3:hip_device_runtime.cpp   :699 : 1258127873406 us:  hipGetDevice: Returned hipSuccess : 0
:3:hip_device_runtime.cpp   :687 : 1258127873408 us:  [32m hipGetDevice ( 0x7ffe3d5627f4 ) [0m
:3:hip_device_runtime.cpp   :699 : 1258127873409 us:  hipGetDevice: Returned hipSuccess : 0
:3:hip_device_runtime.cpp   :687 : 1258127873410 us:  [32m hipGetDevice ( 0x7ffe3d5626f4 ) [0m
:3:hip_device_runtime.cpp   :699 : 1258127873411 us:  hipGetDevice: Returned hipSuccess : 0
:3:hip_device_runtime.cpp   :687 : 1258127873414 us:  [32m hipGetDevice ( 0x7ffe3d5623ec ) [0m
:3:hip_device_runtime.cpp   :699 : 1258127873414 us:  hipGetDevice: Returned hipSuccess : 0
:3:hip_device_runtime.cpp   :773 : 1258127873416 us:  [32m hipSetDevice ( 0 ) [0m
:3:hip_device_runtime.cpp   :778 : 1258127873417 us:  hipSetDevice: Returned hipSuccess : 
:3:hip_device_runtime.cpp   :773 : 1258127873418 us:  [32m hipSetDevice ( 0 ) [0m
:3:hip_device_runtime.cpp   :778 : 1258127873419 us:  hipSetDevice: Returned hipSuccess : 
:3:hip_device_runtime.cpp   :687 : 1258127873421 us:  [32m hipGetDevice ( 0x7ffe3d562774 ) [0m
:3:hip_device_runtime.cpp   :699 : 1258127873422 us:  hipGetDevice: Returned hipSuccess : 0
:3:hip_device_runtime.cpp   :687 : 1258127873423 us:  [32m hipGetDevice ( 0x7ffe3d56203c ) [0m
:3:hip_device_runtime.cpp   :699 : 1258127873424 us:  hipGetDevice: Returned hipSuccess : 0
:3:hip_platform.cpp         :255 : 1258127873426 us:  [32m __hipPushCallConfiguration ( {28672,1,1}, {128,1,1}, 0, char array:<null> ) [0m
:3:hip_platform.cpp         :259 : 1258127873427 us:  __hipPushCallConfiguration: Returned hipSuccess : 
:3:hip_platform.cpp         :264 : 1258127873428 us:  [32m __hipPopCallConfiguration ( {288,0,1029054760}, {1029055264,32766,873556481}, 0x7ffe3d562268, 0x7ffe3d5622b0 ) [0m
:3:hip_platform.cpp         :273 : 1258127873429 us:  __hipPopCallConfiguration: Returned hipSuccess : 
:3:hip_module.cpp           :825 : 1258127873431 us:  [32m hipLaunchKernel ( 0x7f60b3e7bcb0, {28672,1,1}, {128,1,1}, 0x7ffe3d562280, 0, char array:<null> ) [0m
:3:rocvirtual.cpp           :3501: 1258127873436 us:  ShaderName : void at::native::elementwise_kernel_manual_unroll<128, 8, at::native::gpu_kernel_impl_nocast<at::native::direct_copy_kernel_cuda(at::TensorIteratorBase&)::{lambda()#3}::operator()() const::{lambda()#1}::operator()() const::{lambda(unsigned char)#1}>(at::TensorIteratorBase&, at::native::direct_copy_kernel_cuda(at::TensorIteratorBase&)::{lambda()#3}::operator()() const::{lambda()#1}::operator()() const::{lambda(unsigned char)#1} const&)::{lambda(int, bool)#1}>(int, at::native::gpu_kernel_impl_nocast<at::native::direct_copy_kernel_cuda(at::TensorIteratorBase&)::{lambda()#3}::operator()() const::{lambda()#1}::operator()() const::{lambda(unsigned char)#1}>(at::TensorIteratorBase&, at::native::direct_copy_kernel_cuda(at::TensorIteratorBase&)::{lambda()#3}::operator()() const::{lambda()#1}::operator()() const::{lambda(unsigned char)#1} const&)::{lambda(int, bool)#1})
:3:hip_module.cpp           :826 : 1258127873508 us:  hipLaunchKernel: Returned hipSuccess : : duration: 77 us
:3:hip_error.cpp            :34  : 1258127873509 us:  [32m hipGetLastError (  ) [0m
:3:hip_error.cpp            :34  : 1258127873509 us:  [32m hipGetLastError (  ) [0m
:3:hip_device_runtime.cpp   :773 : 1258127873510 us:  [32m hipSetDevice ( 0 ) [0m
:3:hip_device_runtime.cpp   :778 : 1258127873511 us:  hipSetDevice: Returned hipSuccess : 
:3:hip_device_runtime.cpp   :773 : 1258127873513 us:  [32m hipSetDevice ( 0 ) [0m
:3:hip_device_runtime.cpp   :778 : 1258127873513 us:  hipSetDevice: Returned hipSuccess : 
:3:hip_device_runtime.cpp   :687 : 1258127873518 us:  [32m hipGetDevice ( 0x7ffe3d563584 ) [0m
:3:hip_device_runtime.cpp   :699 : 1258127873519 us:  hipGetDevice: Returned hipSuccess : 0
:3:hip_device_runtime.cpp   :687 : 1258127873520 us:  [32m hipGetDevice ( 0x7ffe3d5627f4 ) [0m
:3:hip_device_runtime.cpp   :699 : 1258127873521 us:  hipGetDevice: Returned hipSuccess : 0
:3:hip_device_runtime.cpp   :687 : 1258127873522 us:  [32m hipGetDevice ( 0x7ffe3d5626f4 ) [0m
:3:hip_device_runtime.cpp   :699 : 1258127873523 us:  hipGetDevice: Returned hipSuccess : 0
:3:hip_device_runtime.cpp   :687 : 1258127873524 us:  [32m hipGetDevice ( 0x7ffe3d5623ec ) [0m
:3:hip_device_runtime.cpp   :699 : 1258127873525 us:  hipGetDevice: Returned hipSuccess : 0
:3:hip_device_runtime.cpp   :773 : 1258127873527 us:  [32m hipSetDevice ( 0 ) [0m
:3:hip_device_runtime.cpp   :778 : 1258127873528 us:  hipSetDevice: Returned hipSuccess : 
:3:hip_device_runtime.cpp   :773 : 1258127873530 us:  [32m hipSetDevice ( 0 ) [0m
:3:hip_device_runtime.cpp   :778 : 1258127873531 us:  hipSetDevice: Returned hipSuccess : 
:3:hip_device_runtime.cpp   :687 : 1258127873532 us:  [32m hipGetDevice ( 0x7ffe3d562774 ) [0m
:3:hip_device_runtime.cpp   :699 : 1258127873533 us:  hipGetDevice: Returned hipSuccess : 0
:3:hip_device_runtime.cpp   :687 : 1258127873534 us:  [32m hipGetDevice ( 0x7ffe3d56203c ) [0m
:3:hip_device_runtime.cpp   :699 : 1258127873535 us:  hipGetDevice: Returned hipSuccess : 0
:3:hip_platform.cpp         :255 : 1258127873537 us:  [32m __hipPushCallConfiguration ( {28672,1,1}, {128,1,1}, 0, char array:<null> ) [0m
:3:hip_platform.cpp         :259 : 1258127873538 us:  __hipPushCallConfiguration: Returned hipSuccess : 
:3:hip_platform.cpp         :264 : 1258127873539 us:  [32m __hipPopCallConfiguration ( {288,1,1029054760}, {1029055264,32766,873556481}, 0x7ffe3d562268, 0x7ffe3d5622b0 ) [0m
:3:hip_platform.cpp         :273 : 1258127873540 us:  __hipPopCallConfiguration: Returned hipSuccess : 
:3:hip_module.cpp           :825 : 1258127873542 us:  [32m hipLaunchKernel ( 0x7f60b3e7bcb0, {28672,1,1}, {128,1,1}, 0x7ffe3d562280, 0, char array:<null> ) [0m
:3:rocvirtual.cpp           :3501: 1258127873546 us:  ShaderName : void at::native::elementwise_kernel_manual_unroll<128, 8, at::native::gpu_kernel_impl_nocast<at::native::direct_copy_kernel_cuda(at::TensorIteratorBase&)::{lambda()#3}::operator()() const::{lambda()#1}::operator()() const::{lambda(unsigned char)#1}>(at::TensorIteratorBase&, at::native::direct_copy_kernel_cuda(at::TensorIteratorBase&)::{lambda()#3}::operator()() const::{lambda()#1}::operator()() const::{lambda(unsigned char)#1} const&)::{lambda(int, bool)#1}>(int, at::native::gpu_kernel_impl_nocast<at::native::direct_copy_kernel_cuda(at::TensorIteratorBase&)::{lambda()#3}::operator()() const::{lambda()#1}::operator()() const::{lambda(unsigned char)#1}>(at::TensorIteratorBase&, at::native::direct_copy_kernel_cuda(at::TensorIteratorBase&)::{lambda()#3}::operator()() const::{lambda()#1}::operator()() const::{lambda(unsigned char)#1} const&)::{lambda(int, bool)#1})
:3:hip_module.cpp           :826 : 1258127873590 us:  hipLaunchKernel: Returned hipSuccess : : duration: 48 us
:3:hip_error.cpp            :34  : 1258127873591 us:  [32m hipGetLastError (  ) [0m
:3:hip_error.cpp            :34  : 1258127873592 us:  [32m hipGetLastError (  ) [0m
:3:hip_device_runtime.cpp   :773 : 1258127873593 us:  [32m hipSetDevice ( 0 ) [0m
:3:hip_device_runtime.cpp   :778 : 1258127873594 us:  hipSetDevice: Returned hipSuccess : 
:3:hip_device_runtime.cpp   :773 : 1258127873595 us:  [32m hipSetDevice ( 0 ) [0m
:3:hip_device_runtime.cpp   :778 : 1258127873596 us:  hipSetDevice: Returned hipSuccess : 
:3:hip_device_runtime.cpp   :687 : 1258127873640 us:  [32m hipGetDevice ( 0x7ffe3d563024 ) [0m
:3:hip_device_runtime.cpp   :699 : 1258127873641 us:  hipGetDevice: Returned hipSuccess : 0
:3:hip_device_runtime.cpp   :687 : 1258127873642 us:  [32m hipGetDevice ( 0x7ffe3d562f24 ) [0m
:3:hip_device_runtime.cpp   :699 : 1258127873643 us:  hipGetDevice: Returned hipSuccess : 0
:3:hip_device_runtime.cpp   :687 : 1258127873644 us:  [32m hipGetDevice ( 0x7ffe3d562c0c ) [0m
:3:hip_device_runtime.cpp   :699 : 1258127873645 us:  hipGetDevice: Returned hipSuccess : 0
:3:hip_device_runtime.cpp   :773 : 1258127873647 us:  [32m hipSetDevice ( 0 ) [0m
:3:hip_device_runtime.cpp   :778 : 1258127873648 us:  hipSetDevice: Returned hipSuccess : 
:3:hip_device_runtime.cpp   :773 : 1258127873649 us:  [32m hipSetDevice ( 0 ) [0m
:3:hip_device_runtime.cpp   :778 : 1258127873650 us:  hipSetDevice: Returned hipSuccess : 
:3:hip_device_runtime.cpp   :687 : 1258127873661 us:  [32m hipGetDevice ( 0x7ffe3d563234 ) [0m
:3:hip_device_runtime.cpp   :699 : 1258127873662 us:  hipGetDevice: Returned hipSuccess : 0
:3:hip_device_runtime.cpp   :687 : 1258127873663 us:  [32m hipGetDevice ( 0x7ffe3d5630c4 ) [0m
:3:hip_device_runtime.cpp   :699 : 1258127873664 us:  hipGetDevice: Returned hipSuccess : 0
:3:hip_device_runtime.cpp   :687 : 1258127873676 us:  [32m hipGetDevice ( 0x7ffe3d5627dc ) [0m
:3:hip_device_runtime.cpp   :699 : 1258127873677 us:  hipGetDevice: Returned hipSuccess : 0
:3:hip_device_runtime.cpp   :687 : 1258127873678 us:  [32m hipGetDevice ( 0x7ffe3d56281c ) [0m
:3:hip_device_runtime.cpp   :699 : 1258127873679 us:  hipGetDevice: Returned hipSuccess : 0
:3:hip_platform.cpp         :255 : 1258127873681 us:  [32m __hipPushCallConfiguration ( {65536,1,1}, {256,1,1}, 0, char array:<null> ) [0m
:3:hip_platform.cpp         :259 : 1258127873682 us:  __hipPushCallConfiguration: Returned hipSuccess : 
:3:hip_platform.cpp         :264 : 1258127873684 us:  [32m __hipPopCallConfiguration ( {3182211904,21862,3182211936}, {1029057072,32766,0}, 0x7ffe3d562a48, 0x7ffe3d562a38 ) [0m
:3:hip_platform.cpp         :273 : 1258127873685 us:  __hipPopCallConfiguration: Returned hipSuccess : 
:3:hip_module.cpp           :825 : 1258127873687 us:  [32m hipLaunchKernel ( 0x7f60b3e81a80, {65536,1,1}, {256,1,1}, 0x7ffe3d562a70, 0, char array:<null> ) [0m
:3:rocvirtual.cpp           :3501: 1258127873697 us:  ShaderName : void at::native::vectorized_elementwise_kernel<8, at::native::FillFunctor<c10::BFloat16>, std::array<char*, 1ul> >(int, at::native::FillFunctor<c10::BFloat16>, std::array<char*, 1ul>)
:3:hip_module.cpp           :826 : 1258127873746 us:  hipLaunchKernel: Returned hipSuccess : : duration: 59 us
:3:hip_error.cpp            :34  : 1258127873747 us:  [32m hipGetLastError (  ) [0m
:3:hip_device_runtime.cpp   :773 : 1258127873748 us:  [32m hipSetDevice ( 0 ) [0m
:3:hip_device_runtime.cpp   :778 : 1258127873749 us:  hipSetDevice: Returned hipSuccess : 
:3:hip_device_runtime.cpp   :773 : 1258127873750 us:  [32m hipSetDevice ( 0 ) [0m
:3:hip_device_runtime.cpp   :778 : 1258127873751 us:  hipSetDevice: Returned hipSuccess : 
R44_OPT_C_repro: tensors built; calling gemm_rcr...
:3:hip_platform.cpp         :255 : 1258127873825 us:  [32m __hipPushCallConfiguration ( {2048,1,1}, {256,1,1}, 0, char array:<null> ) [0m
:3:hip_platform.cpp         :259 : 1258127873826 us:  __hipPushCallConfiguration: Returned hipSuccess : 
:3:hip_platform.cpp         :264 : 1258127873828 us:  [32m __hipPopCallConfiguration ( {1029059800,32766,1029059768}, {2416246062,32607,1029059808}, 0x7ffe3d563460, 0x7ffe3d563458 ) [0m
:3:hip_platform.cpp         :273 : 1258127873829 us:  __hipPopCallConfiguration: Returned hipSuccess : 
:3:hip_module.cpp           :825 : 1258127873831 us:  [32m hipLaunchKernel ( 0x7f5f90068780, {2048,1,1}, {256,1,1}, 0x7ffe3d563450, 0, char array:<null> ) [0m
:3:hip_fatbin.cpp           :511 : 1258127873995 us:  Looking up generic name of : amdgcn-amd-amdhsa--gfx950:sramecc+:xnack- - amdgcn-amd-amdhsa--gfx9-4-generic:sramecc+:xnack-
:3:hip_fatbin.cpp           :537 : 1258127874010 us:  Device name: amdgcn-amd-amdhsa--gfx950:sramecc+:xnack- Generic name: amdgcn-amd-amdhsa--gfx9-4-generic:sramecc+:xnack-
:3:hip_fatbin.cpp           :542 : 1258127874011 us:  Using Native code object: gfx950:sramecc+:xnack-
:3:rocvirtual.cpp           :3501: 1258127874499 us:  ShaderName : mxfp4_gluon_cpp_kernel(gluon_globals)
GPU core dump created: gpucore.1867182
VGPU(0x5566b4f43290) Queue(0x7f5f8a248000) is idle
:0:rocdevice.cpp            :3580: 1258163476785 us:  Callback: Queue 0x7f56e5a00000 aborting with error : HSA_STATUS_ERROR_MEMORY_APERTURE_VIOLATION: The agent attempted to access memory beyond the largest legal address. code: 0x29
timeout: the monitored command dumped core
